# hand_links.csv - the category vocabulary and the relation edges, authored.
#
# ⚠️ THE FOURTH HAND FILE, and the DURABLE source for library_categories and library_relations.
#    Everything else in the catalog is replayed from a hand file on every build, and an edge
#    stored only in recipes.db would be orphaned by the next fold with nothing to notice.
#
# ⚠️ THIS TABLE HOLDS ONLY FILTER CATEGORIES, terms that are NOT catalog rows. A kind_of parent
#    IS a catalog row and needs no entry here, so a kind_of edge points at a library_id and an
#    in_category edge points at a slug below. 'Is X a kind_of parent' is derived, not stored.
#
# ⚠️ FORMS INHERIT. garlic powder is made_from garlic, which is an allium, so it reaches the
#    category through its parent. A direct edge would be the almond-flour error one layer up.
#
# Spec: previews/category-vocabulary-final.md
#
# --- section: categories ---
category_id,name,parent_slug,note
alcohol,alcohol,,
allium,allium,,"NEW this pass. 9 direct members, 204 recipe lines. Its members were misfiled under 'root vegetable'."
bean,bean,,
berry-juice,berry juice,,
black-tea,black tea,,
blue-cheese,blue cheese,,
brandy,brandy,,
bread,bread,,
cereal,cereal,,
cereal-flakes,cereal flakes,,
cheese,cheese,,
chickpea,chickpea,,
chili-pepper,chili pepper,,promoted from kind_of parent to filter category. A cook browses chilies.
chocolate,chocolate,,
chutney,chutney,,
citrus-fruit,citrus fruit,,'Citrus' and 'citrus fruit' were the same category twice and are merged here.
cocoa,cocoa,,
common-bean,common bean,,
condiment,condiment,,
cooking-oil,cooking oil,,
cow-s-milk-cheese,cow s milk cheese,,
dairy,dairy,,
dairy-product,dairy product,,
dark-chocolate,dark chocolate,,
essential-oil,essential oil,,
fish,fish,,
fish-sauce,fish sauce,,
fortified-wine,fortified wine,,
fresh-cheese,fresh cheese,,
fruit,fruit,,
fruit-jam,fruit jam,,
fruit-juice,fruit juice,,
fruit-preserves,fruit preserves,,
fruit-syrup,fruit syrup,,
glucose-syrup,glucose syrup,,
goat-cheese,goat cheese,,
green-tea,green tea,,
herb,herb,,"cilantro, parsley, basil, rosemary, chives and oregano were re-pointed here off 'spice'."
hot-sauce,hot sauce,,
jam,jam,,
juice,juice,,
leaf-vegetable,leaf vegetable,,
lentil,lentil,,
lentils,lentils,,
liqueur,liqueur,,
mayonnaise,mayonnaise,,
meat,meat,,
milk-chocolate,milk chocolate,,
mixed-spices,mixed spices,,
molasses,molasses,,
mushroom,mushroom,,
mustard,mustard,,
noodle,noodle,,
nut,nut,,
pasta,pasta,,
pickle,pickle,,
plant-milk,plant milk,,
root-vegetable,root vegetable,,cleaned. 86% of its recipe weight was misfiled aromatics.
sambal,sambal,,
sauce,sauce,,
seafood,seafood,,
seed,seed,,
seed-oil,seed oil,,
sheep-milk-cheese,sheep milk cheese,,
soft-cheese,soft cheese,,
soy-sauce,soy sauce,,
spice,spice,,
spice-mix,spice mix,,
starch,starch,,
stuffed-pasta,stuffed pasta,,
sweetener,sweetener,,
syrup,syrup,,
tea,tea,,
tomato-sauce,tomato sauce,,
tree-nut,tree nut,,
vegetable,vegetable,,'fruit vegetable' was retired and its members land here.
vegetable-juice,vegetable juice,,
vegetable-oil,vegetable oil,,
white-wine,white wine,,
wine,wine,,

legume,legume,,"⚠️ NAMED 'legume', NOT 'pulse'. The sources say pulse, which is technical and British. A US cook says legumes, and the cook's name wins. 20 children, 10 recipe lines. 'bean' nests under it."
poultry,poultry,meat,"13 children, 4 recipe lines. Core: chicken, goose, guinea hen, pheasant. ⚠️ Thin, and the children carry noise (poultry liver, skin, protein, broth are parts, not birds)."

# --- section: relations ---
child,parent,kind,source,confidence,note
Q4116639,Q11254,kind_of,wikidata,high,
Q95388739,Q36465,kind_of,wikidata,high,
Q93165,vegetable-oil,in_category,wikidata,picked,READ+KEPT: correct.
Q57312618,Q34172,kind_of,wikidata,high,
Q14789810,Q93165,kind_of,wikidata,high,
Q4409456,sugar,kind_of,off,high,
Q65523167,herb,in_category,read,read,"RE-POINTED: the fresh leaf. A cook shelves it with herbs, not spices. Same shape as kosher-salt: taxonomically"
en:vanilla-extract,Q13241,kind_of,off,high,
Q774278,vegetable,in_category,wikidata,high,
Q1375049,Q1093742,kind_of,off,high,READ+KEPT: correct.
Q22915010,spice,in_category,wikidata,high,
Q4739805,cooking-oil,in_category,wikidata,high,
Q3393961,starch,in_category,wikidata,high,
Q282694,Q11254,kind_of,wikidata,picked,
Q5361217,fruit-juice,in_category,off,high,
Q30038889,spice,in_category,wikidata,high,
Q229385,sauce,in_category,wikidata,high,
en:cumin,seed,in_category,off,high,
Q20730193,spice,in_category,wikidata,high,
Q11190742,sugar,kind_of,off,high,
Q8484030,soy-sauce,in_category,wikidata,high,
Q16641308,chili-pepper,in_category,wikidata,high,
Q212317,vegetable-oil,in_category,wikidata,picked,
Q744814,Q3143131,kind_of,wikidata,picked,
Q2370943,spice,in_category,wikidata,picked,"READ+KEPT: correct. Used dried and whole, and it lives on the spice shelf."
Q65522500,herb,in_category,read,read,"RE-POINTED: an herb, not a leaf vegetable. Nobody eats a bowl of parsley."
Q1072946,chili-pepper,in_category,off,high,
Q8495,dairy,in_category,off,high,
Q34172,dairy-product,in_category,wikidata,picked,READ+KEPT: correct.
Q81,en:taproot-vegetable,kind_of,off,high,READ+KEPT: correct.
pepper,seed,in_category,off,high,
Q8529545,soy-sauce,in_category,wikidata,high,
Q780827,sauce,in_category,wikidata,high,
Q12000036,seed,in_category,read,read,RE-POINTED: it is a seed. It was filed under spice.
Q3374445,Q8495,kind_of,wikidata,high,
Q8051898,Q3406628,kind_of,wikidata,high,
Q6598,chili-pepper,in_category,wikidata,high,
Q10987,syrup,in_category,wikidata,high,
Q20638126,vegetable,in_category,wikidata,picked,
Q1963621,chili-pepper,in_category,off,high,
Q20856764,spice,in_category,wikidata,picked,READ+KEPT: correct. Cilantro is the herb and coriander seed is the spice. The pair is right.
Q545985,sauce,in_category,wikidata,high,
heavy-cream,Q13228,kind_of,prose,authored,
Q10716334,Q21546392,kind_of,off,high,
Q622350,Q3406628,kind_of,wikidata,high,
Q7405972,condiment,in_category,wikidata,high,
Q383389,Q5726634,kind_of,wikidata,high,
Q2607161,meat,in_category,wikidata,high,
Q28165,spice,in_category,wikidata,high,
Q1062396,cocoa,in_category,off,high,
Q2735883,vegetable,in_category,wikidata,picked,
Q1499073,Q5726634,kind_of,wikidata,high,
Q155922,dairy-product,in_category,wikidata,picked,
Q65522654,herb,in_category,read,read,"RE-POINTED: fresh leaf, an herb."
en:chicken-broth,Q275068,kind_of,possible_parent,authored,
Q426337,cow-s-milk-cheese,in_category,wikidata,picked,
en:firm-tofu,Q177378,kind_of,off,high,
Q3127593,spice,in_category,wikidata,high,
Q36814998,leaf-vegetable,in_category,wikidata,picked,
Q64760509,chocolate,in_category,wikidata,high,
Q181409,egg,kind_of,off,high,
Q54962305,Q13400960,kind_of,wikidata,picked,
nutmeg,spice,in_category,off,high,
Q106446932,Q1548030,kind_of,wikidata,high,
Q148306,mixed-spices,in_category,off,picked,
Q16530385,spice,in_category,wikidata,high,
Q961769,Q844144,kind_of,wikidata,high,
Q110495184,Q3143131,kind_of,wikidata,high,
Q102354615,meat,in_category,wikidata,high,
Q1329680,chocolate,in_category,wikidata,high,
Q13228,dairy-product,in_category,wikidata,picked,
Q27658833,spice,in_category,wikidata,high,
Q2987371,Q145909,kind_of,wikidata,high,
Q504133,chili-pepper,in_category,wikidata,high,
Q14088,Q17315191,kind_of,wikidata,high,
Q5190222,chili-pepper,in_category,possible_parent,authored,
Q13241,spice,in_category,wikidata,high,
Q7995660,Q3406628,kind_of,wikidata,high,
Q3066934,Q36465,kind_of,wikidata,high,
Q1147190,Q13317,kind_of,wikidata,high,
Q3073413,Q65522654,kind_of,off,high,
Q23900272,vegetable,in_category,wikidata,high,
Q858049,Q8486,kind_of,wikidata,high,
Q2733021,Q5090,kind_of,wikidata,high,
Q45989,Q14328596,kind_of,off,high,
Q7093931,Q3406628,kind_of,off,high,
Q68315046,herb,in_category,read,read,RE-POINTED: an herb.
Q23055566,Q34172,kind_of,wikidata,high,
Q11254,spice,in_category,wikidata,high,
en:thyme,herb,in_category,off,high,
Q10210,wine,in_category,wikidata,high,
Q11106,Q191768,kind_of,possible_parent,authored,
Q106612,Q8495,kind_of,possible_parent,authored,
Q14625808,spice,in_category,read,read,"RE-POINTED: a spice, not a condiment."
Q864693,meat,in_category,wikidata,high,
Q21156930,bean,in_category,wikidata,high,
Q14624,mixed-spices,in_category,off,high,
Q3408258,Q13400960,kind_of,possible_parent,authored,
Q13195,citrus-fruit,in_category,wikidata,picked,
en:roasted-peanut,Q3621199,kind_of,off,high,
en:russet-potatoes,Q16587531,kind_of,off,high,
en:smoked-paprika,Q3127593,kind_of,off,high,
Q16131953,spice,in_category,wikidata,picked,"READ+KEPT: correct, a spice."
Q13225835,Q36465,kind_of,possible_parent,authored,
en:fresh-basil,Q65522654,kind_of,off,high,
Q842618,sauce,in_category,read,read,RE-POINTED: it contains anchovy and is not a fish sauce.
Q137254262,Q36814998,kind_of,wikidata,high,
Q503,Q844144,kind_of,wikidata,high,
en:brown-lentils,lentils,in_category,off,high,
Q98841400,vegetable-oil,in_category,wikidata,picked,
Q841779,Q3342808,kind_of,off,high,
Q216235,vegetable-oil,in_category,off,high,
Q10286140,Q381350,kind_of,wikidata,picked,
Q11060609,white-wine,in_category,wikidata,high,
Q13417087,Q8495,kind_of,off,high,
Q1051492,spice-mix,in_category,wikidata,high,
Q103795986,Q3143131,kind_of,wikidata,picked,
Q1031291,Q13228,kind_of,wikidata,high,
Q11261547,vegetable,in_category,wikidata,high,
Q1807269,vegetable,in_category,wikidata,high,
Q1093742,citrus-fruit,in_category,wikidata,picked,
Q206454,Q1093742,kind_of,possible_parent,authored,
en:long-grain-white-rice,Q67594028,kind_of,off,high,
Q139031885,Q13191,kind_of,off,high,
Q1549017,sugar,kind_of,off,high,
pasta,Q12117,kind_of,off,high,
Q2623066,spice-mix,in_category,wikidata,high,
Q1849012,Q41354,kind_of,wikidata,high,
Q1208221,cereal-flakes,in_category,wikidata,high,
en:sea-salt-flakes,Q282694,kind_of,off,high,
Q1760637,spice,in_category,wikidata,high,
Q3496785,Q3406628,kind_of,wikidata,high,
en:vodka,alcohol,in_category,off,high,
Q208021,tree-nut,in_category,off,picked,
Q134959291,Q41354,kind_of,possible_parent,authored,
Q7533,vegetable,in_category,wikidata,picked,
Q28163310,Q16587531,kind_of,wikidata,high,
Q756800,Q3143131,kind_of,wikidata,high,
Q4733897,Q184357,kind_of,off,high,
en:asparagus,en:shoot-vegetable,kind_of,off,high,
Q208172,bread,in_category,off,high,
Q379813,Q145909,kind_of,off,high,
en:beef-broth,Q275068,kind_of,off,picked,
Q1548030,vegetable,in_category,wikidata,high,
Q5032643,Q20638126,kind_of,wikidata,high,
Q3502834,sugar,kind_of,off,high,
Q10943,dairy-product,in_category,wikidata,picked,
Q6540634,Q20638126,kind_of,wikidata,high,
Q3823327,Q170486,kind_of,wikidata,high,
Q277628,chocolate,in_category,wikidata,high,
Q2165995,Q2051651,kind_of,wikidata,high,
Q67778610,Q29472543,kind_of,wikidata,high,
Q67865843,Q1548030,kind_of,wikidata,high,
Q67445346,lentil,in_category,wikidata,high,
Q5610979,Q13400960,kind_of,wikidata,high,
Q104666136,leaf-vegetable,in_category,wikidata,high,
Q25618328,Q2995529,kind_of,wikidata,high,
Q465934,citrus-fruit,in_category,wikidata,high,
Q2223519,dairy-product,in_category,wikidata,high,
en:meatball,meat,in_category,off,high,
Q1621080,vegetable,in_category,off,picked,
Q219059,Q13191,kind_of,off,high,
Q538296,Q191768,kind_of,off,picked,
Q29472543,vegetable,in_category,read,read,"RE-POINTED: botanically a fruit, and no cook would find it there."
Q3621199,nut,in_category,wikidata,high,
Q265878,vegetable-oil,in_category,off,picked,
en:peeled-tomatoes,Q20638126,kind_of,off,high,
Q3143131,spice,in_category,wikidata,high,
Q177564,sauce,in_category,wikidata,high,
Q165308,vegetable,in_category,wikidata,picked,
Q68431797,Q41354,kind_of,off,high,
Q105965457,Q654236,kind_of,wikidata,high,
Q1517781,seafood,in_category,wikidata,high,
Q125895282,pasta,in_category,off,high,
Q42527,condiment,in_category,wikidata,high,
Q1521067,spice,in_category,wikidata,high,
Q41354,condiment,in_category,wikidata,high,
Q2674257,Q5090,kind_of,wikidata,high,
Q104821115,Q13099586,kind_of,off,high,
Q217525,cow-s-milk-cheese,in_category,wikidata,picked,
Q2718594,cow-s-milk-cheese,in_category,wikidata,picked,
Q2376488,Q3088330,kind_of,wikidata,picked,
Q13191,Q844144,kind_of,wikidata,high,
Q1900114,Q17315191,kind_of,wikidata,high,
Q131419,meat,in_category,off,high,
Q184357,tree-nut,in_category,off,picked,
Q89,fruit,in_category,wikidata,high,
Q618322,Q41354,kind_of,wikidata,high,
Q618345,Q636056,kind_of,wikidata,high,
Q2918735,vegetable-oil,in_category,wikidata,high,
en:basil-leaf,Q65522654,kind_of,off,high,
Q1649635,Q5090,kind_of,possible_parent,authored,
Q192628,meat,in_category,wikidata,high,
Q442335,Q2051651,kind_of,wikidata,picked,
Q1639520,Q2051651,kind_of,wikidata,picked,
Q432426,chili-pepper,in_category,wikidata,high,
Q4922497,Q41354,kind_of,wikidata,high,
Q13178,fruit,in_category,wikidata,high,
Q1364507,sauce,in_category,wikidata,high,
Q1066624,Q5090,kind_of,wikidata,high,
Q104664711,Q14328596,kind_of,off,high,
Q14328596,vegetable,in_category,wikidata,high,
Q30650470,Q36465,kind_of,wikidata,high,
Q104483024,starch,in_category,wikidata,high,
Q19571204,Q23012379,kind_of,off,high,
Q5057832,mixed-spices,in_category,off,high,
Q36823285,leaf-vegetable,in_category,off,picked,
en:chicken-bone,Q864693,kind_of,off,high,
Q102354256,Q864693,kind_of,wikidata,high,
Q7196602,Q864693,kind_of,wikidata,high,
Q651829,Q36465,kind_of,wikidata,high,
Q61046162,herb,in_category,read,read,"RE-POINTED: an herb, not a leaf vegetable."
Q104126379,fruit-juice,in_category,wikidata,high,
Q1139302,Q3342808,kind_of,off,high,
en:cognac,alcohol,in_category,off,high,
Q1142459,Q13228,kind_of,read,read,RE-POINTED: not a kind of sour cream. Both are cultured creams. The kosher-salt-to-table-salt error exactly.
Q1144935,spice-mix,in_category,wikidata,picked,
Q57656613,Q1329680,kind_of,wikidata,high,
dill,herb,in_category,off,high,
Q1142449,Q13228,kind_of,wikidata,high,
Q68497188,Q65522654,kind_of,wikidata,high,
Q796758,egg,kind_of,off,high,
Q28604477,en:shoot-vegetable,kind_of,off,high,
Q115618652,vegetable,in_category,wikidata,high,
Q182760,Q5620025,kind_of,wikidata,high,
Q2167413,Q282694,kind_of,wikidata,high,
Q93879632,Q503,kind_of,wikidata,high,
Q18235491,Q1269205,kind_of,wikidata,high,
Q898982,vegetable-oil,in_category,off,picked,
Q2864215,fruit-syrup,in_category,wikidata,high,
Q3088336,cheese,in_category,wikidata,high,
en:guajillo-chili,chili-pepper,in_category,off,high,
Q764375,chili-pepper,in_category,wikidata,high,
Q3074737,en:white-fish,kind_of,off,high,
Q578307,tree-nut,in_category,off,picked,
Q522171,sauce,in_category,off,high,
en:kaffir-lime-leaf,spice,in_category,off,high,
en:lavender,herb,in_category,off,high,
Q110611100,meat,in_category,wikidata,high,
Q61505177,Q145909,kind_of,off,high,
Q104007010,Q145909,kind_of,off,high,
Q20035,pasta,in_category,off,high,
Q8064278,en:saltwater-fish,kind_of,off,picked,
Q402563,syrup,in_category,wikidata,high,
en:mashed-potato,Q16587531,kind_of,off,high,
Q822331,green-tea,in_category,wikidata,high,
Q5254978,herb,in_category,off,high,
Q235169,condiment,in_category,wikidata,high,
Q57655865,mustard,in_category,wikidata,picked,
Q3320037,fruit,in_category,wikidata,high,
Q12047207,vegetable,in_category,wikidata,high,
Q92581152,herb,in_category,read,read,RE-POINTED: an herb.
Q1139546,Q3088330,kind_of,wikidata,high,
Q104413481,en:taproot-vegetable,kind_of,off,high,
Q13099586,fruit,in_category,wikidata,high,
Q677640,Q17315191,kind_of,wikidata,high,
Q1063736,pasta,in_category,off,high,
Q323635,common-bean,in_category,wikidata,high,
en:plain-yogurt,Q13317,kind_of,off,high,
Q7205370,Q20638126,kind_of,wikidata,high,
Q860985,Q191768,kind_of,wikidata,high,
Q68451462,Q13400960,kind_of,wikidata,picked,
Q17045135,Q191768,kind_of,wikidata,high,
Q1065033,Q191768,kind_of,off,picked,
Q33669098,en:taproot-vegetable,kind_of,off,high,
Q13179,fruit,in_category,wikidata,high,
Q67445480,lentil,in_category,wikidata,high,
Q20767168,vegetable,in_category,wikidata,high,
Q5090,cereal,in_category,wikidata,high,
Q1142986,alcohol,in_category,off,high,
Q216781,Q17315191,kind_of,wikidata,high,
Q25434,spice,in_category,wikidata,high,
en:sage,herb,in_category,off,high,
Q2796766,en:oily-fish,kind_of,off,high,
Q67994034,Q67731470,kind_of,wikidata,picked,
Q20747642,sauce,in_category,wikidata,high,
en:sambal-oelek,sambal,in_category,off,high,
Q7360490,seafood,in_category,wikidata,high,
en:semi-sweet-chocolate,chocolate,in_category,off,high,
Q381350,Q36465,kind_of,possible_parent,authored,
en:serrano-peppers,chili-pepper,in_category,off,high,
Q7502086,Q192628,kind_of,wikidata,high,
Q840171,Q13228,kind_of,off,high,
en:squeezed-orange-juice,Q219059,kind_of,off,high,
Q1392674,hot-sauce,in_category,wikidata,picked,
Q14458220,fruit,in_category,wikidata,high,
Q94787,vegetable-oil,in_category,wikidata,picked,
Q1076906,seed,in_category,wikidata,high,
Q57271749,Q8495,kind_of,off,high,
Q67207722,Q5726634,kind_of,wikidata,high,
Q873761,starch,in_category,off,high,
Q10825918,Q1269205,kind_of,wikidata,high,
Q105511282,vegetable,in_category,off,picked,
Q1114674,Q20638126,made_from,read,read,"RE-POINTED: made FROM tomato, not a kind of tomato."
Q3596097,sauce,in_category,wikidata,high,
Q55642411,bread,in_category,off,high,
Q957434,Q192628,kind_of,wikidata,high,
Q65561345,common-bean,in_category,wikidata,high,
Q742385,chocolate,in_category,wikidata,high,
Q13317,dairy-product,in_category,wikidata,picked,
Q131346795,Q36465,kind_of,wikidata,high,
en:70-fat-mayonnaise,mayonnaise,in_category,off,high,
Q9021066,Q8495,kind_of,wikidata,high,
Q300725,Q89,kind_of,wikidata,high,
Q131519707,Q5090,kind_of,wikidata,high,
Q306912,Q130752177,kind_of,wikidata,high,
Q319716,cheese,in_category,wikidata,high,
Q47164004,essential-oil,in_category,wikidata,high,
Q4054846,Q89,kind_of,wikidata,high,
Q140197214,Q1621080,kind_of,wikidata,high,
Q113680577,Q13317,kind_of,wikidata,high,
Q10403954,Q89,kind_of,wikidata,high,
Q66595194,seed-oil,in_category,wikidata,high,
Q114634252,cheese,in_category,wikidata,high,
Q11701587,Q27038733,kind_of,wikidata,high,
Q5683289,Q93165,kind_of,wikidata,high,
Q5656322,Q93165,kind_of,wikidata,high,
Q117617502,Q93165,kind_of,wikidata,high,
Q60828333,Q93165,kind_of,wikidata,high,
Q23498894,Q93165,kind_of,wikidata,high,
Q23500250,Q93165,kind_of,wikidata,high,
Q3604288,condiment,in_category,wikidata,high,
Q17620044,Q41354,kind_of,wikidata,high,
Q132567850,Q130752177,kind_of,wikidata,high,
en:achillea-millefolium,herb,in_category,off,high,
Q131437697,Q5090,kind_of,wikidata,high,
Q15791680,Q130752177,kind_of,wikidata,high,
Q16626077,sauce,in_category,wikidata,high,
Q131920630,Q844144,kind_of,wikidata,high,
Q1246800,cow-s-milk-cheese,in_category,wikidata,picked,
Q2826877,Q1621080,kind_of,wikidata,high,
Q3606603,sauce,in_category,wikidata,high,
Q2826898,Q21546392,kind_of,wikidata,high,
Q20009606,Q21546392,kind_of,wikidata,high,
Q26689963,Q21546392,kind_of,wikidata,high,
Q3606626,Q643419,kind_of,wikidata,high,
Q96627075,Q89,kind_of,wikidata,high,
Q16826169,sauce,in_category,wikidata,high,
Q113833296,citrus-fruit,in_category,wikidata,high,
Q4694848,sauce,in_category,wikidata,high,
Q16038929,Q21546392,kind_of,wikidata,high,
Q16010193,Q21546392,kind_of,wikidata,high,
Q14283319,starch,in_category,wikidata,high,
Q100708675,Q16128920,kind_of,off,high,
Q2828872,sauce,in_category,wikidata,high,
Q129643250,fruit,in_category,wikidata,high,
en:ajwa-dates,Q1652093,kind_of,off,high,
Q4699992,chili-pepper,in_category,wikidata,high,
Q4699993,chili-pepper,in_category,wikidata,high,
Q2828931,Q89,kind_of,wikidata,high,
Q55815501,seed-oil,in_category,wikidata,high,
Q4706009,Q169,kind_of,wikidata,high,
Q96627076,Q89,kind_of,wikidata,high,
Q4711548,sauce,in_category,wikidata,high,
Q21076881,Q5090,kind_of,wikidata,high,
Q4712737,sauce,in_category,wikidata,high,
Q18465204,Q170486,kind_of,wikidata,high,
Q3113495,Q3395987,kind_of,wikidata,picked,
Q2642590,Q13099586,kind_of,wikidata,high,
Q11685295,Q13099586,kind_of,wikidata,high,
Q11904932,Q1621080,kind_of,wikidata,high,
Q23930012,sauce,in_category,wikidata,high,
Q41775086,Q3395987,kind_of,wikidata,high,
Q108127132,condiment,in_category,wikidata,picked,
Q102887302,goat-cheese,in_category,wikidata,picked,
Q4725674,Q20638126,kind_of,wikidata,high,
Q4725702,Q169,kind_of,wikidata,high,
Q337389,Q3395974,kind_of,wikidata,picked,
Q18209200,seed-oil,in_category,wikidata,high,
Q1203874,sauce,in_category,wikidata,high,
Q325765,cow-s-milk-cheese,in_category,wikidata,picked,
Q956024,cheese,in_category,wikidata,high,
Q24636822,Q1531597,kind_of,wikidata,high,
Q10405645,Q3395987,kind_of,wikidata,picked,
Q65253823,Q12372598,kind_of,wikidata,high,
Q5669743,jam,in_category,wikidata,high,
Q5669817,sauce,in_category,wikidata,high,
Q57271323,juice,in_category,wikidata,high,
Q2663618,Q169,kind_of,wikidata,high,
Q33395610,cheese,in_category,wikidata,high,
Q4735656,Q27038733,kind_of,wikidata,high,
Q4062939,Q10987,kind_of,wikidata,high,
Q436943,Q1256296,kind_of,wikidata,high,
Q442455,Q3395987,kind_of,wikidata,high,
Q3613295,Q93165,kind_of,wikidata,high,
Q96627079,Q89,kind_of,wikidata,high,
Q455380,Q13317,kind_of,wikidata,high,
Q12996161,seed-oil,in_category,wikidata,high,
Q4741197,meat,in_category,wikidata,high,
Q4741881,Q89,kind_of,wikidata,high,
Q112729959,Q192628,kind_of,wikidata,high,
en:american-mustard,mustard,in_category,off,high,
en:american-sea-scallop,Q7360490,kind_of,off,high,
Q4748619,Q169,kind_of,wikidata,high,
Q96318632,Q4750898,kind_of,wikidata,high,
Q147316,fruit,in_category,wikidata,high,
Q2669426,sheep-milk-cheese,in_category,wikidata,picked,
Q30082164,Q5090,kind_of,wikidata,high,
Q4752767,fish-sauce,in_category,wikidata,high,
Q490367,Q20638126,kind_of,wikidata,high,
Q4754018,Q169,kind_of,wikidata,high,
Q17192624,fruit,in_category,wikidata,high,
Q8199534,cheese,in_category,wikidata,high,
Q18020974,Q170486,kind_of,wikidata,high,
en:angelica,herb,in_category,off,high,
Q2361904,Q3088326,kind_of,wikidata,picked,
Q20730569,Q13099586,kind_of,wikidata,high,
Q4763179,Q169,kind_of,wikidata,high,
Q16526855,Q282694,kind_of,wikidata,high,
Q135415632,cereal,in_category,wikidata,high,
Q10411945,meat,in_category,wikidata,high,
Q19595903,Q89,kind_of,wikidata,high,
Q131560883,Q2223649,kind_of,wikidata,high,
Q3265866,Q2223649,kind_of,wikidata,high,
Q2851769,fresh-cheese,in_category,wikidata,picked,
Q3854108,Q89,kind_of,wikidata,high,
Q97599035,cheese,in_category,wikidata,high,
Q2852639,Q89,kind_of,wikidata,high,
Q5696843,Q93165,kind_of,wikidata,high,
Q2446601,Q3395987,kind_of,wikidata,picked,
Q35188546,Q89,kind_of,wikidata,high,
Q97627973,Q169,kind_of,wikidata,high,
Q112117087,chili-pepper,in_category,wikidata,high,
Q27926380,Q89,kind_of,wikidata,high,
fr:pommes-en-poudre,Q89,kind_of,off,high,
Q21503823,Q1753272,kind_of,wikidata,high,
Q3621054,Q93165,kind_of,wikidata,high,
Q67823888,Q659503,kind_of,wikidata,high,
Q140642124,Q13191,kind_of,wikidata,high,
Q3621267,Q13191,kind_of,wikidata,high,
Q2859651,Q1621080,kind_of,wikidata,high,
en:arborio-rice,Q5090,kind_of,off,high,
Q25220444,Q1621080,kind_of,wikidata,high,
Q3160837,Q170486,kind_of,wikidata,high,
Q2744126,Q3774485,kind_of,wikidata,high,
nl:arenga-bossuiker,sugar,kind_of,off,high,
Q4789431,Q192628,kind_of,wikidata,high,
Q2861174,Q89,kind_of,wikidata,high,
Q1891043,tomato-sauce,in_category,wikidata,high,
Q15872711,chili-pepper,in_category,wikidata,high,
Q6094551,Q27038733,kind_of,wikidata,high,
Q2863620,Q3774485,kind_of,wikidata,high,
Q5706293,Q5090,kind_of,wikidata,high,
Q5706352,Q5090,kind_of,wikidata,high,
Q21036158,Q5090,kind_of,wikidata,high,
Q8205083,Q5090,kind_of,wikidata,high,
Q55753739,cheese,in_category,wikidata,high,
Q61750785,Q89,kind_of,wikidata,high,
Q41775242,Q3395987,kind_of,wikidata,high,
Q20754609,Q23041430,kind_of,wikidata,high,
Q65289027,Q5881191,kind_of,wikidata,high,
Q102297762,cheese,in_category,wikidata,high,
Q108456308,Q1621080,kind_of,wikidata,high,
Q727210,Q3088330,kind_of,wikidata,picked,
Q18448627,Q2735883,kind_of,wikidata,high,
Q27986770,fish,in_category,wikidata,high,
Q122933287,vegetable,in_category,wikidata,high,
Q3625258,vegetable,in_category,wikidata,high,
Q48735071,Q1093742,kind_of,wikidata,high,
Q10414189,vegetable-oil,in_category,wikidata,high,
Q4812898,Q169,kind_of,wikidata,high,
Q115609456,fruit,in_category,wikidata,high,
Q111172550,juice,in_category,wikidata,high,
en:atlantic-calico-scallop,Q7360490,kind_of,off,high,
Q188879,Q2796766,kind_of,wikidata,high,
en:atlantic-wolffish,fish,in_category,off,high,
Q4818118,syrup,in_category,wikidata,high,
de:aufguss-aus-schwarztee-und-kräutertee,black-tea,in_category,off,high,
Q4821994,Q20638126,kind_of,wikidata,high,
Q476512,blue-cheese,in_category,wikidata,picked,
Q774415,Q89,kind_of,wikidata,high,
Q11293225,Q192628,kind_of,wikidata,high,
Q3088349,cheese,in_category,wikidata,high,
Q4825047,citrus-fruit,in_category,wikidata,high,
Q3088351,cheese,in_category,wikidata,high,
Q25220749,Q89,kind_of,wikidata,high,
Q2873100,goat-cheese,in_category,wikidata,high,
Q140197191,Q1621080,kind_of,wikidata,high,
Q5714984,spice,in_category,wikidata,high,
Q4833009,Q10817602,kind_of,wikidata,high,
Q138710907,goat-cheese,in_category,wikidata,high,
Q122228524,sauce,in_category,wikidata,high,
Q798459,Q152024,kind_of,wikidata,high,
Q4839961,sauce,in_category,wikidata,high,
Q7215555,fruit,in_category,wikidata,high,
Q15785074,Q130752177,kind_of,wikidata,high,
Q5716292,Q93165,kind_of,wikidata,high,
Q17063877,fish-sauce,in_category,wikidata,high,
Q3552200,fish-sauce,in_category,wikidata,high,
Q4848321,Q169,kind_of,wikidata,high,
Q3365433,Q1753272,kind_of,wikidata,high,
Q16445170,Q36465,kind_of,wikidata,high,
Q97162335,Q89,kind_of,wikidata,high,
Q2880722,Q3395987,kind_of,wikidata,picked,
Q21036089,Q5090,kind_of,wikidata,high,
Q41775301,Q3395987,kind_of,wikidata,high,
Q61612,goat-cheese,in_category,wikidata,picked,
en:baltic-sprat,fish,in_category,off,high,
Q135446912,Q503,kind_of,wikidata,high,
Q3388551,chili-pepper,in_category,wikidata,high,
Q4854506,cheese,in_category,wikidata,high,
Q4880412,Q169,kind_of,wikidata,high,
Q772326,Q3088326,kind_of,wikidata,picked,
Q1093768,jam,in_category,wikidata,high,
Q21663917,goat-cheese,in_category,wikidata,high,
Q2884173,goat-cheese,in_category,wikidata,high,
Q808177,spice,in_category,wikidata,high,
Q43668520,Q93189,kind_of,wikidata,picked,
Q10353695,Q170486,kind_of,wikidata,high,
Q4080173,Q10987,kind_of,wikidata,high,
Q16722940,Q89,kind_of,wikidata,high,
Q16531604,Q3088326,kind_of,wikidata,high,
Q2891073,Q16587531,kind_of,wikidata,high,
Q18500035,Q37937,kind_of,wikidata,high,
Q133867137,Q37937,kind_of,wikidata,high,
Q382634,Q3395987,kind_of,wikidata,picked,
Q8245014,blue-cheese,in_category,wikidata,picked,
Q41775366,Q3395987,kind_of,wikidata,picked,
Q812274,vegetable,in_category,wikidata,high,
Q1230067,Q5309466,kind_of,wikidata,high,
Q107417448,Q37937,kind_of,wikidata,high,
Q108354169,Q1621080,kind_of,wikidata,high,
Q12819589,Q5881191,kind_of,wikidata,high,
Q19601755,Q89,kind_of,wikidata,high,
Q16862951,sauce,in_category,wikidata,high,
Q2964269,chocolate,in_category,wikidata,high,
Q67863553,Q89,kind_of,wikidata,high,
Q2894677,Q3395987,kind_of,wikidata,high,
Q504565,Q3395987,kind_of,wikidata,picked,
Q41775442,Q3395987,kind_of,wikidata,picked,
Q18399025,Q89,kind_of,wikidata,high,
Q1499308,Q3395987,kind_of,wikidata,picked,
Q124810154,fish,in_category,wikidata,high,
Q2895398,Q89,kind_of,wikidata,high,
Q55814152,seed-oil,in_category,wikidata,high,
Q4889624,Q169,kind_of,wikidata,high,
Q2897046,Q13099586,kind_of,wikidata,high,
Q3638532,essential-oil,in_category,wikidata,high,
en:bergeron-apricot,Q3733836,kind_of,off,high,
Q360910,cheese,in_category,off,high,
Q124810108,fish,in_category,wikidata,high,
Q23021058,Q34172,kind_of,wikidata,high,
Q23055565,Q34172,kind_of,wikidata,high,
Q2900333,Q34172,kind_of,wikidata,high,
Q2900334,Q34172,kind_of,wikidata,high,
Q23017783,Q130752177,kind_of,wikidata,high,
Q1394952,Q13099586,kind_of,wikidata,high,
Q23017780,Q13099586,kind_of,wikidata,high,
Q4899463,Q169,kind_of,wikidata,high,
Q22304295,Q15645384,kind_of,wikidata,high,
Q11144306,Q5090,kind_of,wikidata,high,
Q855481,dairy-product,in_category,wikidata,picked,
Q856717,Q10978,kind_of,wikidata,high,
Q25095805,Q1621080,kind_of,wikidata,high,
Q29052719,cow-s-milk-cheese,in_category,wikidata,picked,
Q31887360,Q192628,kind_of,wikidata,high,
Q85747085,Q4750898,kind_of,wikidata,high,
Q118906653,sauce,in_category,wikidata,high,
Q4906003,Q165308,kind_of,wikidata,high,
Q96627085,Q89,kind_of,wikidata,high,
Q55813641,seed-oil,in_category,wikidata,high,
Q4917411,chili-pepper,in_category,wikidata,high,
Q866432,Q3395987,kind_of,wikidata,high,
Q773004,Q89,kind_of,wikidata,high,
Q879074,Q17315191,kind_of,wikidata,high,
Q132459085,hot-sauce,in_category,wikidata,picked,
Q10430528,essential-oil,in_category,wikidata,high,
Q21741341,lentil,in_category,wikidata,high,
Q11961506,spice,in_category,wikidata,high,
Q3457667,dairy-product,in_category,wikidata,high,
Q4922414,chili-pepper,in_category,wikidata,high,
Q460439,condiment,in_category,wikidata,picked,
Q96627087,Q89,kind_of,wikidata,high,
Q11909504,Q1621080,kind_of,wikidata,high,
Q882723,vegetable,in_category,wikidata,high,
Q11159183,cheese,in_category,wikidata,high,
Q1331071,Q3395987,kind_of,wikidata,picked,
Q883954,Q3088318,kind_of,wikidata,picked,
Q883933,Q2223649,kind_of,wikidata,high,
Q3621266,citrus-fruit,in_category,wikidata,high,
en:blue-cheese-from-cow-s-milk,blue-cheese,in_category,off,high,
Q886401,Q130752177,kind_of,wikidata,high,
Q5731192,cheese,in_category,wikidata,high,
Q4089094,Q89,kind_of,wikidata,high,
en:boiled-beef-oxtail,Q192628,kind_of,off,high,
Q107241926,sauce,in_category,wikidata,high,
Q11224176,Q192628,kind_of,wikidata,high,
Q11224200,Q192628,kind_of,wikidata,high,
Q135433271,Q15645384,kind_of,wikidata,high,
Q16259029,Q5090,kind_of,wikidata,high,
Q5706296,Q5090,kind_of,wikidata,high,
Q4940530,Q169,kind_of,wikidata,high,
Q19978677,Q93165,kind_of,wikidata,high,
Q83759789,Q13099586,kind_of,wikidata,high,
Q2909996,Q3088326,kind_of,wikidata,picked,
Q230111,Q192628,kind_of,wikidata,high,
Q110571357,Q13099586,kind_of,wikidata,high,
Q2910334,cheese,in_category,wikidata,high,
Q2910338,goat-cheese,in_category,wikidata,high,
Q1361859,sauce,in_category,wikidata,high,
Q4946092,seed-oil,in_category,wikidata,high,
Q136340072,Q13317,kind_of,wikidata,high,
Q46996271,Q5090,kind_of,wikidata,high,
Q2911435,Q1621080,kind_of,wikidata,high,
en:bosc-pear,Q13099586,kind_of,off,high,
Q1420447,Q191768,kind_of,off,picked,
Q124695103,vegetable,in_category,wikidata,high,
Q7046,Q131419,kind_of,wikidata,high,
Q3877638,Q2051651,kind_of,wikidata,high,
Q2912169,Q3088326,kind_of,wikidata,high,
Q21013615,goat-cheese,in_category,wikidata,high,
Q685096,Q3088326,kind_of,wikidata,picked,
Q2922586,Q1621080,kind_of,wikidata,high,
Q2923090,Q192628,kind_of,wikidata,high,
Q4955483,Q169,kind_of,wikidata,high,
en:braised-beef-short-ribs,Q192628,kind_of,off,high,
Q2923647,Q3395987,kind_of,wikidata,high,
Q124664735,fruit,in_category,wikidata,high,
Q4957269,Q20638126,kind_of,wikidata,high,
Q7225623,vegetable,in_category,wikidata,high,
Q899688,cheese,in_category,wikidata,high,
Q15789710,Q61665121,kind_of,wikidata,high,
Q12786397,meat,in_category,wikidata,high,
Q109017681,cheese,in_category,wikidata,high,
Q12371971,tree-nut,in_category,off,picked,
Q10435041,cheese,in_category,wikidata,high,
Q3006043,Q34172,kind_of,wikidata,picked,
Q4962047,sauce,in_category,wikidata,high,
en:brewing-water,water,kind_of,off,high,
Q749378,Q1256296,kind_of,wikidata,picked,
Q545994,Q1256296,kind_of,wikidata,picked,
Q2190406,Q2223649,kind_of,wikidata,high,
Q2627804,Q2223649,kind_of,wikidata,high,
Q3644926,Q93165,kind_of,wikidata,high,
Q17082116,sauce,in_category,wikidata,high,
Q19361017,cheese,in_category,wikidata,high,
en:british-potato,Q16587531,kind_of,off,high,
Q41775671,Q3395987,kind_of,wikidata,high,
Q761524,Q3088318,kind_of,wikidata,picked,
Q4974963,Q169,kind_of,wikidata,high,
Q54819850,Q2223649,kind_of,wikidata,high,
Q2926318,Q2223649,kind_of,wikidata,high,
Q542046,Q2223649,kind_of,wikidata,high,
Q901121,Q89,kind_of,wikidata,high,
Q41775685,Q3395987,kind_of,wikidata,picked,
Q3088322,cheese,in_category,wikidata,high,
Q3646112,Q93165,kind_of,wikidata,high,
Q698632,cheese,in_category,wikidata,high,
Q108112946,cow-s-milk-cheese,in_category,wikidata,picked,
Q2927296,Q1682434,kind_of,wikidata,picked,
Q4918871,fish-sauce,in_category,wikidata,picked,
Q4986991,spice-mix,in_category,wikidata,high,
Q12837807,Q8495,kind_of,wikidata,high,
Q5000244,Q1682434,kind_of,wikidata,high,
Q11706433,cheese,in_category,wikidata,high,
Q1019164,Q170486,kind_of,wikidata,high,
Q19724928,Q13317,kind_of,wikidata,high,
Q2929377,Q16587531,kind_of,wikidata,high,
Q1019775,Q89,kind_of,wikidata,high,
Q2930178,goat-cheese,in_category,wikidata,high,
Q390726,Q1753272,kind_of,wikidata,high,
Q21008043,Q192628,kind_of,wikidata,high,
Q17329260,wine,in_category,wikidata,high,
Q1246822,sheep-milk-cheese,in_category,wikidata,picked,
Q2932436,fresh-cheese,in_category,wikidata,picked,
Q19608121,Q449506,kind_of,wikidata,high,
Q18466245,Q449506,kind_of,wikidata,high,
Q19608120,Q449506,kind_of,wikidata,high,
Q18466254,Q449506,kind_of,wikidata,high,
Q18466279,Q449506,kind_of,wikidata,high,
Q133944003,Q449506,kind_of,wikidata,high,
Q18466285,Q449506,kind_of,wikidata,high,
Q954122,goat-cheese,in_category,wikidata,high,
Q6541482,Q17315191,kind_of,wikidata,high,
Q48812916,cow-s-milk-cheese,in_category,wikidata,picked,
Q120446101,cheese,in_category,wikidata,high,
Q123402136,Q181409,kind_of,wikidata,high,
Q96627091,Q89,kind_of,wikidata,high,
Q679768,sauce,in_category,wikidata,high,
Q35855119,Q93189,kind_of,wikidata,high,
Q2933202,Q1621080,kind_of,wikidata,high,
Q2572432,Q2223649,kind_of,wikidata,high,
Q16534627,chili-pepper,in_category,wikidata,high,
Q6009735,Q13202263,kind_of,wikidata,high,
Q5706327,Q5090,kind_of,wikidata,high,
Q2934036,Q3774485,kind_of,wikidata,high,
Q18745104,goat-cheese,in_category,wikidata,high,
Q97164611,Q89,kind_of,wikidata,high,
Q41775792,Q3395987,kind_of,wikidata,picked,
Q2668493,Q5090,kind_of,wikidata,high,
en:camargue-rice,Q5090,kind_of,off,high,
Q115609194,Q12372598,kind_of,wikidata,high,
Q131480,Q1256296,kind_of,wikidata,picked,
Q1028537,Q89,kind_of,wikidata,high,
Q5027945,Q20638126,kind_of,wikidata,high,
Q5745677,Q93165,kind_of,wikidata,high,
Q96627095,Q89,kind_of,wikidata,high,
Q1723442,Q3395987,kind_of,wikidata,picked,
Q3655318,Q17315191,kind_of,wikidata,high,
Q108354177,Q1621080,kind_of,wikidata,high,
en:canned-tuna,Q17504707,kind_of,off,high,
Q681539,Q2223649,kind_of,wikidata,high,
Q2936862,Q3774485,kind_of,wikidata,high,
en:cape-gooseberry,Q16128920,kind_of,off,high,
Q118814688,stuffed-pasta,in_category,wikidata,high,
Q17182822,Q3774485,kind_of,wikidata,high,
Q897733,chili-pepper,in_category,wikidata,high,
Q109378984,Q4750898,kind_of,wikidata,high,
Q16860983,chili-pepper,in_category,wikidata,high,
Q140689714,chili-pepper,in_category,wikidata,high,
Q3658069,condiment,in_category,wikidata,high,
Q18343413,Q169,kind_of,wikidata,high,
Q12713997,chocolate,in_category,wikidata,high,
Q2937903,Q1256296,kind_of,wikidata,high,
Q118814509,Q23041430,kind_of,wikidata,high,
Q3658407,Q23041430,kind_of,wikidata,high,
Q16536690,Q23041430,kind_of,wikidata,high,
Q3658406,Q23041430,kind_of,wikidata,high,
Q136746551,Q23041430,kind_of,wikidata,high,
Q251054,Q10978,kind_of,wikidata,high,
Q41775818,Q3395987,kind_of,wikidata,high,
Q18480961,Q192628,kind_of,wikidata,high,
Q5752984,Q192628,kind_of,wikidata,high,
Q122925646,Q957434,kind_of,wikidata,high,
Q3337597,Q1682434,kind_of,wikidata,high,
Q16904708,Q1753272,kind_of,wikidata,high,
Q15427475,chili-pepper,in_category,wikidata,high,
Q5044925,condiment,in_category,wikidata,high,
Q21218886,Q81,kind_of,wikidata,high,
Q1125112,Q81,kind_of,wikidata,high,
Q2940105,Q81,kind_of,wikidata,high,
Q109017895,Q81,kind_of,wikidata,high,
Q108410964,Q1621080,kind_of,wikidata,high,
Q108411096,Q1621080,kind_of,wikidata,high,
Q5046193,Q169,kind_of,wikidata,high,
Q96627097,Q89,kind_of,wikidata,high,
Q2940361,Q2223649,kind_of,wikidata,high,
Q2940385,fresh-cheese,in_category,wikidata,picked,
Q16536282,Q1256296,kind_of,wikidata,high,
Q3660942,Q93165,kind_of,wikidata,high,
Q5047496,sauce,in_category,wikidata,high,
Q8193759,Q23041430,kind_of,wikidata,high,
Q12899215,Q17315191,kind_of,wikidata,high,
Q871924,chili-pepper,in_category,wikidata,high,
Q28692563,Q13317,kind_of,wikidata,high,
Q72515843,essential-oil,in_category,wikidata,high,
Q118818952,Q773987,kind_of,wikidata,high,
Q3662042,Q773987,kind_of,wikidata,high,
Q3662043,Q773987,kind_of,wikidata,high,
Q18481900,Q773987,kind_of,wikidata,high,
Q18481905,Q773987,kind_of,wikidata,high,
Q18481909,Q773987,kind_of,wikidata,high,
Q19608548,Q773987,kind_of,wikidata,high,
Q11001474,cow-s-milk-cheese,in_category,wikidata,picked,
Q41775883,Q3395987,kind_of,wikidata,high,
Q1051963,Q10978,kind_of,wikidata,high,
Q2943417,Q1621080,kind_of,wikidata,high,
Q5759904,meat,in_category,wikidata,high,
Q10444683,Q3395987,kind_of,wikidata,high,
Q2944217,goat-cheese,in_category,wikidata,picked,
Q3637726,Q1621080,kind_of,wikidata,high,
Q96638936,Q231458,kind_of,wikidata,high,
en:ceylon-black-tea,black-tea,in_category,off,high,
en:ceylon-green-tea,green-tea,in_category,off,high,
Q2947274,Q1256296,kind_of,wikidata,high,
Q131573163,Q5090,kind_of,wikidata,high,
Q92920482,Q5090,kind_of,wikidata,high,
Q5069828,condiment,in_category,wikidata,high,
Q13054393,Q5620025,kind_of,wikidata,high,
Q5072402,Q10988133,kind_of,wikidata,high,
fr:chanterelle,mushroom,in_category,off,high,
Q67206368,Q654236,kind_of,wikidata,high,
Q124813553,fish,in_category,wikidata,high,
Q20857743,Q10978,kind_of,wikidata,high,
Q1063115,vegetable,in_category,wikidata,picked,
en:charentes-butter-pdo,Q34172,kind_of,off,high,
Q2900324,Q34172,kind_of,wikidata,high,
Q2960151,Q3395987,kind_of,wikidata,picked,
en:chartreuse-liqueur,alcohol,in_category,off,high,
Q1068180,Q2051651,kind_of,wikidata,high,
Q5088330,Q169,kind_of,wikidata,high,
Q2961710,cheese,in_category,wikidata,high,
Q140756976,sauce,in_category,wikidata,high,
Q1215556,Q27038733,kind_of,wikidata,high,
Q5089401,cheese,in_category,wikidata,high,
Q98775828,sauce,in_category,off,high,
Q16885102,sauce,in_category,wikidata,high,
Q5089974,Q3395987,kind_of,wikidata,high,
Q140197209,Q1621080,kind_of,wikidata,high,
Q17006531,meat,in_category,wikidata,high,
Q140197210,Q1621080,kind_of,wikidata,high,
Q133865693,seafood,in_category,wikidata,high,
Q3667436,Q14789810,kind_of,wikidata,picked,
Q2412062,sauce,in_category,wikidata,high,
en:chicken-wing-meat-and-skin,Q864693,kind_of,off,high,
Q60864336,seed-oil,in_category,wikidata,high,
en:chilean-mussel,Q13042834,kind_of,off,high,
Q12628971,condiment,in_category,wikidata,picked,
Q33150947,Q4750898,kind_of,wikidata,high,
Q18968514,Q14328596,kind_of,wikidata,high,
Q68077775,spice-mix,in_category,wikidata,high,
Q2723400,noodle,in_category,wikidata,high,
Q3407390,pickle,in_category,wikidata,high,
Q10471308,Q15260613,kind_of,wikidata,high,
Q96374929,Q169,kind_of,wikidata,high,
Q25524968,Q5881191,kind_of,wikidata,high,
Q833503,fish,in_category,wikidata,high,
Q1074750,Q5309466,kind_of,wikidata,high,
Q9750565,chocolate,in_category,wikidata,high,
Q5104185,Q169,kind_of,wikidata,high,
Q5104912,Q961769,kind_of,wikidata,high,
Q10862203,Q131419,kind_of,wikidata,high,
fr:chou-pomme,Q14328596,kind_of,off,high,
Q12227158,Q10987,kind_of,wikidata,high,
Q2613548,cheese,in_category,wikidata,high,
Q2667800,Q3088330,kind_of,wikidata,high,
Q2972006,wine,in_category,wikidata,high,
Q15695547,Q3088326,kind_of,wikidata,picked,
Q16539743,Q3088326,kind_of,wikidata,picked,
Q11690534,Q10978,kind_of,wikidata,high,
Q3676632,Q93165,kind_of,wikidata,high,
Q5120184,fish-sauce,in_category,wikidata,high,
Q1124672,essential-oil,in_category,wikidata,high,
Q41775995,Q3395987,kind_of,wikidata,high,
Q1790835,chocolate,in_category,wikidata,high,
de:feine-milchschokolade,milk-chocolate,in_category,off,high,
Q6812442,cheese,in_category,wikidata,high,
Q460517,citrus-fruit,in_category,wikidata,high,
Q81513,fruit,in_category,wikidata,high,
Q22975490,citrus-fruit,in_category,wikidata,picked,
Q10865834,citrus-fruit,in_category,wikidata,high,
Q124364305,citrus-fruit,in_category,wikidata,high,
Q10454547,Q13099586,kind_of,wikidata,high,
Q113754254,Q10988133,kind_of,wikidata,high,
Q113756295,Q10988133,kind_of,wikidata,high,
Q113756305,Q10988133,kind_of,wikidata,high,
Q113773034,Q10988133,kind_of,wikidata,high,
Q104122554,citrus-fruit,in_category,wikidata,high,
Q209907,fish,in_category,wikidata,high,
Q124810036,fish,in_category,wikidata,high,
Q140197184,Q1621080,kind_of,wikidata,high,
Q2677318,Q1470283,kind_of,wikidata,high,
Q10456595,Q192628,kind_of,wikidata,high,
Q5141283,Q169,kind_of,wikidata,high,
Q2982356,fish-sauce,in_category,wikidata,high,
en:colby-cheese,cheese,in_category,off,high,
Q3881759,Q93165,kind_of,wikidata,high,
Q55715337,Q93165,kind_of,wikidata,high,
Q3683263,Q93165,kind_of,wikidata,high,
Q3683268,Q93165,kind_of,wikidata,high,
Q3683276,Q93165,kind_of,wikidata,high,
Q41776070,Q3395987,kind_of,wikidata,picked,
Q41776074,Q3395987,kind_of,wikidata,high,
Q5147576,meat,in_category,wikidata,high,
Q20724435,Q1531597,kind_of,wikidata,high,
Q41776080,Q3395987,kind_of,wikidata,high,
Q79984864,Q89,kind_of,wikidata,high,
Q96627102,Q89,kind_of,wikidata,high,
Q630612,Q130752177,kind_of,wikidata,high,
Q1156691,fish,in_category,wikidata,high,
Q249310,Q3088330,kind_of,wikidata,picked,
Q11691388,Q13099586,kind_of,wikidata,high,
Q747247,Q13099586,kind_of,wikidata,high,
en:cooked-egg-yolk,Q181409,kind_of,off,high,
en:cooked-pork-roast,Q191768,kind_of,off,high,
en:cooked-spinach,Q36814998,kind_of,off,high,
Q5167151,cooking-oil,in_category,wikidata,high,
Q3693347,Q1621080,kind_of,wikidata,high,
Q11915602,Q1621080,kind_of,wikidata,high,
Q97169061,fruit,in_category,wikidata,high,
Q140197187,Q1621080,kind_of,wikidata,high,
Q140197186,Q1621080,kind_of,wikidata,high,
Q63974871,mustard,in_category,wikidata,high,
Q96627104,Q89,kind_of,wikidata,high,
Q2998026,goat-cheese,in_category,wikidata,high,
Q123765095,citrus-fruit,in_category,wikidata,picked,
Q10963761,dairy-product,in_category,wikidata,high,
Q96627105,Q89,kind_of,wikidata,high,
Q2998646,Q381350,kind_of,wikidata,picked,
Q16952139,dairy-product,in_category,wikidata,picked,
Q2165362,goat-cheese,in_category,wikidata,high,
Q107862875,meat,in_category,wikidata,high,
Q10460935,Q3395987,kind_of,wikidata,picked,
Q16545491,Q13042834,kind_of,wikidata,high,
Q55833430,Q13042834,kind_of,wikidata,high,
en:craterellus,mushroom,in_category,off,high,
Q11748113,Q5726634,kind_of,wikidata,high,
Q25223359,dairy-product,in_category,wikidata,high,
Q27500531,sauce,in_category,wikidata,high,
Q5184120,cow-s-milk-cheese,in_category,wikidata,picked,
Q92205302,Q961769,kind_of,wikidata,high,
Q5184218,mustard,in_category,wikidata,picked,
fr:crevettes-entieres-crues,Q1517781,kind_of,off,high,
Q5185682,Q3395987,kind_of,wikidata,high,
Q41776226,Q3395987,kind_of,wikidata,high,
Q1140131,Q89,kind_of,wikidata,high,
en:cripps-pink-apple-juice,Q618355,kind_of,off,high,
Q22286662,Q89,kind_of,wikidata,high,
Q1515956,Q89,kind_of,wikidata,high,
en:crottin-cheese,goat-cheese,in_category,off,high,
Q249873,goat-cheese,in_category,wikidata,high,
Q109019562,cheese,in_category,wikidata,high,
fr:creme-fleurette,Q13228,kind_of,off,high,
Q24906668,condiment,in_category,wikidata,high,
Q96627109,Q89,kind_of,wikidata,high,
Q1143727,sauce,in_category,wikidata,high,
Q41776263,Q3395987,kind_of,wikidata,high,
Q5196211,Q169,kind_of,wikidata,high,
Q12054311,starch,in_category,wikidata,high,
Q124810033,fish,in_category,wikidata,high,
Q136840945,vegetable,in_category,wikidata,high,
Q16545661,Q3395987,kind_of,wikidata,picked,
Q30919660,fish-sauce,in_category,wikidata,high,
Q2745252,Q130752177,kind_of,wikidata,picked,
Q12820947,Q5881191,kind_of,wikidata,high,
Q3700863,chutney,in_category,wikidata,high,
Q7780958,cheese,in_category,wikidata,high,
Q112182469,vegetable,in_category,wikidata,high,
Q12187210,Q1621080,kind_of,wikidata,high,
Q3088357,cheese,in_category,wikidata,high,
Q1165331,Q3395987,kind_of,wikidata,picked,
Q5226610,Q169,kind_of,wikidata,high,
Q11774318,cheese,in_category,wikidata,high,
Q12821133,Q5881191,kind_of,wikidata,high,
Q96627114,Q89,kind_of,wikidata,high,
Q96627118,Q89,kind_of,wikidata,high,
Q955309,Q282694,kind_of,wikidata,high,
Q27826727,Q10978,kind_of,wikidata,high,
Q1182091,Q130752177,kind_of,wikidata,high,
Q20179070,chili-pepper,in_category,wikidata,high,
Q5250678,Q5090,kind_of,wikidata,high,
Q96627123,Q89,kind_of,wikidata,high,
Q5253092,condiment,in_category,wikidata,high,
Q1183990,Q89,kind_of,wikidata,high,
en:demineralised-whey,Q185009,kind_of,off,high,
de:deutsche-markenbutter,Q34172,kind_of,off,high,
Q1204897,Q89,kind_of,wikidata,high,
Q1210091,fruit-juice,in_category,wikidata,high,
Q9207073,Q13099586,kind_of,wikidata,high,
Q56378199,Q89,kind_of,wikidata,high,
Q132174301,Q3395974,kind_of,wikidata,high,
Q204226,mustard,in_category,wikidata,high,
Q1227641,fruit-juice,in_category,wikidata,high,
Q508593,Q3395974,kind_of,wikidata,picked,
Q3032201,Q89,kind_of,wikidata,high,
Q18396005,Q89,kind_of,wikidata,high,
Q124363551,Q503,kind_of,wikidata,high,
Q41776472,Q3395987,kind_of,wikidata,high,
Q18620537,Q89,kind_of,wikidata,high,
Q1243377,Q89,kind_of,wikidata,high,
Q5297466,Q10978,kind_of,wikidata,high,
Q5299375,Q169,kind_of,wikidata,high,
Q174539,cow-s-milk-cheese,in_category,wikidata,high,
Q11633174,Q177378,kind_of,wikidata,high,
Q21427181,Q130752177,kind_of,wikidata,high,
Q22712895,Q13099586,kind_of,wikidata,high,
Q5305677,fruit-syrup,in_category,wikidata,high,
Q25634577,Q234901,kind_of,wikidata,picked,
Q12211790,Q1621080,kind_of,wikidata,high,
Q130571534,chocolate,in_category,wikidata,high,
Q3474113,sauce,in_category,wikidata,high,
Q440726,Q3395987,kind_of,wikidata,picked,
Q1263510,sauce,in_category,wikidata,high,
Q10719564,Q3395987,kind_of,wikidata,high,
Q5314244,Q169,kind_of,wikidata,high,
Q96627131,Q89,kind_of,wikidata,high,
Q2119776,Q13099586,kind_of,wikidata,high,
Q3041621,Q3774485,kind_of,wikidata,high,
Q41776575,Q3395987,kind_of,wikidata,picked,
Q1990539,common-bean,in_category,wikidata,high,
Q17315183,cheese,in_category,wikidata,high,
Q898835,Q1062396,kind_of,wikidata,high,
Q644682,Q1256296,kind_of,wikidata,high,
Q15806939,Q130752177,kind_of,wikidata,high,
Q1249717,Q3395987,kind_of,wikidata,picked,
Q5326909,Q169,kind_of,wikidata,high,
Q11644487,sauce,in_category,wikidata,high,
Q3577361,Q3406628,kind_of,wikidata,high,
Q55830132,seed-oil,in_category,wikidata,high,
Q597473,cow-s-milk-cheese,in_category,wikidata,picked,
Q19278800,Q89,kind_of,wikidata,high,
Q5341428,Q169,kind_of,wikidata,high,
Q41776677,Q3395987,kind_of,wikidata,high,
Q25043246,vegetable,in_category,wikidata,high,
Q17680151,Q5726634,kind_of,wikidata,high,
Q18389510,sauce,in_category,wikidata,high,
Q1302877,Q89,kind_of,wikidata,high,
Q96627065,Q89,kind_of,wikidata,high,
Q134124685,Q2995529,kind_of,wikidata,picked,
Q2703932,seafood,in_category,wikidata,high,
Q137103400,Q8495,kind_of,wikidata,high,
Q457344,goat-cheese,in_category,wikidata,high,
Q5354016,Q169,kind_of,wikidata,high,
Q5359207,Q5309466,kind_of,wikidata,high,
Q104818072,fruit,in_category,wikidata,high,
Q932214,Q3088330,kind_of,wikidata,high,
Q20552709,Q19359994,kind_of,wikidata,high,
Q11919199,Q1621080,kind_of,wikidata,high,
Q1339145,Q10978,kind_of,wikidata,high,
Q11492452,Q773987,kind_of,wikidata,high,
Q6945359,vegetable,in_category,wikidata,high,
Q5376675,seafood,in_category,wikidata,high,
Q24192245,cheese,in_category,wikidata,high,
en:english-mustard,mustard,in_category,off,high,
en:enoki-mushrooms,mushroom,in_category,off,high,
Q11260995,Q5090,kind_of,wikidata,high,
Q111914931,cheese,in_category,wikidata,high,
Q67677662,chili-pepper,in_category,wikidata,high,
Q20057327,Q13099586,kind_of,wikidata,high,
Q96627134,Q89,kind_of,wikidata,high,
Q61070213,Q89,kind_of,wikidata,high,
Q96627045,Q89,kind_of,wikidata,high,
fr:escalopes-de-dinde,Q4200953,kind_of,off,high,
Q18353987,Q34172,kind_of,wikidata,high,
Q1538429,chili-pepper,in_category,wikidata,high,
Q55815218,seed-oil,in_category,wikidata,high,
Q27960436,Q10987,kind_of,wikidata,high,
Q140329924,Q1093742,kind_of,wikidata,high,
Q137373481,fruit,in_category,wikidata,high,
en:european-conger,en:oily-fish,kind_of,off,high,
Q18354270,Q2735883,kind_of,wikidata,high,
Q67387322,fish,in_category,wikidata,high,
en:european-seabass,fish,in_category,off,high,
en:european-sprat,fish,in_category,off,high,
Q5414989,Q89,kind_of,wikidata,high,
Q1381614,Q89,kind_of,wikidata,high,
Q17492785,Q89,kind_of,wikidata,high,
Q3061795,cheese,in_category,wikidata,high,
Q3089309,fruit,in_category,wikidata,high,
Q41776888,Q3395987,kind_of,wikidata,high,
Q41776894,Q3395987,kind_of,wikidata,high,
Q5996951,cheese,in_category,wikidata,high,
Q23660813,sauce,in_category,wikidata,high,
Q96627141,Q89,kind_of,wikidata,high,
Q118819108,common-bean,in_category,wikidata,high,
Q136746883,bean,in_category,wikidata,high,
Q3738346,common-bean,in_category,wikidata,high,
Q3738347,bean,in_category,wikidata,high,
Q3738348,common-bean,in_category,wikidata,high,
Q5430052,Q169,kind_of,wikidata,high,
Q3064619,Q3088318,kind_of,wikidata,picked,
Q5431859,syrup,in_category,wikidata,high,
Q3739598,Q10286140,kind_of,wikidata,high,
fr:farine-de-froment-t55,Q2249305,kind_of,off,high,
Q3739616,Q36465,kind_of,wikidata,high,
Q96627142,Q89,kind_of,wikidata,high,
Q5436613,Q169,kind_of,wikidata,high,
Q3067076,Q636056,kind_of,wikidata,high,
Q136759954,cheese,in_category,wikidata,high,
Q17052796,Q169,kind_of,wikidata,high,
Q96627143,Q89,kind_of,wikidata,high,
Q115609509,fruit,in_category,wikidata,high,
Q55814282,seed-oil,in_category,wikidata,high,
Q41776980,Q3395987,kind_of,wikidata,high,
Q2998750,fruit,in_category,wikidata,high,
Q5447983,Q3406628,kind_of,wikidata,high,
Q2432158,Q192628,kind_of,wikidata,high,
Q5449338,condiment,in_category,wikidata,high,
Q176236,Q17315191,kind_of,wikidata,high,
en:first-age-baby-milk-powder,Q8495,kind_of,off,high,
de:fischmuskeleiweiß,fish,in_category,off,high,
Q1191138,cereal,in_category,wikidata,high,
Q3073161,Q16587531,kind_of,wikidata,high,
Q83765276,Q13099586,kind_of,wikidata,high,
Q5457448,Q192628,kind_of,wikidata,high,
Q107584270,cereal-flakes,in_category,wikidata,high,
Q2974318,fortified-wine,in_category,wikidata,high,
Q1427580,vegetable,in_category,wikidata,high,
Q202058,vegetable,in_category,wikidata,high,
Q136461164,meat,in_category,wikidata,high,
Q134597662,Q130752177,kind_of,wikidata,high,
Q109311014,Q13099586,kind_of,wikidata,high,
Q41777041,Q3395987,kind_of,wikidata,picked,
Q5461797,Q169,kind_of,wikidata,high,
Q1271914,Q1682434,kind_of,wikidata,high,
Q1434802,goat-cheese,in_category,wikidata,high,
Q10497263,Q29472543,kind_of,wikidata,high,
Q96627145,Q89,kind_of,wikidata,high,
Q3076339,Q17315191,kind_of,wikidata,high,
Q534043,Q17315191,kind_of,wikidata,high,
Q108427299,Q1621080,kind_of,wikidata,high,
Q5467613,Q169,kind_of,wikidata,high,
Q109312127,Q13099586,kind_of,wikidata,high,
Q41777065,Q3395987,kind_of,wikidata,high,
Q20009675,Q17315191,kind_of,wikidata,high,
Q3748120,Q17315191,kind_of,wikidata,high,
Q3748123,Q17315191,kind_of,wikidata,high,
Q3748124,Q17315191,kind_of,wikidata,high,
Q848380,Q17315191,kind_of,wikidata,high,
Q21086869,cheese,in_category,wikidata,high,
Q123199835,Q2223649,kind_of,wikidata,high,
Q3080069,cheese,in_category,wikidata,high,
Q5477445,sauce,in_category,wikidata,high,
Q136678547,Q14458220,kind_of,wikidata,high,
Q136678563,Q14458220,kind_of,wikidata,high,
Q140780569,Q14458220,kind_of,wikidata,high,
Q21427312,Q14458220,kind_of,wikidata,high,
Q3083056,Q1621080,kind_of,wikidata,high,
Q55830164,seed-oil,in_category,wikidata,high,
Q1453879,Q89,kind_of,wikidata,high,
Q41777152,Q3395987,kind_of,wikidata,high,
Q2223649,cheese,in_category,wikidata,high,
en:french-style-mayonnaise,mayonnaise,in_category,off,high,
Q15810489,Q89,kind_of,wikidata,high,
en:fresh-broad-bean-to-shell,Q145909,kind_of,off,high,
Q5503208,Q4750898,kind_of,wikidata,high,
Q15810505,Q89,kind_of,wikidata,high,
Q3087626,Q2051651,kind_of,wikidata,picked,
Q2180797,Q3088326,kind_of,wikidata,picked,
Q3356849,cheese,in_category,wikidata,high,
en:fruits-and-nuts,fruit,in_category,off,picked,
Q22127767,Q235169,kind_of,wikidata,high,
Q96627147,Q89,kind_of,wikidata,high,
Q20984134,sauce,in_category,wikidata,high,
Q108354091,Q1621080,kind_of,wikidata,high,
Q11604430,Q5090,kind_of,wikidata,high,
Q208028,fish,in_category,wikidata,high,
Q124810027,fish,in_category,wikidata,high,
Q12313427,dairy-product,in_category,wikidata,high,
en:gala-apple,Q89,kind_of,off,high,
Q41777233,Q3395987,kind_of,wikidata,picked,
Q11296314,chocolate,in_category,wikidata,high,
Q140197211,Q1621080,kind_of,wikidata,high,
Q356844,fruit,in_category,wikidata,high,
Q41777245,Q3395987,kind_of,wikidata,high,
Q108314591,Q796185,kind_of,wikidata,high,
Q112123070,Q8495,kind_of,wikidata,high,
Q2641073,Q170486,kind_of,wikidata,high,
Q96627148,Q89,kind_of,wikidata,high,
Q3758209,Q14789810,kind_of,wikidata,picked,
Q136500562,Q11106,kind_of,wikidata,high,
Q12821979,Q13186,kind_of,wikidata,high,
Q107863092,Q3143131,kind_of,wikidata,picked,
Q12538673,sauce,in_category,wikidata,high,
Q5524082,Q27038733,kind_of,wikidata,high,
Q5524564,Q169,kind_of,wikidata,high,
Q19597274,Q3395987,kind_of,wikidata,picked,
Q11971605,spice,in_category,wikidata,high,
Q5876283,Q93165,kind_of,wikidata,high,
Q135687671,Q2735883,kind_of,wikidata,high,
Q96627150,Q89,kind_of,wikidata,high,
Q16916238,Q29472543,kind_of,wikidata,high,
Q23297712,Q89,kind_of,wikidata,high,
Q137710449,meat,in_category,wikidata,high,
fr:epinards-haches,Q36814998,kind_of,off,high,
Q1498459,Q89,kind_of,wikidata,high,
Q1498561,Q89,kind_of,wikidata,high,
Q57161536,Q89,kind_of,wikidata,high,
Q5530695,Q1621080,kind_of,wikidata,high,
Q111904781,vegetable,in_category,wikidata,high,
de:gemüsepulver,vegetable,in_category,off,high,
Q5532936,Q5090,kind_of,wikidata,high,
Q5532938,Q20638126,kind_of,wikidata,high,
Q41453468,Q89,kind_of,wikidata,high,
Q41777316,Q3395987,kind_of,wikidata,picked,
Q41777321,Q3395987,kind_of,wikidata,high,
Q5548067,cheese,in_category,wikidata,high,
Q140197182,Q1621080,kind_of,wikidata,high,
Q19361019,cheese,in_category,wikidata,high,
Q1519652,Q89,kind_of,wikidata,high,
Q5554939,goat-cheese,in_category,wikidata,high,
Q19284029,cheese,in_category,wikidata,high,
Q2270630,chocolate,in_category,wikidata,high,
Q3763843,condiment,in_category,wikidata,high,
Q582328,alcohol,in_category,off,high,
Q16571645,sauce,in_category,wikidata,high,
Q11588447,Q177378,kind_of,wikidata,high,
Q22712423,Q169,kind_of,wikidata,high,
Q2196880,chocolate,in_category,wikidata,high,
Q3107721,fruit,in_category,wikidata,high,
Q1529220,Q89,kind_of,wikidata,high,
Q3771968,Q169,kind_of,wikidata,high,
Q1500088,Q3395987,kind_of,wikidata,high,
Q353082,Q89,kind_of,wikidata,high,
Q5572305,sweetener,in_category,wikidata,high,
Q5574569,Q13317,kind_of,wikidata,high,
Q5575522,Q5090,kind_of,wikidata,high,
Q11267114,chocolate,in_category,wikidata,high,
Q1412378,Q36465,kind_of,wikidata,high,
Q96627152,Q89,kind_of,wikidata,high,
Q130326037,Q165308,kind_of,wikidata,high,
Q5578808,Q169,kind_of,wikidata,high,
Q3110123,Q89,kind_of,wikidata,high,
en:golden-delicious-apple,Q89,kind_of,off,high,
Q5579642,Q169,kind_of,wikidata,high,
Q427306,Q3395987,kind_of,wikidata,high,
Q5579803,Q3395987,kind_of,wikidata,high,
Q19388829,cheese,in_category,wikidata,high,
Q5883540,Q1621080,kind_of,wikidata,high,
Q209044,Q17315191,kind_of,wikidata,high,
Q3111390,Q1256296,kind_of,wikidata,high,
Q593675,cow-s-milk-cheese,in_category,wikidata,picked,
Q3111568,cheese,in_category,wikidata,high,
Q55612847,fish,in_category,wikidata,high,
Q135688644,Q5881191,kind_of,wikidata,high,
Q59622700,Q93189,kind_of,wikidata,high,
Q1089663,cow-s-milk-cheese,in_category,wikidata,high,
en:granny-smith-apple-juice,Q618355,kind_of,off,high,
Q3775751,cheese,in_category,wikidata,high,
Q1412674,cheese,in_category,wikidata,high,
Q1543415,Q89,kind_of,wikidata,high,
Q2735976,goat-cheese,in_category,wikidata,high,
Q55814346,seed-oil,in_category,wikidata,high,
Q108423002,Q1621080,kind_of,wikidata,high,
Q489226,Q3395987,kind_of,wikidata,picked,
Q12900108,cheese,in_category,wikidata,high,
Q12900106,cow-s-milk-cheese,in_category,wikidata,picked,
Q27044265,cheese,in_category,wikidata,high,
en:greek-style-marinated-mushrooms,mushroom,in_category,off,high,
Q115000483,condiment,in_category,wikidata,picked,
Q3116427,Q3395987,kind_of,wikidata,high,
Q3116606,Q89,kind_of,wikidata,high,
en:grilled-chestnut,Q773987,kind_of,off,high,
en:grilled-lean-beef-rib-steak,Q192628,kind_of,off,high,
Q30940906,seafood,in_category,wikidata,high,
Q110651429,mustard,in_category,wikidata,high,
Q3116999,Q3395987,kind_of,wikidata,picked,
Q1547451,Q503,kind_of,wikidata,high,
Q3116970,Q19359994,kind_of,wikidata,high,
Q3117044,Q1621080,kind_of,wikidata,high,
Q55663392,Q89,kind_of,wikidata,high,
Q18450715,Q36465,kind_of,wikidata,high,
Q142116,Q15645384,kind_of,wikidata,picked,
Q10510444,Q89,kind_of,wikidata,high,
Q65251483,Q192628,kind_of,wikidata,high,
Q41777827,Q3395987,kind_of,wikidata,picked,
Q5617695,Q20638126,kind_of,wikidata,high,
Q3120773,Q16587531,kind_of,wikidata,high,
Q12822802,Q2735883,kind_of,wikidata,high,
Q18450737,Q36465,kind_of,wikidata,high,
Q12822845,Q5881191,kind_of,wikidata,high,
Q431935,Q13099586,kind_of,wikidata,high,
Q14601067,condiment,in_category,wikidata,high,
Q12715216,Q2796766,kind_of,wikidata,high,
Q5637734,Q169,kind_of,wikidata,high,
Q1568152,syrup,in_category,wikidata,high,
Q11381472,Q11254,kind_of,wikidata,high,
de:halbbitterschokolade,chocolate,in_category,off,high,
en:halkidiki-olives,Q1621080,kind_of,off,high,
en:ham-in-cube,Q170486,kind_of,off,high,
Q1199936,fruit,in_category,wikidata,high,
Q25388438,condiment,in_category,wikidata,picked,
Q16860994,Q20638126,kind_of,wikidata,high,
Q1584903,Q89,kind_of,wikidata,high,
Q5654906,blue-cheese,in_category,wikidata,picked,
Q3127445,common-bean,in_category,wikidata,high,
es:harina-de-trigo-enriquecida-segun-ley-25630,Q2249305,kind_of,off,high,
Q25113058,Q169,kind_of,wikidata,high,
Q5662995,Q130752177,kind_of,wikidata,high,
Q55829874,seed-oil,in_category,wikidata,high,
Q140315866,Q4750898,kind_of,wikidata,high,
Q5681072,Q169,kind_of,wikidata,high,
Q11390440,Q235169,kind_of,wikidata,high,
Q22286514,Q3395987,kind_of,wikidata,high,
en:hayward-kiwifruit,Q13194,kind_of,off,high,
Q55815412,seed-oil,in_category,wikidata,high,
Q1595758,Q89,kind_of,wikidata,high,
Q56408589,Q5726634,kind_of,wikidata,high,
Q3531003,Q20638126,kind_of,wikidata,high,
Q42171460,mayonnaise,in_category,wikidata,high,
Q3784795,condiment,in_category,wikidata,high,
Q5717711,condiment,in_category,wikidata,high,
Q913548,spice-mix,in_category,wikidata,picked,
Q16816,Q10978,kind_of,wikidata,high,
Q1811739,cheese,in_category,wikidata,high,
Q1614183,Q89,kind_of,wikidata,high,
Q96627154,Q89,kind_of,wikidata,high,
Q16860995,Q20638126,kind_of,wikidata,high,
Q1790817,Q11254,kind_of,wikidata,picked,
en:himalayan-sea-salt,Q282694,kind_of,off,high,
Q22126664,chili-pepper,in_category,wikidata,high,
Q17054986,Q169,kind_of,wikidata,high,
Q100979996,Q89,kind_of,wikidata,high,
Q1487382,vegetable,in_category,wikidata,high,
Q10297320,cheese,in_category,wikidata,high,
Q9004419,sauce,in_category,wikidata,high,
Q3068209,Q1621080,kind_of,wikidata,high,
Q1558583,Q89,kind_of,wikidata,high,
Q55815152,seed-oil,in_category,wikidata,high,
Q55814468,seed-oil,in_category,wikidata,high,
Q55814447,seed-oil,in_category,wikidata,high,
Q55814425,seed-oil,in_category,wikidata,high,
Q12020034,Q192628,kind_of,wikidata,high,
Q3140005,Q89,kind_of,wikidata,high,
Q30589822,Q169,kind_of,wikidata,high,
Q52181134,Q10978,kind_of,wikidata,high,
Q3140024,Q89,kind_of,wikidata,high,
Q28933392,Q3395987,kind_of,wikidata,high,
Q2423291,spice,in_category,wikidata,high,
Q41778125,Q3395987,kind_of,wikidata,high,
Q16576488,fish,in_category,wikidata,high,
Q3142822,Q93165,kind_of,wikidata,high,
Q18398374,Q93165,kind_of,wikidata,high,
Q3142820,Q93165,kind_of,wikidata,high,
Q3142825,Q93165,kind_of,wikidata,high,
Q3142826,Q93165,kind_of,wikidata,high,
Q3143234,cheese,in_category,wikidata,high,
en:humboldt-squid,Q550774,kind_of,off,high,
Q135641992,meat,in_category,wikidata,high,
Q3088360,cheese,in_category,wikidata,high,
Q131757744,cheese,in_category,wikidata,high,
Q85991120,sheep-milk-cheese,in_category,wikidata,picked,
de:hühnerfleischpulver,Q864693,kind_of,off,high,
Q21428113,Q192628,kind_of,wikidata,high,
Q11352485,condiment,in_category,wikidata,high,
en:idared-apple,Q89,kind_of,off,high,
Q68065,condiment,in_category,wikidata,picked,
Q24952317,Q169,kind_of,wikidata,high,
en:imleria,mushroom,in_category,off,high,
Q35375262,Q89,kind_of,wikidata,high,
Q104398542,fruit,in_category,wikidata,high,
en:indian-gooseberry,Q16128920,kind_of,off,high,
Q3088361,cheese,in_category,wikidata,high,
Q107862813,spice,in_category,wikidata,high,
Q6030056,chili-pepper,in_category,wikidata,high,
Q486425,Q3395974,kind_of,wikidata,picked,
Q135991180,cow-s-milk-cheese,in_category,wikidata,picked,
Q96627157,Q89,kind_of,wikidata,high,
Q6074981,Q169,kind_of,wikidata,high,
Q12823567,Q3733836,kind_of,wikidata,high,
Q111120215,Q169,kind_of,wikidata,high,
Q6080770,meat,in_category,wikidata,high,
Q941166,Q10978,kind_of,wikidata,high,
Q17315191,cheese,in_category,wikidata,high,
Q3155985,Q1621080,kind_of,wikidata,high,
Q16930408,Q169,kind_of,wikidata,high,
Q1047384,blue-cheese,in_category,wikidata,picked,
Q5925956,Q170486,kind_of,wikidata,high,
Q280823,Q3395987,kind_of,wikidata,high,
Q132567004,Q130752177,kind_of,wikidata,high,
Q12022214,cheese,in_category,wikidata,high,
Q6124449,Q169,kind_of,wikidata,high,
Q848779,fruit-syrup,in_category,wikidata,high,
Q16860935,chili-pepper,in_category,wikidata,high,
Q452601,Q89,kind_of,wikidata,high,
Q3160840,Q170486,kind_of,wikidata,high,
Q1885761,Q5309466,kind_of,wikidata,high,
Q3160843,Q170486,kind_of,wikidata,high,
Q3160845,Q170486,kind_of,wikidata,high,
Q3160846,Q170486,kind_of,wikidata,high,
Q492928,Q3395987,kind_of,wikidata,picked,
Q28048050,root-vegetable,in_category,wikidata,high,
Q17173229,Q5090,kind_of,wikidata,high,
Q6538385,nut,in_category,wikidata,high,
Q10539708,essential-oil,in_category,wikidata,high,
Q6168513,Q10978,kind_of,wikidata,high,
Q6170619,Q169,kind_of,wikidata,high,
Q131583697,Q5090,kind_of,wikidata,high,
Q65600666,citrus-fruit,in_category,wikidata,high,
Q6191001,meat,in_category,wikidata,high,
Q3274645,Q5309466,kind_of,wikidata,high,
Q11544908,Q29526,kind_of,wikidata,high,
Q12205689,Q1621080,kind_of,wikidata,high,
Q9012336,dairy-product,in_category,wikidata,high,
Q119171003,Q13317,kind_of,wikidata,high,
de:joghurterzeugnis,Q13317,kind_of,off,high,
Q55815129,seed-oil,in_category,wikidata,high,
Q41778346,Q3395987,kind_of,wikidata,high,
Q1866130,Q89,kind_of,wikidata,high,
Q1228728,Q13099586,kind_of,wikidata,high,
Q12824112,Q10978,kind_of,wikidata,high,
Q20984885,Q5090,kind_of,wikidata,high,
Q6299861,Q10978,kind_of,wikidata,high,
Q6301802,Q20638126,kind_of,wikidata,high,
Q6307992,Q169,kind_of,wikidata,high,
Q41454287,Q89,kind_of,wikidata,high,
Q62099142,Q13099586,kind_of,wikidata,high,
Q2801583,Q89,kind_of,wikidata,high,
de:junge-erbsen-mit-möhren,Q81,kind_of,off,high,
fr:jus-d-orange-igp-valencia,Q219059,kind_of,off,high,
Q3025831,Q13099586,kind_of,wikidata,high,
Q1714715,Q89,kind_of,wikidata,high,
Q12320673,Q36465,kind_of,wikidata,high,
Q107071978,chutney,in_category,wikidata,high,
Q10542414,Q8495,kind_of,wikidata,high,
Q11412305,pickle,in_category,wikidata,high,
Q12233999,Q1621080,kind_of,wikidata,high,
Q5957667,Q29526,kind_of,wikidata,high,
Q3812540,Q29526,kind_of,wikidata,high,
Q106520113,seed-oil,in_category,wikidata,high,
Q6350358,Q1621080,kind_of,wikidata,high,
Q5957709,Q93165,kind_of,wikidata,high,
Q3192149,dairy-product,in_category,wikidata,high,
Q131412000,Q5090,kind_of,wikidata,high,
en:kalooteh-dates,Q1652093,kind_of,off,high,
Q19597629,fruit,in_category,wikidata,high,
Q65291052,vegetable,in_category,wikidata,high,
Q16916206,spice,in_category,wikidata,high,
Q11574262,citrus-fruit,in_category,wikidata,picked,
Q2819625,Q3395974,kind_of,wikidata,picked,
en:kanzuri,hot-sauce,in_category,off,high,
Q2890574,pickle,in_category,wikidata,high,
Q918483,Q89,kind_of,wikidata,high,
Q16937065,sauce,in_category,wikidata,high,
Q650685,Q191768,kind_of,wikidata,high,
en:katsuobushi,en:skipjack-tuna,kind_of,off,high,
Q55830120,seed-oil,in_category,wikidata,high,
Q11553410,citrus-fruit,in_category,wikidata,picked,
Q12526065,Q13317,kind_of,wikidata,high,
Q1232535,sheep-milk-cheese,in_category,wikidata,picked,
Q3814347,Q169,kind_of,wikidata,high,
Q3814644,Q169,kind_of,wikidata,high,
Q3814647,Q169,kind_of,wikidata,high,
en:kenta-dates,Q1652093,kind_of,off,high,
Q46477992,cheese,in_category,wikidata,high,
Q18396006,Q89,kind_of,wikidata,high,
Q104052947,fish,in_category,wikidata,high,
Q22285389,Q3395987,kind_of,wikidata,high,
Q1075478,spice-mix,in_category,wikidata,high,
en:khudri-dates,Q1652093,kind_of,off,high,
Q136373880,Q10988133,kind_of,wikidata,high,
Q1614358,syrup,in_category,wikidata,high,
Q10779714,seafood,in_category,wikidata,high,
Q117862884,Q1753272,kind_of,wikidata,high,
Q3196384,Q3395974,kind_of,wikidata,picked,
Q55814333,seed-oil,in_category,wikidata,high,
Q132661273,meat,in_category,wikidata,high,
Q10545441,spice,in_category,off,high,
Q141898,Q113199286,kind_of,off,high,
Q41778640,Q3395987,kind_of,wikidata,picked,
Q109361722,Q15645384,kind_of,wikidata,high,
Q11646981,Q235169,kind_of,wikidata,high,
Q111914087,Q449506,kind_of,wikidata,high,
Q3815732,Q13194,kind_of,wikidata,high,
Q3197657,Q13194,kind_of,wikidata,high,
Q30926611,vegetable,in_category,wikidata,high,
Q97484218,vegetable,in_category,wikidata,high,
Q13096825,Q192628,kind_of,wikidata,high,
Q1435768,Q1753272,kind_of,wikidata,picked,
Q55815672,seed-oil,in_category,wikidata,high,
Q1243238,Q89,kind_of,wikidata,high,
Q3197958,Q131419,kind_of,wikidata,high,
Q1777117,pickle,in_category,wikidata,high,
Q67187283,Q5309466,kind_of,wikidata,high,
Q1777389,vegetable,in_category,wikidata,high,
Q67890219,Q36465,kind_of,wikidata,high,
Q20621652,cheese,in_category,wikidata,high,
Q5960372,Q93165,kind_of,wikidata,high,
Q10547776,Q8495,kind_of,wikidata,high,
Q540837,cheese,in_category,wikidata,high,
Q131425537,Q5090,kind_of,wikidata,high,
Q27102126,Q89,kind_of,wikidata,high,
Q28454689,Q11254,kind_of,wikidata,high,
Q48189338,chili-pepper,in_category,wikidata,high,
Q132126912,Q191768,kind_of,wikidata,high,
Q19618385,Q89,kind_of,wikidata,high,
Q21087084,Q1621080,kind_of,wikidata,high,
Q11673153,Q177378,kind_of,wikidata,high,
Q5960641,Q93165,kind_of,wikidata,high,
Q28771804,cheese,in_category,wikidata,high,
Q1750077,sauce,in_category,wikidata,high,
Q12492558,sauce,in_category,wikidata,high,
Q60336988,mustard,in_category,wikidata,high,
Q12031532,Q192628,kind_of,wikidata,high,
Q12322996,Q2796766,kind_of,wikidata,high,
Q5960760,Q93165,kind_of,wikidata,high,
Q25640401,Q16587531,kind_of,wikidata,high,
Q10549617,sauce,in_category,wikidata,high,
Q31198356,Q93165,kind_of,wikidata,high,
Q821353,vegetable,in_category,wikidata,high,
Q11751063,Q170486,kind_of,wikidata,high,
Q24871689,citrus-fruit,in_category,wikidata,picked,
Q25507122,vegetable-oil,in_category,wikidata,high,
Q3623340,sauce,in_category,wikidata,high,
Q134282351,soy-sauce,in_category,wikidata,high,
de:käsereimilch,Q8495,kind_of,off,high,
Q3201107,Q3774485,kind_of,wikidata,high,
Q58314319,fish,in_category,wikidata,high,
Q1797415,Q81,kind_of,wikidata,high,
Q109042056,cheese,in_category,wikidata,high,
Q11348961,chocolate,in_category,wikidata,high,
Q2438722,Q2223649,kind_of,wikidata,high,
Q3820647,Q1621080,kind_of,wikidata,high,
fr:saumon-cuit,Q2796766,kind_of,off,high,
Q1265899,Q170486,kind_of,wikidata,high,
Q71135786,seed-oil,in_category,wikidata,high,
Q3825265,Q10978,kind_of,wikidata,high,
Q20919012,Q89,kind_of,wikidata,high,
Q3825584,Q14789810,kind_of,wikidata,picked,
Q12391503,cheese,in_category,wikidata,high,
Q16892880,Q169,kind_of,wikidata,high,
Q6480480,seed-oil,in_category,wikidata,high,
Q21154910,Q643419,kind_of,wikidata,high,
Q3826447,Q93165,kind_of,wikidata,high,
en:laminaria,en:kelp,kind_of,off,high,
Q60968334,Q643419,kind_of,wikidata,high,
Q60968367,Q157484,kind_of,wikidata,high,
Q1244290,cow-s-milk-cheese,in_category,wikidata,picked,
Q96386866,Q169,kind_of,wikidata,high,
Q130611730,cheese,in_category,wikidata,high,
Q96627159,Q89,kind_of,wikidata,high,
Q10554012,Q3395987,kind_of,wikidata,high,
Q20934435,Q169,kind_of,wikidata,high,
Q1240158,cow-s-milk-cheese,in_category,wikidata,high,
Q9550356,Q157484,kind_of,wikidata,high,
Q6703217,Q13191,kind_of,wikidata,high,
Q134126124,Q796185,kind_of,wikidata,high,
Q13196534,Q15645384,kind_of,wikidata,high,
Q4745259,Q3395974,kind_of,wikidata,picked,
Q1975938,goat-cheese,in_category,wikidata,high,
Q137847309,goat-cheese,in_category,wikidata,picked,
Q3222418,cheese,in_category,wikidata,high,
Q2100226,Q2223649,kind_of,wikidata,high,
Q3229524,lentil,in_category,wikidata,high,
Q3228722,Q1621080,kind_of,wikidata,high,
en:leccinum,mushroom,in_category,off,high,
Q3228732,Q3088318,kind_of,wikidata,high,
Q81615085,sauce,in_category,wikidata,high,
Q5972406,Q1621080,kind_of,wikidata,high,
Q13094650,sauce,in_category,wikidata,high,
Q55830221,seed-oil,in_category,wikidata,high,
Q67210384,spice,in_category,wikidata,high,
en:lemon-sole,fish,in_category,off,high,
Q43669835,syrup,in_category,wikidata,high,
Q47472099,Q13317,kind_of,wikidata,high,
Q3830214,lentil,in_category,wikidata,high,
Q3229521,lentil,in_category,wikidata,high,
Q3229527,lentil,in_category,wikidata,high,
Q5133445,Q93165,kind_of,wikidata,high,
Q108130014,Q1621080,kind_of,wikidata,high,
Q41778907,Q3395987,kind_of,wikidata,picked,
Q3237597,Q3774485,kind_of,wikidata,high,
Q6548069,Q20638126,kind_of,wikidata,high,
Q776025,cow-s-milk-cheese,in_category,wikidata,picked,
Q3832512,citrus-fruit,in_category,wikidata,high,
Q3241198,Q1093742,kind_of,wikidata,high,
Q3832521,Q1093742,kind_of,wikidata,high,
Q64549298,Q1093742,kind_of,wikidata,high,
Q109377176,Q1093742,kind_of,wikidata,high,
Q118819153,Q1093742,kind_of,wikidata,high,
Q3241200,Q1093742,kind_of,wikidata,high,
Q41778935,Q3395987,kind_of,wikidata,picked,
Q18454792,Q36465,kind_of,wikidata,high,
Q6556906,Q169,kind_of,wikidata,high,
en:liquid-30-fat-uht-cream,Q13228,kind_of,off,high,
Q655597,fruit,in_category,wikidata,high,
Q47472104,cheese,in_category,wikidata,high,
Q3437219,cheese,in_category,wikidata,high,
Q108354127,Q1621080,kind_of,wikidata,high,
Q83756161,Q89,kind_of,wikidata,high,
Q3257793,Q3395987,kind_of,wikidata,picked,
Q25616497,sauce,in_category,wikidata,high,
Q2827925,Q21546392,kind_of,wikidata,high,
Q1768003,Q3395987,kind_of,wikidata,high,
Q427734,meat,in_category,wikidata,high,
Q41778988,Q3395987,kind_of,wikidata,high,
Q3259594,Q3088326,kind_of,wikidata,high,
Q6688469,sauce,in_category,wikidata,high,
Q96627163,Q89,kind_of,wikidata,high,
Q5981970,Q93165,kind_of,wikidata,high,
Q3265965,Q1621080,kind_of,wikidata,high,
Q1697639,Q89,kind_of,wikidata,high,
en:lukuma,fruit,in_category,off,high,
Q6702744,Q961769,kind_of,wikidata,high,
Q55815445,seed-oil,in_category,wikidata,high,
Q96627165,Q89,kind_of,wikidata,high,
Q6704473,sambal,in_category,wikidata,high,
Q5985151,Q93165,kind_of,wikidata,high,
Q55815618,seed-oil,in_category,wikidata,high,
Q10572489,Q8495,kind_of,wikidata,high,
Q10572704,Q93189,kind_of,wikidata,high,
Q55830113,seed-oil,in_category,wikidata,high,
Q10788054,Q5090,kind_of,wikidata,high,
Q3272160,Q16587531,kind_of,wikidata,high,
Q65084567,Q89,kind_of,wikidata,high,
Q11232157,Q177378,kind_of,wikidata,high,
Q135188969,Q1269205,kind_of,wikidata,picked,
Q3273732,cow-s-milk-cheese,in_category,wikidata,high,
Q141099658,Q13241,kind_of,wikidata,high,
Q932231,sauce,in_category,wikidata,high,
Q2186565,sauce,in_category,wikidata,high,
Q6728543,sauce,in_category,wikidata,high,
Q115618544,fruit,in_category,wikidata,high,
Q1883958,Q157484,kind_of,wikidata,high,
Q55621746,Q169,kind_of,wikidata,high,
Q4164590,fish-sauce,in_category,wikidata,high,
Q136678592,Q17315191,kind_of,wikidata,high,
Q1885789,Q89,kind_of,wikidata,high,
Q11880608,cheese,in_category,wikidata,high,
Q473202,Q27038733,kind_of,wikidata,high,
Q936560,Q3406628,kind_of,wikidata,high,
Q5491704,Q13186,kind_of,wikidata,high,
Q130755593,Q169,kind_of,wikidata,high,
Q17107862,Q169,kind_of,wikidata,high,
Q6744258,Q27038733,kind_of,wikidata,high,
Q8186982,Q93165,kind_of,wikidata,high,
Q122927520,Q13191,kind_of,wikidata,high,
Q16668217,Q13191,kind_of,wikidata,high,
Q20817872,Q961769,kind_of,wikidata,high,
Q19602771,Q89,kind_of,wikidata,high,
Q886464,Q89,kind_of,wikidata,high,
Q19309094,Q89,kind_of,wikidata,high,
Q96627167,Q89,kind_of,wikidata,high,
fr:mangue-importee-en-bateau,Q169,kind_of,off,high,
Q6749734,Q169,kind_of,wikidata,high,
Q55830273,seed-oil,in_category,wikidata,high,
Q19572892,Q3395987,kind_of,wikidata,high,
Q136345512,Q81,kind_of,wikidata,high,
Q3844897,Q17315191,kind_of,wikidata,high,
Q11934902,Q34172,kind_of,wikidata,high,
Q6752020,Q34172,kind_of,wikidata,high,
en:manuka-honey,Q10987,kind_of,off,high,
Q9028324,Q1621080,kind_of,wikidata,high,
Q110808849,Q1621080,kind_of,wikidata,high,
Q17124648,Q14458220,kind_of,wikidata,high,
Q87591025,syrup,in_category,wikidata,high,
Q11341801,chocolate,in_category,wikidata,high,
en:marc-de-bourgogne,en:pomace-brandy,kind_of,off,high,
en:marc-de-champagne,en:pomace-brandy,kind_of,off,high,
Q118819170,Q14789810,kind_of,wikidata,picked,
en:marcona-almond,Q184357,kind_of,off,high,
Q1626037,cheese,in_category,wikidata,high,
Q108354187,Q1621080,kind_of,wikidata,high,
Q6763008,condiment,in_category,wikidata,picked,
Q2088642,tomato-sauce,in_category,wikidata,high,
Q96627175,Q89,kind_of,wikidata,high,
Q734978,Q3774485,kind_of,wikidata,picked,
Q3849850,Q773987,kind_of,wikidata,high,
Q118819178,Q773987,kind_of,wikidata,high,
Q3849848,Q773987,kind_of,wikidata,high,
Q3849851,Q773987,kind_of,wikidata,high,
Q118819181,Q773987,kind_of,wikidata,high,
Q3849853,Q773987,kind_of,wikidata,high,
Q3849854,Q773987,kind_of,wikidata,high,
Q842052,fortified-wine,in_category,wikidata,picked,
Q41779246,Q3395987,kind_of,wikidata,picked,
Q41779249,Q3395987,kind_of,wikidata,high,
Q106804810,cheese,in_category,wikidata,high,
Q132132567,chutney,in_category,wikidata,high,
Q67206116,Q5726634,kind_of,wikidata,high,
Q6789614,Q29472543,kind_of,wikidata,high,
Q1911153,Q89,kind_of,wikidata,high,
Q3852474,Q1621080,kind_of,wikidata,high,
Q16242644,chocolate,in_category,wikidata,high,
en:mazafati-dates,Q1652093,kind_of,off,high,
Q140197212,Q1621080,kind_of,wikidata,high,
Q10327890,Q89,kind_of,wikidata,high,
Q18474530,Q89,kind_of,wikidata,high,
Q18474534,Q89,kind_of,wikidata,high,
Q18474537,Q89,kind_of,wikidata,high,
Q18474544,Q89,kind_of,wikidata,high,
Q18474549,Q89,kind_of,wikidata,high,
Q1144556,Q89,kind_of,wikidata,high,
Q25618331,Q5090,kind_of,wikidata,high,
Q96627178,Q89,kind_of,wikidata,high,
Q5753009,Q957434,kind_of,wikidata,high,
en:mediterranean-mussel,Q13042834,kind_of,off,high,
en:mediterranean-salt,Q282694,kind_of,off,high,
en:megrim,fish,in_category,off,high,
de:mehrfruchtsaft-aus-mehrfruchtsaftkonzentrat,fruit,in_category,off,high,
Q11512293,Q13317,kind_of,wikidata,high,
Q11512294,Q13317,kind_of,wikidata,high,
Q11512298,Q13317,kind_of,wikidata,high,
Q11512296,chocolate,in_category,wikidata,high,
Q118819185,Q89,kind_of,wikidata,high,
Q3854081,Q89,kind_of,wikidata,high,
Q24075586,Q89,kind_of,wikidata,high,
Q118819183,Q89,kind_of,wikidata,high,
Q108416344,Q5881191,kind_of,wikidata,high,
Q21427617,fruit,in_category,wikidata,high,
Q3854299,Q5881191,kind_of,wikidata,high,
Q136526294,seafood,in_category,wikidata,high,
Q41779358,Q3395987,kind_of,wikidata,high,
Q140197180,Q1621080,kind_of,wikidata,high,
Q19572989,Q1621080,kind_of,wikidata,high,
la:metapenaeus-affinis,Q1517781,kind_of,off,high,
Q202946,Q10987,kind_of,wikidata,high,
Q136804195,cheese,in_category,wikidata,high,
Q3307563,sauce,in_category,wikidata,high,
Q5089436,cheese,in_category,wikidata,high,
Q30635271,Q13191,kind_of,wikidata,high,
Q3312777,Q10987,kind_of,wikidata,high,
fr:miel-de-luzerne,Q10987,kind_of,off,high,
fr:miel-et-propolis-verte,Q10987,kind_of,off,high,
Q3857102,Q10987,kind_of,wikidata,high,
Q16578397,Q10987,kind_of,wikidata,high,
Q567516,cheese,in_category,wikidata,high,
Q108065444,Q13233,kind_of,wikidata,high,
Q94521665,Q8495,kind_of,wikidata,high,
Q4582931,dairy-product,in_category,wikidata,high,
Q1934437,dairy-product,in_category,wikidata,high,
Q749121,Q2223649,kind_of,wikidata,high,
Q3858371,Q1621080,kind_of,wikidata,high,
Q10585805,Q8495,kind_of,wikidata,high,
Q89999776,fruit-jam,in_category,wikidata,high,
Q105085821,Q5881191,kind_of,wikidata,high,
Q6881572,Q13317,kind_of,wikidata,high,
Q6878494,Q1621080,kind_of,wikidata,high,
Q12827547,Q3733836,kind_of,wikidata,high,
Q3318236,common-bean,in_category,wikidata,high,
de:mokaranahonig,Q10987,kind_of,off,high,
Q55815117,seed-oil,in_category,wikidata,high,
de:molkeneiweißkäse,Q185009,kind_of,off,high,
Q41779488,Q3395987,kind_of,wikidata,high,
Q10513511,dairy-product,in_category,wikidata,high,
Q3322118,Q3088330,kind_of,wikidata,high,
Q1223352,Q17315191,kind_of,wikidata,high,
Q1056415,cow-s-milk-cheese,in_category,wikidata,picked,
Q6022705,Q93165,kind_of,wikidata,high,
Q6022738,Q93165,kind_of,wikidata,high,
Q6022813,Q93165,kind_of,wikidata,high,
Q96627181,Q89,kind_of,wikidata,high,
Q48751123,chocolate,in_category,wikidata,high,
Q2463769,condiment,in_category,wikidata,picked,
Q2720622,Q131419,kind_of,wikidata,high,
Q1653093,fruit-preserves,in_category,wikidata,picked,
Q32361667,Q5620025,kind_of,wikidata,high,
Q3325139,Q3088326,kind_of,wikidata,high,
Q42863988,Q13042834,kind_of,wikidata,high,
Q6022723,Q93165,kind_of,wikidata,high,
Q1072689,mustard,in_category,wikidata,high,
Q66768684,vegetable,in_category,wikidata,high,
Q941068,cheese,in_category,wikidata,high,
Q113988259,cheese,in_category,wikidata,high,
Q13178610,starch,in_category,wikidata,high,
Q6929737,condiment,in_category,wikidata,high,
Q6931973,cow-s-milk-cheese,in_category,wikidata,picked,
Q12239327,Q1621080,kind_of,wikidata,high,
Q6933966,Q169,kind_of,wikidata,high,
Q135704144,Q36465,kind_of,wikidata,high,
Q10333224,jam,in_category,wikidata,high,
Q1238105,Q17315191,kind_of,wikidata,high,
Q1247863,Q27038733,kind_of,wikidata,high,
Q1953925,sauce,in_category,wikidata,high,
Q12243469,Q1621080,kind_of,wikidata,high,
Q1499340,Q10978,kind_of,wikidata,high,
Q2613423,Q3395987,kind_of,wikidata,picked,
Q1808832,Q3395974,kind_of,wikidata,picked,
en:mutton-leg,meat,in_category,off,high,
Q107268342,fruit,in_category,wikidata,high,
Q107262465,seed,in_category,wikidata,high,
Q517409,goat-cheese,in_category,wikidata,high,
Q22442791,goat-cheese,in_category,wikidata,high,
Q16480786,spice,in_category,wikidata,high,
Q135284101,Q1621080,kind_of,wikidata,high,
Q55815608,seed-oil,in_category,wikidata,high,
Q125704400,Q13099586,kind_of,wikidata,high,
Q17226613,Q191768,kind_of,wikidata,high,
Q12040362,cheese,in_category,wikidata,high,
Q30591528,Q169,kind_of,wikidata,high,
Q56389371,Q89,kind_of,wikidata,high,
Q96627184,Q89,kind_of,wikidata,high,
Q11408324,Q177378,kind_of,wikidata,high,
Q28326471,leaf-vegetable,in_category,wikidata,high,
Q13360268,Q14328596,kind_of,wikidata,high,
Q3621268,Q13191,kind_of,wikidata,high,
Q3894670,Q1548030,kind_of,wikidata,high,
Q4886791,tomato-sauce,in_category,wikidata,high,
Q108417749,Q1621080,kind_of,wikidata,high,
en:nelumbo,vegetable,in_category,off,high,
Q476864,fruit,in_category,wikidata,high,
Q65132787,citrus-fruit,in_category,wikidata,high,
Q96627185,Q89,kind_of,wikidata,high,
Q6041365,Q1621080,kind_of,wikidata,high,
Q104699765,fruit,in_category,wikidata,high,
Q105560983,Q4750898,kind_of,wikidata,high,
Q4750898,chili-pepper,in_category,wikidata,high,
Q3339008,Q16587531,kind_of,wikidata,high,
Q41779630,Q3395987,kind_of,wikidata,high,
Q14531602,Q89,kind_of,wikidata,high,
Q12992386,seed-oil,in_category,wikidata,high,
Q68450302,fish,in_category,wikidata,high,
Q60057627,Q41354,kind_of,wikidata,high,
Q7040589,Q5090,kind_of,wikidata,high,
Q26934523,fruit,in_category,wikidata,high,
Q3160844,Q170486,kind_of,wikidata,high,
Q3993016,Q578307,kind_of,wikidata,high,
Q3877633,Q578307,kind_of,wikidata,high,
Q3877632,Q578307,kind_of,wikidata,high,
Q136746982,nut,in_category,wikidata,high,
Q56324382,Q1621080,kind_of,wikidata,high,
Q776647,Q1621080,kind_of,wikidata,high,
en:nonpareil-almonds,Q184357,kind_of,off,high,
Q1999793,sauce,in_category,wikidata,high,
Q1889210,fish,in_category,wikidata,high,
Q3088365,cheese,in_category,wikidata,high,
Q3878649,Q17315191,kind_of,wikidata,high,
Q30324189,Q131419,kind_of,wikidata,high,
Q7067706,Q4750898,kind_of,wikidata,high,
Q2003973,Q4750898,kind_of,wikidata,high,
Q113645506,vegetable,in_category,wikidata,high,
Q7071362,Q5090,kind_of,wikidata,high,
Q7072636,sauce,in_category,wikidata,high,
Q707630,fresh-cheese,in_category,wikidata,picked,
Q98141495,fruit,in_category,wikidata,high,
Q111904767,fruit,in_category,wikidata,high,
Q2314034,Q5881191,kind_of,wikidata,high,
Q3349932,Q3406628,kind_of,wikidata,high,
Q1934523,vegetable,in_category,wikidata,high,
Q17442381,meat,in_category,wikidata,high,
Q55815030,seed-oil,in_category,wikidata,high,
Q118186787,vegetable,in_category,wikidata,high,
Q16938703,sauce,in_category,wikidata,high,
Q2290779,Q93165,kind_of,wikidata,high,
Q11481736,Q93165,kind_of,wikidata,high,
Q25095049,Q1621080,kind_of,wikidata,high,
Q120669355,Q93165,kind_of,wikidata,high,
Q118677993,Q14789810,kind_of,wikidata,picked,
Q28670703,Q93165,kind_of,wikidata,high,
Q3350622,Q1621080,kind_of,wikidata,high,
Q3881774,Q1621080,kind_of,wikidata,high,
Q3350632,Q1621080,kind_of,wikidata,high,
Q3350631,Q1621080,kind_of,wikidata,high,
Q120669331,Q1621080,kind_of,wikidata,high,
Q3350637,Q1621080,kind_of,wikidata,high,
Q108660581,Q1621080,kind_of,wikidata,high,
Q3350687,Q1621080,kind_of,wikidata,high,
Q3351488,Q1621080,kind_of,wikidata,high,
en:onion-extract,Q3406628,kind_of,off,high,
Q2024669,Q3395987,kind_of,wikidata,picked,
Q19978120,Q2735883,kind_of,wikidata,high,
Q106434706,Q1548030,kind_of,wikidata,high,
Q124726648,Q3395987,kind_of,wikidata,picked,
en:organic-apple,Q89,kind_of,off,high,
en:organic-orange-juice,Q219059,kind_of,off,high,
Q18399031,Q89,kind_of,wikidata,high,
Q1147035,Q5090,kind_of,wikidata,high,
Q72447,cheese,in_category,off,high,
Q124810126,fish,in_category,wikidata,high,
Q520598,Q3088318,kind_of,wikidata,picked,
Q4337660,cheese,in_category,wikidata,high,
Q3886850,Q17315191,kind_of,wikidata,high,
Q599314,Q169,kind_of,wikidata,high,
Q124813532,fish,in_category,wikidata,high,
Q140197181,Q1621080,kind_of,wikidata,high,
Q136747022,Q13191,kind_of,wikidata,high,
Q41780074,Q3395987,kind_of,wikidata,high,
Q14942295,Q2223649,kind_of,wikidata,high,
Q386005,meat,in_category,wikidata,high,
Q28494004,syrup,in_category,wikidata,high,
Q104095322,meat,in_category,wikidata,high,
Q102229488,Q2796766,kind_of,wikidata,high,
Q6853367,fish-sauce,in_category,wikidata,high,
Q1466464,chili-pepper,in_category,wikidata,high,
Q1283428,cheese,in_category,wikidata,high,
Q3360561,Q36465,kind_of,wikidata,high,
Q9054806,Q191768,kind_of,off,picked,
en:palm-stearin,Q231458,kind_of,off,high,
Q7128208,Q169,kind_of,wikidata,high,
Q9065235,Q1531597,kind_of,wikidata,picked,
en:pan-fried-lean-beef-rib-steak,Q192628,kind_of,off,high,
Q3362937,Q3127593,kind_of,wikidata,high,
Q3362935,Q3127593,kind_of,wikidata,high,
Q136432008,Q11106,kind_of,wikidata,high,
Q1193831,cheese,in_category,wikidata,high,
Q17118875,Q169,kind_of,wikidata,high,
Q17636431,cow-s-milk-cheese,in_category,wikidata,picked,
Q3368219,Q13099586,kind_of,wikidata,high,
Q13197173,Q5726634,kind_of,wikidata,high,
Q7143001,Q93189,kind_of,wikidata,high,
Q96627199,Q89,kind_of,wikidata,high,
Q3368616,Q16587531,kind_of,wikidata,high,
Q3368619,cheese,in_category,wikidata,high,
en:patagonian-scallop,Q7360490,kind_of,off,high,
en:patagonian-squid,Q550774,kind_of,off,high,
Q3368630,Q16587531,kind_of,wikidata,high,
Q3368635,Q16587531,kind_of,wikidata,high,
Q2842659,Q16587531,kind_of,wikidata,high,
Q118819742,Q16587531,kind_of,wikidata,high,
Q647212,Q16587531,kind_of,wikidata,high,
Q3368640,Q16587531,kind_of,wikidata,high,
Q3368646,Q16587531,kind_of,wikidata,high,
Q86724171,Q37937,kind_of,wikidata,high,
Q110273315,cow-s-milk-cheese,in_category,wikidata,picked,
Q7145121,Q5090,kind_of,wikidata,high,
Q16962929,Q5090,kind_of,wikidata,high,
Q7147974,Q1621080,kind_of,wikidata,high,
Q3372990,Q13202263,kind_of,wikidata,high,
Q2780650,Q2223649,kind_of,wikidata,high,
Q14062450,Q2223649,kind_of,wikidata,high,
Q9065238,Q27038733,kind_of,wikidata,high,
Q52160184,fruit,in_category,wikidata,high,
Q11311060,Q177378,kind_of,wikidata,high,
Q16861017,Q20638126,kind_of,wikidata,high,
Q62099159,Q13099586,kind_of,wikidata,high,
Q1535993,Q3395987,kind_of,wikidata,high,
Q3772863,sauce,in_category,wikidata,picked,
Q3898541,cheese,in_category,wikidata,high,
Q1246024,Q3088330,kind_of,wikidata,high,
Q592173,cheese,in_category,wikidata,high,
Q980288,cheese,in_category,wikidata,high,
Q97649599,cheese,in_category,wikidata,high,
Q3898544,Q1531597,kind_of,wikidata,picked,
Q3898549,cheese,in_category,wikidata,high,
Q30914674,Q10978,kind_of,wikidata,high,
Q96627205,Q89,kind_of,wikidata,high,
en:pelinkovac,liqueur,in_category,off,high,
Q16669433,Q16587531,kind_of,wikidata,high,
en:penaeidae,Q1517781,kind_of,off,high,
Q3899061,Q93165,kind_of,wikidata,high,
Q107072113,chutney,in_category,wikidata,high,
Q3899358,Q1548030,kind_of,wikidata,high,
Q3899361,Q1548030,kind_of,wikidata,high,
Q3899625,Q13099586,kind_of,wikidata,high,
Q3899627,Q13099586,kind_of,wikidata,high,
Q3899623,Q13099586,kind_of,wikidata,high,
Q96627206,Q89,kind_of,wikidata,high,
Q600262,en:white-fish,kind_of,off,high,
Q124810005,fish,in_category,wikidata,high,
Q67821139,Q93189,kind_of,wikidata,high,
Q67820904,Q93189,kind_of,wikidata,high,
Q113348972,syrup,in_category,wikidata,high,
Q96627207,Q89,kind_of,wikidata,high,
en:perilla,herb,in_category,off,high,
Q96627219,Q89,kind_of,wikidata,high,
Q3375679,Q3088318,kind_of,wikidata,picked,
Q2694645,Q1531597,kind_of,wikidata,picked,
Q21658381,Q89,kind_of,wikidata,high,
Q3088370,cheese,in_category,wikidata,high,
en:peruvian-scallop,Q7360490,kind_of,off,high,
Q137184559,Q13202263,kind_of,wikidata,high,
Q118819229,Q13202263,kind_of,wikidata,high,
Q118819232,Q13202263,kind_of,wikidata,high,
Q3900655,Q13202263,kind_of,wikidata,high,
Q3900653,Q13202263,kind_of,wikidata,high,
Q3377112,Q2223649,kind_of,wikidata,high,
Q3377165,Q1256296,kind_of,wikidata,high,
Q18222655,Q1548030,kind_of,wikidata,high,
Q6073590,Q93165,kind_of,wikidata,high,
Q41804827,Q169,kind_of,wikidata,high,
Q6073784,Q93165,kind_of,wikidata,high,
Q1170613,vegetable,in_category,wikidata,high,
Q55814311,seed-oil,in_category,wikidata,high,
Q115618563,fruit,in_category,wikidata,high,
Q3901812,Q1531597,kind_of,wikidata,picked,
Q2277500,Q17315191,kind_of,wikidata,high,
Q3382493,Q1621080,kind_of,wikidata,high,
Q9059385,cheese,in_category,wikidata,high,
Q17118896,pickle,in_category,wikidata,high,
Q7190898,pickle,in_category,wikidata,high,
Q1245576,goat-cheese,in_category,wikidata,high,
Q3382579,Q1621080,kind_of,wikidata,high,
Q658814,Q3774485,kind_of,wikidata,high,
en:piedmont-hazelnut,Q578307,kind_of,off,high,
Q96627222,Q89,kind_of,wikidata,high,
Q3438378,spice-mix,in_category,wikidata,high,
Q3388348,cheese,in_category,wikidata,high,
Q14911969,Q3127593,kind_of,wikidata,high,
Q2880604,Q3127593,kind_of,wikidata,high,
Q250271,Q3127593,kind_of,wikidata,high,
Q96627223,Q89,kind_of,wikidata,high,
Q83822687,Q961769,kind_of,wikidata,high,
Q320238,Q89,kind_of,wikidata,high,
Q41510052,seed-oil,in_category,wikidata,high,
Q96627224,Q89,kind_of,wikidata,high,
Q104858669,sauce,in_category,wikidata,high,
Q1252186,Q89,kind_of,wikidata,high,
Q20436647,cheese,in_category,wikidata,high,
Q108113397,Q1621080,kind_of,wikidata,high,
Q3389247,fish-sauce,in_category,wikidata,high,
Q16670227,cheese,in_category,wikidata,high,
Q3391051,Q17315191,kind_of,wikidata,high,
Q3391851,Q16587531,kind_of,wikidata,high,
en:pleurotus,mushroom,in_category,off,high,
Q55814032,seed-oil,in_category,wikidata,high,
Q115618581,fruit,in_category,wikidata,high,
Q96627072,Q89,kind_of,wikidata,high,
Q6080945,Q503,kind_of,wikidata,high,
Q55815563,seed-oil,in_category,wikidata,high,
Q7206323,Q2987371,kind_of,wikidata,high,
Q12045959,Q192628,kind_of,wikidata,high,
Q2972012,goat-cheese,in_category,wikidata,high,
Q3393893,Q3088326,kind_of,wikidata,high,
Q46978738,cheese,in_category,wikidata,high,
en:pollack,fish,in_category,off,high,
Q1328767,sauce,in_category,wikidata,high,
nl:kokospulp,Q3342808,kind_of,off,high,
Q56401985,Q89,kind_of,wikidata,high,
Q21086085,Q89,kind_of,wikidata,high,
Q7227239,dairy-product,in_category,wikidata,high,
Q41780276,Q3395987,kind_of,wikidata,picked,
Q3395971,Q16587531,kind_of,wikidata,high,
Q106252999,Q16587531,kind_of,wikidata,high,
Q3395981,Q89,kind_of,wikidata,high,
Q27926312,Q89,kind_of,wikidata,high,
Q2103372,Q89,kind_of,wikidata,high,
fr:pommes-de-terre-de-consommation-a-chair-ferme,Q16587531,kind_of,off,high,
Q3396001,Q89,kind_of,wikidata,high,
Q6082459,Q93165,kind_of,wikidata,high,
Q1233145,cow-s-milk-cheese,in_category,wikidata,high,
Q130282069,Q13099586,kind_of,wikidata,high,
Q96627225,Q89,kind_of,wikidata,high,
Q41780309,Q3395987,kind_of,wikidata,high,
Q125961370,citrus-fruit,in_category,wikidata,picked,
Q3398089,Q191768,kind_of,wikidata,high,
Q16670711,Q191768,kind_of,wikidata,high,
Q67207294,Q654236,kind_of,wikidata,high,
en:pork-filet-mignon,Q191768,kind_of,off,high,
Q3088371,cheese,in_category,wikidata,high,
Q21531920,Q11106,kind_of,wikidata,high,
Q1268494,vegetable,in_category,wikidata,high,
Q2106378,vegetable,in_category,wikidata,high,
Q3396007,Q16587531,kind_of,wikidata,high,
Q15840868,Q3395987,kind_of,wikidata,high,
Q56311389,Q864693,kind_of,wikidata,high,
Q640839,goat-cheese,in_category,wikidata,high,
Q20104628,Q1517781,kind_of,wikidata,high,
Q12046987,cheese,in_category,wikidata,high,
Q2839591,Q93165,kind_of,wikidata,high,
Q96627226,Q89,kind_of,wikidata,high,
en:prime-seedless-grape,en:white-seedless-grape,kind_of,off,high,
Q3797592,dairy-product,in_category,wikidata,high,
Q41780380,Q3395987,kind_of,wikidata,high,
Q1356577,Q89,kind_of,wikidata,high,
Q3404227,Q170486,kind_of,wikidata,high,
Q26842995,Q8495,kind_of,wikidata,high,
Q28034347,Q191768,kind_of,wikidata,high,
Q21057408,Q5309466,kind_of,wikidata,high,
Q3312775,Q10987,kind_of,wikidata,high,
Q3924731,cheese,in_category,wikidata,high,
Q44120,fruit,in_category,wikidata,high,
Q10641327,Q13228,kind_of,wikidata,high,
Q2118954,Q89,kind_of,wikidata,high,
Q3926046,Q17315191,kind_of,wikidata,high,
Q110562468,Q13099586,kind_of,wikidata,high,
Q66596243,seed-oil,in_category,wikidata,high,
Q13197398,Q13186,kind_of,wikidata,high,
Q965981,goat-cheese,in_category,wikidata,high,
Q1548510,Q13099586,kind_of,wikidata,high,
Q12844228,Q1621080,kind_of,wikidata,high,
Q7030466,vegetable,in_category,wikidata,high,
Q1238064,Q17315191,kind_of,wikidata,high,
Q10648074,Q3395987,kind_of,wikidata,high,
Q2122633,Q3774485,kind_of,wikidata,high,
Q4818570,cheese,in_category,wikidata,high,
Q106300633,cheese,in_category,wikidata,high,
Q4571371,vegetable,in_category,wikidata,high,
Q3927679,Q1621080,kind_of,wikidata,high,
Q2961427,Q2223649,kind_of,wikidata,high,
Q773695,cheese,in_category,wikidata,high,
Q6094554,Q27038733,kind_of,wikidata,high,
Q1231562,goat-cheese,in_category,wikidata,picked,
Q10980554,cow-s-milk-cheese,in_category,wikidata,picked,
Q5650427,Q27038733,kind_of,wikidata,high,
Q4219778,cheese,in_category,wikidata,high,
Q1238130,Q27038733,kind_of,wikidata,high,
Q56317812,cheese,in_category,wikidata,high,
Q20732539,goat-cheese,in_category,wikidata,high,
Q43668879,Q36465,kind_of,wikidata,high,
Q16623823,cheese,in_category,wikidata,high,
Q84852867,Q169,kind_of,wikidata,high,
Q96627227,Q89,kind_of,wikidata,high,
Q41780479,Q3395987,kind_of,wikidata,high,
Q12901724,cow-s-milk-cheese,in_category,wikidata,high,
Q9302052,Q13099586,kind_of,wikidata,high,
Q3929396,Q1621080,kind_of,wikidata,high,
Q1229737,Q17315191,kind_of,wikidata,high,
Q3418406,Q89,kind_of,wikidata,high,
Q96627229,Q89,kind_of,wikidata,high,
Q2130319,Q157484,kind_of,wikidata,high,
Q18399034,Q89,kind_of,wikidata,high,
Q13197439,Q36465,kind_of,wikidata,high,
Q43173141,Q16587531,kind_of,wikidata,high,
en:rapeseed,root-vegetable,in_category,off,high,
Q55829915,seed-oil,in_category,wikidata,high,
Q24895795,Q169,kind_of,wikidata,high,
Q9287233,cheese,in_category,wikidata,high,
Q7296297,Q381350,kind_of,wikidata,high,
en:raw-tuna,Q17504707,kind_of,off,high,
Q3421424,condiment,in_category,wikidata,picked,
Q543805,Q3088318,kind_of,wikidata,picked,
Q131191694,condiment,in_category,wikidata,picked,
Q1768194,Q89,kind_of,wikidata,high,
Q16320753,Q89,kind_of,wikidata,high,
Q35382484,Q89,kind_of,wikidata,high,
Q1892828,cow-s-milk-cheese,in_category,wikidata,picked,
Q2168415,Q3395974,kind_of,wikidata,picked,
Q41780629,Q3395987,kind_of,wikidata,picked,
Q1495546,chili-pepper,in_category,wikidata,high,
Q7305343,vegetable,in_category,wikidata,high,
Q2168429,seafood,in_category,wikidata,picked,
Q544157,Q89,kind_of,wikidata,high,
Q140197188,Q1621080,kind_of,wikidata,high,
en:reduced-fat-mayonnaise,mayonnaise,in_category,off,high,
en:refrigerated-30-fat-thick-cream,Q13228,kind_of,off,high,
Q2299367,Q89,kind_of,wikidata,high,
Q2415281,Q89,kind_of,wikidata,high,
Q3423879,Q3395987,kind_of,wikidata,picked,
Q1543721,Q89,kind_of,wikidata,high,
Q41780845,Q3395987,kind_of,wikidata,picked,
Q18470462,dairy-product,in_category,wikidata,picked,
Q55815647,seed-oil,in_category,wikidata,high,
Q15842257,Q89,kind_of,wikidata,high,
Q111509746,Q13317,kind_of,wikidata,high,
Q15842307,Q89,kind_of,wikidata,high,
Q890833,Q89,kind_of,wikidata,high,
Q3429591,Q3395987,kind_of,wikidata,picked,
Q22691,fruit,in_category,wikidata,high,
Q10271976,Q192628,kind_of,wikidata,high,
Q456471,Q10978,kind_of,wikidata,high,
Q67585253,white-wine,in_category,wikidata,high,
Q3431974,Q2223649,kind_of,wikidata,high,
Q14276981,cheese,in_category,wikidata,high,
Q2174455,Q5090,kind_of,wikidata,high,
Q3432226,Q16587531,kind_of,wikidata,high,
Q118819253,Q5090,kind_of,wikidata,high,
Q3937031,Q5090,kind_of,wikidata,high,
Q41780980,Q3395987,kind_of,wikidata,picked,
fr:riz-arborio-long-grain-de-qualite-superieure,Q67594028,kind_of,off,high,
fr:riz-thai-complet-etuve,Q732925,kind_of,off,high,
Q775943,cheese,in_category,wikidata,high,
Q768189,Q3088326,kind_of,wikidata,picked,
Q41781025,Q3395987,kind_of,wikidata,high,
Q136445830,Q11254,kind_of,wikidata,high,
Q3939837,chili-pepper,in_category,wikidata,high,
Q2755306,goat-cheese,in_category,wikidata,high,
de:roggengrießkleie,Q109301486,kind_of,off,high,
Q109932818,cereal,in_category,wikidata,high,
Q97168627,Q89,kind_of,wikidata,high,
Q108464910,Q1621080,kind_of,wikidata,high,
Q96627240,Q89,kind_of,wikidata,high,
Q17215367,Q177378,kind_of,wikidata,high,
Q2587663,Q3774485,kind_of,wikidata,picked,
Q96627241,Q89,kind_of,wikidata,high,
Q1775431,vegetable,in_category,wikidata,high,
Q3088373,cheese,in_category,wikidata,high,
Q7362740,Q17315191,kind_of,wikidata,high,
Q3441174,Q3395987,kind_of,wikidata,picked,
Q189221,Q1531597,kind_of,wikidata,picked,
Q21574056,Q20638126,kind_of,wikidata,high,
Q1268555,Q5726634,kind_of,wikidata,high,
Q83768208,Q13099586,kind_of,wikidata,high,
Q7368949,Q169,kind_of,wikidata,high,
Q41781098,Q3395987,kind_of,wikidata,picked,
Q24935868,Q957434,kind_of,wikidata,high,
Q3442915,Q1621080,kind_of,wikidata,high,
Q2168272,Q3395974,kind_of,wikidata,picked,
Q27926441,Q89,kind_of,wikidata,high,
Q17127184,Q89,kind_of,wikidata,high,
Q2168444,Q89,kind_of,wikidata,high,
Q19833850,goat-cheese,in_category,wikidata,high,
Q2369993,sauce,in_category,wikidata,high,
Q16673751,Q1256296,kind_of,wikidata,high,
Q95816459,Q1621080,kind_of,wikidata,high,
en:royal-gala-apple,Q89,kind_of,off,high,
Q41781179,Q3395987,kind_of,wikidata,high,
Q7376263,Q169,kind_of,wikidata,high,
Q60743380,Q34172,kind_of,wikidata,high,
Q473255,Q10978,kind_of,wikidata,high,
Q15900310,Q170486,kind_of,wikidata,high,
Q56681785,Q89,kind_of,wikidata,high,
Q2174989,Q89,kind_of,wikidata,high,
Q10657712,Q192628,kind_of,wikidata,high,
Q4121172,cheese,in_category,wikidata,high,
Q10657187,Q192628,kind_of,wikidata,high,
Q56884785,bread,in_category,off,high,
Q66309306,cheese,in_category,wikidata,high,
en:rye-flour-type-170,Q10658708,kind_of,off,high,
en:rye-flour-type-85,Q10658708,kind_of,off,high,
en:rye-flour-type-type-1250,Q10658708,kind_of,off,high,
Q2202488,Q130752177,kind_of,wikidata,high,
Q4403462,en:taproot-vegetable,kind_of,off,high,
Q22125806,Q235169,kind_of,wikidata,high,
Q26882860,Q89,kind_of,wikidata,high,
en:sago,starch,in_category,off,high,
Q7400068,Q169,kind_of,wikidata,high,
Q104094896,spice,in_category,wikidata,high,
Q11627190,Q235169,kind_of,wikidata,high,
Q2700881,Q2223649,kind_of,wikidata,high,
Q510126,Q1256296,kind_of,wikidata,picked,
Q548309,Q3088318,kind_of,wikidata,picked,
Q3463559,Q3088326,kind_of,wikidata,picked,
en:sainte-maure-cheese,goat-cheese,in_category,off,high,
Q652628,goat-cheese,in_category,wikidata,high,
Q109311523,spice,in_category,wikidata,high,
Q2213924,vegetable,in_category,wikidata,high,
Q118819277,Q11254,kind_of,wikidata,high,
en:salema,fish,in_category,off,high,
Q118818058,seafood,in_category,wikidata,picked,
Q110263128,seafood,in_category,wikidata,high,
Q83363028,fish,in_category,wikidata,high,
Q124810263,fish,in_category,wikidata,high,
Q3470187,Q1621080,kind_of,wikidata,high,
Q2102385,condiment,in_category,wikidata,high,
Q1430420,sauce,in_category,wikidata,high,
Q16885372,Q131419,kind_of,wikidata,high,
en:salt-from-camargue,Q282694,kind_of,off,high,
en:salt-from-guerande,Q282694,kind_of,off,high,
en:salt-from-ile-de-re,Q282694,kind_of,off,high,
Q21086177,Q13191,kind_of,wikidata,high,
Q7406363,Q10978,kind_of,wikidata,high,
Q548682,fish,in_category,wikidata,high,
Q1211297,pickle,in_category,wikidata,high,
Q7408949,Q5090,kind_of,wikidata,high,
Q137757909,sambal,in_category,wikidata,high,
Q20453835,sambal,in_category,wikidata,high,
Q97236883,sambal,in_category,wikidata,high,
Q19731841,sambal,in_category,wikidata,high,
Q12511759,sambal,in_category,wikidata,high,
Q16636869,fruit,in_category,wikidata,high,
Q7409644,Q169,kind_of,wikidata,high,
Q13197557,Q2249305,kind_of,wikidata,high,
Q96627245,Q89,kind_of,wikidata,high,
Q96627246,Q89,kind_of,wikidata,high,
Q5479342,cow-s-milk-cheese,in_category,wikidata,picked,
Q96627247,Q89,kind_of,wikidata,high,
Q85799513,Q4750898,kind_of,wikidata,high,
Q41781339,Q3395987,kind_of,wikidata,picked,
Q55815247,seed-oil,in_category,wikidata,high,
Q3545103,Q5881191,kind_of,wikidata,high,
Q96627251,Q89,kind_of,wikidata,high,
Q2223326,Q89,kind_of,wikidata,high,
Q96627252,Q89,kind_of,wikidata,high,
Q7420598,vegetable,in_category,wikidata,high,
Q3473001,goat-cheese,in_category,wikidata,high,
Q1117173,seafood,in_category,wikidata,high,
Q16579814,mustard,in_category,wikidata,high,
Q108419308,Q1621080,kind_of,wikidata,high,
Q11267936,condiment,in_category,wikidata,high,
Q29886971,sauce,in_category,wikidata,high,
Q2976457,Q5726634,kind_of,wikidata,high,
Q12455301,Q36465,kind_of,wikidata,high,
Q2904906,sauce,in_category,wikidata,high,
Q1928643,sauce,in_category,wikidata,high,
Q268872,sauce,in_category,wikidata,high,
Q3474119,sauce,in_category,wikidata,high,
Q3474126,sauce,in_category,wikidata,high,
Q3474158,Q131419,kind_of,wikidata,high,
Q3474172,meat,in_category,off,high,
de:sauermilchquark,Q259642,kind_of,off,high,
Q22078333,Q185009,kind_of,wikidata,high,
Q24938030,Q2796766,kind_of,wikidata,high,
Q3474250,hot-sauce,in_category,wikidata,picked,
Q17639154,cheese,in_category,wikidata,high,
Q7428415,sauce,in_category,wikidata,high,
Q140757004,sauce,in_category,wikidata,high,
en:sayer-dates,Q1652093,kind_of,off,high,
en:scallop-without-coral,Q7360490,kind_of,off,high,
Q15846648,Q130752177,kind_of,wikidata,high,
Q112118165,Q17315191,kind_of,wikidata,high,
Q117359905,cow-s-milk-cheese,in_category,wikidata,picked,
Q2248185,vegetable,in_category,wikidata,high,
fr:rognons-de-porc,Q191768,kind_of,off,high,
Q259148,Q191768,kind_of,wikidata,high,
Q1437427,Q3395974,kind_of,wikidata,picked,
Q1397868,Q89,kind_of,wikidata,high,
Q13479641,sauce,in_category,wikidata,high,
Q124810085,fish,in_category,wikidata,high,
Q16873869,Q29472543,kind_of,wikidata,high,
en:second-age-baby-milk-powder,Q8495,kind_of,off,high,
Q118818513,Q23012379,kind_of,wikidata,high,
Q1249172,goat-cheese,in_category,wikidata,high,
Q11377799,Q235169,kind_of,wikidata,high,
Q48746044,vegetable,in_category,wikidata,high,
Q7450947,Q169,kind_of,wikidata,high,
Q28135696,cheese,in_category,wikidata,high,
Q27700466,seed,in_category,wikidata,high,
Q96627253,Q89,kind_of,wikidata,high,
Q61671872,citrus-fruit,in_category,wikidata,high,
Q19909926,Q89,kind_of,wikidata,high,
Q7487812,Q169,kind_of,wikidata,high,
Q2962662,cheese,in_category,wikidata,high,
Q19631943,Q89,kind_of,wikidata,high,
Q25099344,Q16587531,kind_of,wikidata,high,
Q11386094,Q235169,kind_of,wikidata,high,
Q110273642,Q235169,kind_of,wikidata,high,
Q17223059,Q165308,kind_of,wikidata,high,
Q41781552,Q3395987,kind_of,wikidata,high,
Q16894181,fish-sauce,in_category,wikidata,high,
Q24993915,sauce,in_category,wikidata,high,
Q137213270,Q1093742,kind_of,wikidata,high,
Q3660463,meat,in_category,wikidata,high,
Q15847463,Q89,kind_of,wikidata,high,
Q6127611,Q93165,kind_of,wikidata,high,
Q6127704,Q93165,kind_of,wikidata,high,
Q6127728,Q93165,kind_of,wikidata,high,
Q6127894,Q93165,kind_of,wikidata,high,
Q134413162,sauce,in_category,wikidata,high,
Q25095048,Q1621080,kind_of,wikidata,high,
Q21029475,Q17315191,kind_of,wikidata,high,
Q31185698,Q1682434,kind_of,wikidata,high,
Q55633240,Q169,kind_of,wikidata,high,
Q7528243,cheese,in_category,wikidata,high,
Q19602693,Q89,kind_of,wikidata,high,
en:skim-milk-and-pasteurized-cream,Q13228,kind_of,off,high,
Q742127,dairy-product,in_category,wikidata,picked,
Q7537991,sauce,in_category,wikidata,high,
Q10671144,mustard,in_category,wikidata,high,
Q10671464,Q2735883,kind_of,wikidata,high,
Q65151728,Q10987,kind_of,wikidata,high,
Q3088374,cheese,in_category,wikidata,high,
Q124982195,cheese,in_category,wikidata,high,
Q58431093,sauce,in_category,wikidata,high,
Q58730,goat-cheese,in_category,wikidata,picked,
Q7549018,dairy-product,in_category,wikidata,high,
en:soft-cheese-made-from-pasteurized-milk,soft-cheese,in_category,off,high,
Q20730595,Q13099586,kind_of,wikidata,high,
la:solenocera-crassicornis,Q1517781,kind_of,off,high,
la:solenocera-spp,Q1517781,kind_of,off,high,
Q2690485,chocolate,in_category,wikidata,high,
Q7562998,Q169,kind_of,wikidata,high,
Q6138788,Q1621080,kind_of,wikidata,high,
Q22569650,Q36465,kind_of,wikidata,high,
Q140197213,Q1621080,kind_of,wikidata,high,
Q2381604,Q89,kind_of,wikidata,high,
Q7569685,Q169,kind_of,wikidata,high,
Q104818351,fruit,in_category,wikidata,high,
Q83733557,Q89,kind_of,wikidata,high,
Q41781662,Q3395987,kind_of,wikidata,high,
Q7571989,syrup,in_category,wikidata,high,
Q19912360,spice,in_category,wikidata,high,
Q2142043,vegetable,in_category,off,picked,
Q27038733,cheese,in_category,wikidata,high,
en:spanish-extra-virgin-olive-oil,Q14789810,kind_of,off,high,
Q20921902,lentil,in_category,wikidata,high,
Q55830175,seed-oil,in_category,wikidata,high,
Q237046,seafood,in_category,wikidata,picked,
Q17119282,Q1682434,kind_of,wikidata,picked,
de:speisequarkzubereitung,Q259642,kind_of,off,high,
Q12336640,Q1436715,kind_of,wikidata,high,
Q5257988,spice-mix,in_category,wikidata,high,
Q10675660,Q170486,kind_of,wikidata,high,
Q13197885,Q636056,kind_of,wikidata,high,
Q133440988,Q130752177,kind_of,wikidata,high,
Q7577944,Q169,kind_of,wikidata,high,
Q41781726,Q3395987,kind_of,wikidata,picked,
en:spotted-wolffish,fish,in_category,off,high,
Q2313503,sauce,in_category,wikidata,high,
Q1061508,Q17315191,kind_of,wikidata,high,
Q7580883,Q169,kind_of,wikidata,high,
Q20009815,cheese,in_category,wikidata,high,
Q55815265,seed-oil,in_category,wikidata,high,
Q25518927,Q3395974,kind_of,wikidata,picked,
Q7605134,Q89,kind_of,wikidata,high,
Q100980061,Q89,kind_of,wikidata,high,
Q3142827,seed-oil,in_category,wikidata,high,
Q466749,cow-s-milk-cheese,in_category,wikidata,picked,
Q3974593,Q17315191,kind_of,wikidata,high,
Q27891680,Q192628,kind_of,wikidata,high,
Q2359521,Q130752177,kind_of,wikidata,high,
Q3677424,Q3406628,kind_of,wikidata,high,
Q116788485,tomato-sauce,in_category,wikidata,high,
Q7635250,Q1682434,kind_of,wikidata,picked,
en:suillus,mushroom,in_category,off,high,
Q12216302,Q1652093,kind_of,wikidata,high,
en:sukkary-dates,Q1652093,kind_of,off,high,
Q11455608,Q165308,kind_of,wikidata,high,
Q3418416,Q89,kind_of,wikidata,high,
Q124261590,Q10987,kind_of,wikidata,high,
Q7641198,Q169,kind_of,wikidata,high,
Q19309685,Q89,kind_of,wikidata,high,
Q18386568,Q89,kind_of,wikidata,high,
Q56525459,goat-cheese,in_category,wikidata,high,
Q18693861,dairy,in_category,off,high,
Q3088375,cheese,in_category,wikidata,high,
en:swedish-potato,Q16587531,kind_of,off,high,
Q20619318,mustard,in_category,wikidata,high,
Q4117114,cheese,in_category,wikidata,high,
Q19359994,cheese,in_category,wikidata,high,
Q869700,chocolate,in_category,wikidata,high,
Q104841993,cheese,in_category,wikidata,high,
Q7663535,syrup,in_category,wikidata,high,
Q139601067,syrup,in_category,wikidata,high,
Q3393901,Q3127593,kind_of,wikidata,high,
fr:sebaste-du-nord-crue,fish,in_category,off,high,
Q7060305,sauce,in_category,wikidata,high,
Q31896174,cheese,in_category,wikidata,high,
Q21086245,sheep-milk-cheese,in_category,wikidata,picked,
de:süßblatt,herb,in_category,off,high,
Q60761458,condiment,in_category,wikidata,high,
Q281405,chili-pepper,in_category,wikidata,high,
Q97706242,spice-mix,in_category,wikidata,high,
Q250875,Q2051651,kind_of,wikidata,picked,
Q109600360,vegetable,in_category,wikidata,high,
Q13097607,Q177378,kind_of,wikidata,high,
Q11411983,Q503,kind_of,wikidata,high,
Q19372933,Q2223649,kind_of,wikidata,high,
Q11676312,chili-pepper,in_category,wikidata,high,
Q775835,Q3774485,kind_of,wikidata,picked,
Q2391283,fruit,in_category,wikidata,high,
Q3514983,Q1621080,kind_of,wikidata,high,
Q15897865,pickle,in_category,wikidata,high,
Q96627262,Q89,kind_of,wikidata,high,
Q1432826,Q13233,kind_of,wikidata,high,
Q15845490,fruit-syrup,in_category,wikidata,high,
Q7687656,Q170486,kind_of,wikidata,high,
Q3516171,Q192628,kind_of,wikidata,high,
Q123663523,tea,in_category,wikidata,high,
Q1722927,cooking-oil,in_category,wikidata,high,
Q41782105,Q3395987,kind_of,wikidata,high,
Q134043310,cheese,in_category,wikidata,high,
Q1790730,sheep-milk-cheese,in_category,wikidata,high,
Q96627266,Q89,kind_of,wikidata,high,
Q135003095,leaf-vegetable,in_category,wikidata,high,
Q3984342,Q93165,kind_of,wikidata,high,
Q6142851,Q957434,kind_of,wikidata,high,
Q3984536,Q14789810,kind_of,wikidata,picked,
Q3984620,Q14789810,kind_of,wikidata,picked,
Q124810331,fish,in_category,wikidata,high,
Q7707203,condiment,in_category,wikidata,high,
Q96627271,Q89,kind_of,wikidata,high,
Q18547489,fish-sauce,in_category,wikidata,picked,
Q138965375,Q659503,kind_of,wikidata,high,
Q18631737,Q130752177,kind_of,wikidata,high,
Q6117463,sauce,in_category,wikidata,high,
Q135415105,meat,in_category,wikidata,high,
Q41782160,Q3395987,kind_of,wikidata,high,
Q1199019,condiment,in_category,wikidata,picked,
Q7797809,Q20638126,kind_of,wikidata,high,
Q7798847,sauce,in_category,wikidata,high,
fr:filets-de-thon,Q17504707,kind_of,off,high,
en:thyme-honey,Q10987,kind_of,off,high,
fr:the-vert-d-indonesie,green-tea,in_category,off,high,
Q2829940,cheese,in_category,wikidata,high,
Q28933182,Q89,kind_of,wikidata,high,
Q1558622,vegetable,in_category,wikidata,high,
Q2433798,cheese,in_category,wikidata,high,
Q65663082,fish,in_category,wikidata,high,
Q16995256,Q10978,kind_of,wikidata,high,
Q23020291,fish-sauce,in_category,wikidata,high,
Q7066079,fruit,in_category,wikidata,high,
Q65028,sauce,in_category,wikidata,high,
Q55830233,seed-oil,in_category,wikidata,high,
Q131191999,Q130752177,kind_of,wikidata,high,
Q22286591,Q3395987,kind_of,wikidata,high,
Q1062035,Q17315191,kind_of,wikidata,high,
Q3992553,Q17315191,kind_of,wikidata,high,
Q7818195,Q20638126,kind_of,wikidata,high,
Q6148339,Q20638126,kind_of,wikidata,high,
Q40867671,Q41354,kind_of,wikidata,high,
Q3531219,cheese,in_category,wikidata,high,
Q3531279,Q17315191,kind_of,wikidata,high,
Q1247472,Q2223649,kind_of,wikidata,high,
Q19375196,goat-cheese,in_category,wikidata,high,
Q3531281,Q1256296,kind_of,wikidata,high,
Q3531285,cheese,in_category,wikidata,high,
Q3992883,Q169,kind_of,wikidata,high,
en:tonguesole,fish,in_category,off,high,
Q12621193,Q282694,kind_of,wikidata,high,
Q7825483,Q169,kind_of,wikidata,high,
Q96627273,Q89,kind_of,wikidata,high,
Q733855,root-vegetable,in_category,off,high,
Q3532512,fresh-cheese,in_category,wikidata,picked,
Q96627274,Q89,kind_of,wikidata,high,
Q3995875,Q14789810,kind_of,wikidata,picked,
Q17093248,Q169,kind_of,wikidata,high,
Q17219570,Q235169,kind_of,wikidata,high,
Q3260452,goat-cheese,in_category,wikidata,high,
Q41782225,Q3395987,kind_of,wikidata,high,
Q7832331,Q234901,kind_of,wikidata,high,
Q96627275,Q89,kind_of,wikidata,high,
Q41782241,Q3395987,kind_of,wikidata,picked,
Q618293,Q3395987,kind_of,wikidata,high,
Q1476040,condiment,in_category,wikidata,high,
Q3538049,cheese,in_category,wikidata,high,
Q55814375,seed-oil,in_category,wikidata,high,
Q7836057,Q20638126,kind_of,wikidata,high,
Q3538299,cheese,in_category,wikidata,high,
Q20730599,Q13099586,kind_of,wikidata,high,
Q7843249,sauce,in_category,wikidata,high,
Q158767,Q15645384,kind_of,wikidata,high,
Q6094605,cheese,in_category,wikidata,high,
Q96627277,Q89,kind_of,wikidata,high,
Q3540823,Q3774485,kind_of,wikidata,high,
Q16681326,goat-cheese,in_category,wikidata,high,
Q9361923,Q14458220,kind_of,wikidata,high,
Q7849346,Q1753272,kind_of,wikidata,high,
Q21533364,meat,in_category,wikidata,high,
Q17071508,Q5090,kind_of,wikidata,high,
Q2459545,Q89,kind_of,wikidata,high,
Q31887046,Q15260613,kind_of,wikidata,high,
Q11922606,sheep-milk-cheese,in_category,wikidata,picked,
Q115618750,vegetable,in_category,wikidata,high,
Q83603766,Q5090,kind_of,wikidata,high,
Q3542650,Q3774485,kind_of,wikidata,high,
Q46113,seafood,in_category,wikidata,high,
Q7067724,Q13400960,kind_of,wikidata,high,
Q12221085,chili-pepper,in_category,wikidata,high,
en:uht-cream,Q13228,kind_of,off,high,
Q56869614,Q89,kind_of,wikidata,high,
Q96627279,Q89,kind_of,wikidata,high,
Q1757759,citrus-fruit,in_category,wikidata,high,
Q118382840,Q20638126,kind_of,wikidata,high,
Q7899395,Q3395987,kind_of,wikidata,picked,
Q12812990,Q3143131,kind_of,wikidata,high,
Q2456295,Q2223649,kind_of,wikidata,high,
Q10711571,Q192628,kind_of,wikidata,high,
Q131425606,Q5090,kind_of,wikidata,high,
Q22985119,Q89,kind_of,wikidata,high,
Q4006811,Q10978,kind_of,wikidata,high,
Q4006813,Q10978,kind_of,wikidata,high,
Q6158246,Q10978,kind_of,wikidata,high,
Q55833391,Q10978,kind_of,wikidata,high,
Q677647,Q3774485,kind_of,wikidata,picked,
Q41635581,Q16587531,kind_of,wikidata,high,
Q4007501,Q93165,kind_of,wikidata,high,
Q3553491,Q3088330,kind_of,wikidata,high,
Q4007569,Q93165,kind_of,wikidata,high,
Q1246813,blue-cheese,in_category,wikidata,picked,
Q7910669,Q169,kind_of,wikidata,high,
Q5796600,citrus-fruit,in_category,wikidata,high,
Q2402909,hot-sauce,in_category,wikidata,picked,
Q659277,goat-cheese,in_category,wikidata,high,
Q12831516,Q13202263,kind_of,wikidata,high,
Q1224461,Q17315191,kind_of,wikidata,high,
Q4008232,Q93165,kind_of,wikidata,high,
Q782709,Q17315191,kind_of,wikidata,high,
Q4008472,Q169,kind_of,wikidata,high,
Q3554473,Q89,kind_of,wikidata,high,
Q130396273,spice,in_category,wikidata,high,
Q47471972,Q13317,kind_of,wikidata,high,
Q54658142,Q191768,kind_of,wikidata,high,
Q3555005,Q17315191,kind_of,wikidata,high,
Q15974362,Q89,kind_of,wikidata,high,
Q7919751,sauce,in_category,wikidata,high,
Q4009601,Q93165,kind_of,wikidata,high,
Q12831690,Q12372598,kind_of,wikidata,high,
Q2739989,Q17504707,kind_of,wikidata,high,
Q108129927,Q1621080,kind_of,wikidata,high,
de:verarbeitungsbüffelmolke,Q185009,kind_of,off,high,
Q3555772,Q1621080,kind_of,wikidata,high,
Q3555777,Q1621080,kind_of,wikidata,high,
Q55637053,Q1621080,kind_of,wikidata,high,
Q96627286,Q89,kind_of,wikidata,high,
en:verna-lemon,Q1093742,kind_of,off,high,
Q11954575,wine,in_category,wikidata,high,
Q3556745,meat,in_category,wikidata,high,
fr:viande-bovine-fraiche-protegee-sous-vide,Q192628,kind_of,off,high,
Q3556753,Q1753272,kind_of,wikidata,high,
Q136892920,seafood,in_category,wikidata,high,
Q3557655,cheese,in_category,wikidata,high,
Q2845304,Q10817602,kind_of,wikidata,high,
Q41782449,Q3395987,kind_of,wikidata,high,
Q3306643,Q3406628,kind_of,wikidata,high,
Q11954752,Q1621080,kind_of,wikidata,high,
Q7931336,wine,in_category,wikidata,high,
Q11705125,fortified-wine,in_category,wikidata,picked,
Q21027506,condiment,in_category,wikidata,high,
Q4015029,meat,in_category,wikidata,high,
Q118823573,meat,in_category,wikidata,high,
Q10716317,Q3395987,kind_of,wikidata,picked,
Q25379633,Q864693,kind_of,wikidata,high,
Q24929329,Q864693,kind_of,wikidata,high,
Q3563272,Q3088326,kind_of,wikidata,picked,
Q11947709,Q192628,kind_of,wikidata,high,
Q26726316,Q192628,kind_of,wikidata,high,
Q10717298,Q185009,kind_of,wikidata,high,
Q10717642,Q8495,kind_of,wikidata,high,
Q2096655,cow-s-milk-cheese,in_category,wikidata,high,
Q2193077,Q2223649,kind_of,wikidata,high,
Q41782540,Q3395987,kind_of,wikidata,high,
Q18470100,citrus-fruit,in_category,wikidata,picked,
Q41782549,Q3395987,kind_of,wikidata,picked,
Q131470813,Q5090,kind_of,wikidata,high,
Q7979691,Q5090,kind_of,wikidata,high,
Q55815475,seed-oil,in_category,wikidata,high,
Q41782587,Q3395987,kind_of,wikidata,high,
Q106363090,Q34172,kind_of,wikidata,high,
Q96755549,Q3395974,kind_of,wikidata,high,
Q1386346,Q89,kind_of,wikidata,high,
Q2557248,cow-s-milk-cheese,in_category,wikidata,picked,
fr:chapelure-de-ble,breadcrumbs,kind_of,off,high,
Q2557899,Q3395987,kind_of,wikidata,high,
Q21030623,Q89,kind_of,wikidata,high,
Q27938,Q3406628,kind_of,wikidata,high,
Q3567525,Q10978,kind_of,wikidata,high,
en:wheat-flour-type-110,Q2249305,kind_of,off,high,
en:wheat-flour-type-150,Q2249305,kind_of,off,high,
en:wheat-flour-type-55,Q2249305,kind_of,off,high,
Q5995455,Q15645384,kind_of,wikidata,high,
Q67375208,Q3395987,kind_of,wikidata,high,
Q41779340,Q3395987,kind_of,wikidata,picked,
Q7995241,Q20638126,kind_of,wikidata,high,
Q1759796,Q3395987,kind_of,wikidata,picked,
en:white-rice-flour,Q1269205,kind_of,off,high,
Q113530798,Q89,kind_of,wikidata,high,
Q55830148,seed-oil,in_category,wikidata,high,
Q498862,Q130752177,kind_of,wikidata,picked,
Q2583478,Q93189,kind_of,wikidata,high,
Q16878488,Q3395987,kind_of,wikidata,picked,
Q41782768,Q3395987,kind_of,wikidata,picked,
Q55830243,seed-oil,in_category,wikidata,high,
Q2585068,Q89,kind_of,wikidata,high,
Q2585296,syrup,in_category,wikidata,high,
Q55813973,seed-oil,in_category,wikidata,high,
Q8037448,sauce,in_category,wikidata,high,
Q21042138,Q131419,kind_of,wikidata,high,
Q2596994,condiment,in_category,wikidata,high,
Q2597010,condiment,in_category,off,high,
Q1026857,fish-sauce,in_category,wikidata,picked,
Q21084281,Q1621080,kind_of,wikidata,high,
Q56408491,syrup,in_category,wikidata,high,
Q24054684,Q41354,kind_of,wikidata,high,
Q25327061,Q170486,kind_of,wikidata,high,
Q8045571,cheese,in_category,wikidata,high,
Q16380008,cow-s-milk-cheese,in_category,wikidata,picked,
en:yomogi,herb,in_category,off,high,
Q8055480,Q89,kind_of,wikidata,high,
Q8057883,Q169,kind_of,wikidata,high,
Q134095,Q1753272,kind_of,wikidata,high,
Q138641671,condiment,in_category,wikidata,high,
Q135432049,bean,in_category,wikidata,high,
Q133843945,Q16587531,kind_of,wikidata,high,
Q1382423,Q13186,kind_of,wikidata,high,
Q12214858,Q1621080,kind_of,wikidata,high,
Q12806617,Q10978,kind_of,wikidata,high,
Q4024313,Q1621080,kind_of,wikidata,high,
Q12806669,Q1753272,kind_of,wikidata,high,
Q113415553,cereal,in_category,wikidata,high,
Q3575424,dairy-product,in_category,wikidata,high,
Q8071892,Q169,kind_of,wikidata,high,
Q205189,Q15260613,kind_of,wikidata,high,
Q1405860,Q89,kind_of,wikidata,high,
Q4359045,Q13099586,kind_of,wikidata,high,
Q60825807,Q29526,kind_of,wikidata,high,
fr:jus-d-oignon-concentre,Q3406628,kind_of,off,high,
Q2270089,Q89,kind_of,wikidata,high,
Q25404591,cheese,in_category,wikidata,high,
Q4857439,seafood,in_category,wikidata,high,
Q135826759,Q643419,kind_of,wikidata,picked,
Q135827096,Q449506,kind_of,wikidata,picked,
Q2069008,cheese,in_category,wikidata,high,
en:abiyuch,fruit,in_category,off,high,
Q322899,Q3088330,kind_of,wikidata,picked,
en:absinthe,alcohol,in_category,off,high,
Q10403913,Q10987,kind_of,off,high,
en:acacia-honey-from-france,en:honey-from-france,kind_of,off,high,
en:acai-berry,fruit,in_category,off,high,
Q3604165,fish,in_category,wikidata,high,
Q5656360,Q93165,kind_of,wikidata,high,
es:aceite-de-oliva-virgen-extra-de-lubrin,Q14789810,kind_of,off,high,
en:acerola,fruit,in_category,off,high,
Q57271371,fruit-juice,in_category,off,high,
Q1478245,pickle,in_category,wikidata,high,
Q2227260,cheese,in_category,wikidata,high,
en:acorn,nut,in_category,off,high,
en:acorn-fed-iberian-pig,Q191768,kind_of,off,high,
Q2975815,vegetable,in_category,off,high,
Q378283,condiment,in_category,wikidata,picked,
en:advocaat,liqueur,in_category,off,high,
Q5761400,Q16587531,kind_of,wikidata,high,
Q85740125,sauce,in_category,wikidata,high,
Q124796192,citrus-fruit,in_category,wikidata,high,
fr:agrumes-a-base-de-concentre,citrus-fruit,in_category,off,high,
fr:aiguillette-de-poulet,Q864693,kind_of,off,high,
fr:aiguillettes-de-poulet,Q864693,kind_of,off,high,
Q29640415,Q21546392,kind_of,wikidata,high,
Q283231,condiment,in_category,wikidata,high,
Q1875794,chocolate,in_category,wikidata,high,
Q4699717,sauce,in_category,wikidata,high,
Q5661525,sauce,in_category,wikidata,high,
Q413449,sauce,in_category,wikidata,high,
en:akee-apple,vegetable,in_category,off,high,
en:alaska-pollock,en:white-fish,kind_of,off,high,
en:albacore,Q17504707,kind_of,off,high,
Q124542509,fruit-preserves,in_category,wikidata,picked,
en:alcohol-vinegar-powder,Q41354,kind_of,off,high,
fr:alcool-de-sucre-de-canne,alcohol,in_category,off,high,
en:alfalfa-seeds,seed,in_category,off,high,
Q9017170,noodle,in_category,off,high,
Q4732667,spice,in_category,wikidata,high,
Q67588543,Q184357,kind_of,wikidata,high,
Q110611279,Q275068,kind_of,wikidata,high,
Q975953,plant-milk,in_category,wikidata,high,
Q107246423,Q275068,kind_of,wikidata,high,
Q1164590,vegetable-oil,in_category,off,high,
en:almond-paste,Q184357,kind_of,off,high,
en:almond-pulp,Q184357,kind_of,off,high,
en:almond-with-skin,Q184357,kind_of,off,high,
en:almond-without-skin,Q184357,kind_of,off,high,
en:almonds-pieces,Q184357,kind_of,off,high,
en:aloe-vera,vegetable,in_category,off,high,
Q104219130,Q16128920,kind_of,wikidata,high,
fr:amande-coque,Q184357,kind_of,off,high,
fr:amandes-decortiquees,Q184357,kind_of,off,high,
Q10407363,Q2995529,kind_of,wikidata,high,
Q4740149,seed-oil,in_category,wikidata,high,
Q55181446,jam,in_category,wikidata,high,
Q2403343,Q5881191,kind_of,wikidata,high,
Q997633,tomato-sauce,in_category,wikidata,high,
fr:moutarde-a-l-ancienne,mustard,in_category,off,high,
Q2015681,spice,in_category,wikidata,high,
fr:amidons-de-ble-et-de-pomme-de-terre,starch,in_category,off,high,
Q2794759,leaf-vegetable,in_category,wikidata,high,
Q5965772,sauce,in_category,wikidata,high,
Q18479642,Q184357,kind_of,wikidata,high,
fr:amandes-biologiques,Q184357,kind_of,off,high,
Q17318560,Q10817602,kind_of,wikidata,high,
en:ancho-peppers,chili-pepper,in_category,off,high,
Q4589261,en:oily-fish,kind_of,off,high,
Q3897482,condiment,in_category,wikidata,high,
Q2829733,condiment,in_category,wikidata,picked,
Q17192593,Q235169,kind_of,wikidata,high,
andouille,Q131419,kind_of,prose,authored,
Q124760532,fish,in_category,wikidata,high,
Q26726250,Q11106,kind_of,wikidata,high,
en:angus-beef,Q192628,kind_of,off,high,
Q98680339,Q8495,kind_of,wikidata,high,
Q33873455,condiment,in_category,wikidata,picked,
en:aniseed-oil,essential-oil,in_category,off,high,
Q2850350,Q1470283,kind_of,wikidata,high,
fr:anneaux-de-calmar,Q550774,kind_of,off,high,
Q19892002,Q93189,kind_of,wikidata,high,
Q124736615,meat,in_category,off,high,
Q55731697,Q192628,kind_of,wikidata,high,
Q17988464,chocolate,in_category,wikidata,high,
Q1045978,Q89,kind_of,wikidata,high,
nl:appels-van-biologisch-dynamische-teelt,Q89,kind_of,off,high,
Q259550,syrup,in_category,wikidata,high,
Q1286704,Q89,kind_of,wikidata,high,
Q140361674,Q89,kind_of,wikidata,high,
Q267763,sauce,in_category,wikidata,high,
Q77469893,fruit-jam,in_category,wikidata,picked,
Q618355,Q89,kind_of,off,high,
Q110611277,Q275068,kind_of,wikidata,high,
Q110611276,Q275068,kind_of,wikidata,high,
Q110611275,Q275068,kind_of,wikidata,high,
Q110611274,Q275068,kind_of,wikidata,high,
en:apple-pieces,Q89,kind_of,off,high,
Q72409858,Q89,kind_of,off,picked,
Q4781286,seed-oil,in_category,wikidata,high,
en:apple-with-orange-juice,Q13191,kind_of,off,picked,
Q21427804,fruit,in_category,wikidata,high,
Q3733836,fruit,in_category,wikidata,high,
Q89999455,Q3733836,kind_of,off,high,
Q3337673,Q3733836,kind_of,off,high,
Q165527,seed,in_category,wikidata,picked,
en:apricot-kernel-oil,vegetable-oil,in_category,off,high,
en:apricot-kernels,tree-nut,in_category,off,high,
Q20162694,Q3733836,kind_of,off,high,
en:apricot-puree,Q3733836,kind_of,off,high,
en:arabica-coffee,Q8486,kind_of,off,high,
Q2859453,Q192628,kind_of,wikidata,high,
Q25615843,cereal,in_category,wikidata,high,
en:arctic-char,Q2796766,kind_of,off,high,
en:arctostaphylos-uva-ursi,Q16128920,kind_of,off,high,
Q1816679,nut,in_category,wikidata,high,
Q45418,vegetable-oil,in_category,off,picked,
en:argentine-shortfin-squid,Q550774,kind_of,off,high,
en:armagnac,alcohol,in_category,off,high,
en:aromatic-leaf,condiment,in_category,off,high,
Q4795514,Q5090,kind_of,wikidata,high,
Q11334094,fortified-wine,in_category,wikidata,high,
Q124799713,fish,in_category,wikidata,high,
Q117038374,vegetable,in_category,wikidata,high,
Q4069888,vegetable,in_category,off,picked,
en:arrowroot-powder,starch,in_category,off,high,
en:asclepias,root-vegetable,in_category,off,high,
Q16623684,Q13317,kind_of,wikidata,high,
Q107246430,Q275068,kind_of,wikidata,high,
Q110611125,Q275068,kind_of,wikidata,high,
fr:assaisonnement-gout-fromage,condiment,in_category,off,high,
fr:assaisonnement-gout-sale,condiment,in_category,off,high,
Q60763872,Q282694,kind_of,wikidata,high,
Q4812951,pickle,in_category,wikidata,high,
Q4817854,Q36465,kind_of,wikidata,high,
Q508441,sauce,in_category,wikidata,high,
Q1609510,Q89,kind_of,wikidata,high,
Q20105861,Q578307,kind_of,wikidata,high,
Q41804841,sauce,in_category,wikidata,high,
Q18499422,Q93165,kind_of,wikidata,high,
Q137251,vegetable-oil,in_category,wikidata,high,
Q115609440,fruit,in_category,wikidata,high,
Q797592,Q231458,kind_of,off,high,
Q3191665,Q81,kind_of,wikidata,high,
en:baby-carrots,Q81,kind_of,off,high,
en:baby-cucumber,Q2735883,kind_of,off,high,
Q12302713,vegetable-oil,in_category,wikidata,high,
en:baby-squid,Q550774,kind_of,off,high,
Q97919529,vegetable-oil,in_category,wikidata,high,
Q20587724,Q177378,kind_of,wikidata,high,
Q4839219,Q11106,kind_of,wikidata,high,
Q110611273,Q275068,kind_of,wikidata,high,
Q472612,Q5726634,kind_of,wikidata,high,
Q28950939,fruit,in_category,wikidata,high,
Q788412,meat,in_category,wikidata,high,
Q13405812,sauce,in_category,wikidata,high,
Q4842073,fish-sauce,in_category,wikidata,picked,
Q538656,spice-mix,in_category,wikidata,high,
Q134395384,Q177378,kind_of,wikidata,high,
Q349645,Q11254,kind_of,wikidata,high,
Q884785,chocolate,in_category,wikidata,high,
Q4850050,seed-oil,in_category,wikidata,high,
Q17067155,Q5620025,kind_of,wikidata,high,
Q170037,Q41354,kind_of,wikidata,high,
en:bamboo,en:shoot-vegetable,kind_of,off,high,
Q18356389,Q36465,kind_of,wikidata,high,
Q135266305,chutney,in_category,wikidata,high,
Q43668566,fruit-jam,in_category,wikidata,high,
Q415622,fruit,in_category,wikidata,high,
Q57271473,Q636056,kind_of,wikidata,high,
Q97368514,vegetable-oil,in_category,wikidata,high,
Q807791,sauce,in_category,wikidata,high,
en:barbecue-seasoning,condiment,in_category,off,high,
Q139555604,Q16128920,kind_of,wikidata,high,
fr:barde,Q11106,kind_of,off,high,
fr:barde-de-porc,Q191768,kind_of,off,high,
Q60793739,vegetable-oil,in_category,wikidata,high,
Q61665121,cereal,in_category,wikidata,high,
en:barley-extract,Q61665121,kind_of,off,high,
en:barley-flakes,Q61665121,kind_of,off,high,
Q68190970,Q61665121,kind_of,wikidata,picked,
Q3485291,Q61665121,kind_of,off,high,
Q65241643,Q61665121,kind_of,off,high,
en:barley-syrup,Q61665121,kind_of,off,high,
en:barley-wort,Q61665121,kind_of,off,high,
en:barnyard-millet,Q259438,kind_of,off,high,
fr:barre-de-chocolat-au-lait,milk-chocolate,in_category,off,high,
fr:base-aromatisante-fromage,cheese,in_category,off,high,
en:basil-extract,Q65522654,kind_of,off,high,
fr:basilic-en-poudre,Q65522654,kind_of,off,high,
fr:riz-basmati-precuit,Q732925,kind_of,off,high,
Q17067753,meat,in_category,wikidata,high,
Q115607763,Q5726634,kind_of,wikidata,high,
Q97376215,chocolate,in_category,wikidata,high,
Q17222480,Q19862498,kind_of,wikidata,high,
Q15932534,Q157484,kind_of,wikidata,high,
Q909834,Q796758,kind_of,wikidata,high,
Q19570988,spice-mix,in_category,wikidata,high,
Q781150,Q3088330,kind_of,wikidata,picked,
Q98593562,meat,in_category,wikidata,high,
Q102173316,sambal,in_category,wikidata,high,
Q149825,nut,in_category,wikidata,high,
Q104420412,Q192628,kind_of,off,high,
Q18822425,Q157484,kind_of,wikidata,picked,
Q12045578,meat,in_category,wikidata,high,
Q12577982,Q192628,kind_of,wikidata,high,
en:beef-casing,Q192628,kind_of,off,high,
en:beef-collagen,Q192628,kind_of,off,high,
Q72444938,Q192628,kind_of,off,high,
Q110611272,Q275068,kind_of,wikidata,high,
Q63327617,Q2051651,kind_of,wikidata,picked,
en:beef-kidney,Q192628,kind_of,off,high,
en:beef-knuckle,Q192628,kind_of,off,high,
Q67873858,Q1470283,kind_of,wikidata,picked,
en:beef-lung,Q192628,kind_of,off,high,
Q107246432,Q995566,kind_of,wikidata,high,
Q13164356,Q192628,kind_of,wikidata,high,
Q110611271,Q275068,kind_of,wikidata,high,
en:beef-steak,Q192628,kind_of,off,high,
Q124534840,Q192628,kind_of,wikidata,high,
Q1558649,Q2051651,kind_of,wikidata,picked,
en:beef-udder,Q192628,kind_of,off,high,
Q110611270,Q275068,kind_of,wikidata,high,
Q1144139,Q20638126,kind_of,wikidata,high,
Q86005436,dairy-product,in_category,wikidata,high,
Q107262097,Q41354,kind_of,wikidata,high,
Q42293366,Q8495,kind_of,wikidata,high,
Q165437,en:taproot-vegetable,kind_of,off,high,
Q110611269,Q275068,kind_of,wikidata,high,
Q12227334,vegetable-juice,in_category,wikidata,high,
Q103813342,molasses,in_category,wikidata,high,
Q9197055,sugar,kind_of,off,high,
Q99548274,root-vegetable,in_category,wikidata,picked,
fr:brochet,fish,in_category,off,high,
en:belgian-dark-chocolate,dark-chocolate,in_category,off,high,
en:belgian-milk-chocolate,milk-chocolate,in_category,off,high,
Q44204516,Q5090,kind_of,wikidata,high,
Q818763,spice-mix,in_category,wikidata,high,
Q107246433,Q275068,kind_of,wikidata,high,
en:bergamot,citrus-fruit,in_category,off,high,
Q16128920,fruit,in_category,wikidata,high,
en:berry-blend,Q16128920,kind_of,off,high,
Q90000932,fruit-jam,in_category,wikidata,high,
Q126959354,fruit-juice,in_category,wikidata,high,
Q851195,sauce,in_category,wikidata,high,
Q2900326,Q34172,kind_of,wikidata,high,
fr:beurre-d-isigny-aop,Q34172,kind_of,off,high,
fr:beurre-de-cuisine,Q34172,kind_of,off,high,
Q2776427,sauce,in_category,wikidata,high,
Q1897605,cheese,in_category,wikidata,high,
Q85975642,sauce,in_category,wikidata,high,
en:bigeye-scad,fish,in_category,off,high,
en:bigeye-tuna,Q17504707,kind_of,off,high,
Q60708120,Q16128920,kind_of,wikidata,high,
Q17384072,berry-juice,in_category,wikidata,high,
fr:billettes-de-cereales,cereal,in_category,off,high,
Q863394,Q1753272,kind_of,wikidata,high,
Q66765050,vegetable,in_category,wikidata,high,
Q67442012,Q654236,kind_of,wikidata,high,
Q166447,essential-oil,in_category,wikidata,high,
Q865598,juice,in_category,wikidata,high,
Q3181931,syrup,in_category,wikidata,high,
Q659503,Q93189,kind_of,wikidata,high,
en:biscuit-and-chocolate,chocolate,in_category,off,high,
Q58173066,meat,in_category,wikidata,high,
Q902704,Q184357,kind_of,wikidata,high,
Q879005,essential-oil,in_category,wikidata,high,
Q138638721,vegetable,in_category,wikidata,high,
en:bitter-melon,vegetable,in_category,off,high,
Q124749851,seafood,in_category,wikidata,high,
en:black-botifarra,meat,in_category,off,high,
en:black-carrot,Q81,kind_of,off,high,
en:black-carrot-juice,vegetable-juice,in_category,off,high,
en:black-chickpea,chickpea,in_category,off,high,
en:black-cumin,spice,in_category,off,picked,
Q2827931,Q21546392,kind_of,wikidata,high,
en:black-gram,Q145909,kind_of,off,high,
Q58218306,Q36465,kind_of,wikidata,high,
Q6819464,Q10978,kind_of,wikidata,high,
Q67445270,lentil,in_category,wikidata,high,
en:black-lentils,lentils,in_category,off,high,
Q56475549,Q1621080,kind_of,wikidata,high,
en:black-olives-oil,Q93165,kind_of,off,high,
Q15462145,meat,in_category,off,high,
Q3434002,Q5090,kind_of,wikidata,high,
Q68451322,root-vegetable,in_category,wikidata,high,
Q203415,tea,in_category,wikidata,high,
en:black-tea-extract,black-tea,in_category,off,high,
en:black-tea-leaf,black-tea,in_category,off,high,
en:black-tea-mix,black-tea,in_category,off,high,
Q15062992,common-bean,in_category,wikidata,high,
Q19842373,fruit,in_category,wikidata,high,
Q55829850,seed-oil,in_category,wikidata,high,
en:blackberry-wine,wine,in_category,off,high,
Q2941309,Q16128920,kind_of,off,high,
en:blackcurrant-jam,jam,in_category,off,high,
Q15277400,molasses,in_category,wikidata,high,
Q4923671,seed-oil,in_category,wikidata,high,
fr:blanc-d-oeuf-frais,Q796758,kind_of,off,high,
fr:blanc-de-calmars,Q550774,kind_of,off,high,
fr:blanc-de-poulet-cuit-de-qualite-superieure-traite-en-salaison-et-filet-interne-de-poulet,Q864693,kind_of,off,high,
en:blanched-hazelnut,Q578307,kind_of,off,high,
en:blanches-almonds,Q184357,kind_of,off,high,
fr:blancs-d-oeufs-pasteurises,Q796758,kind_of,off,high,
Q108208251,chutney,in_category,wikidata,high,
en:blend-of-honeys,Q10987,kind_of,off,high,
Q19360169,Q1531597,kind_of,wikidata,picked,
Q1231078,Q1531597,kind_of,wikidata,picked,
Q1849613,Q3088318,kind_of,wikidata,picked,
Q42411090,dairy-product,in_category,wikidata,high,
en:blonde-cane-sugar,Q18012503,kind_of,off,high,
Q121140766,chocolate,in_category,wikidata,high,
Q494268,Q157484,kind_of,wikidata,high,
Q141124217,Q21552830,kind_of,wikidata,high,
Q303669,Q13191,kind_of,wikidata,high,
en:blood-orange-juice,Q219059,kind_of,off,high,
Q154482,Q131419,kind_of,wikidata,high,
Q110611302,Q157484,kind_of,wikidata,high,
Q110611266,Q275068,kind_of,wikidata,high,
Q11579286,cheese,in_category,wikidata,high,
Q67773441,Q10987,kind_of,wikidata,high,
Q746471,cheese,in_category,off,high,
en:blue-fenugreek,spice,in_category,off,high,
en:blue-grenadier,en:white-fish,kind_of,off,high,
Q104186172,meat,in_category,wikidata,high,
Q67590382,Q13042834,kind_of,off,high,
Q104224051,fruit,in_category,wikidata,high,
Q4930177,Q20638126,kind_of,wikidata,high,
en:blue-whiting,en:white-fish,kind_of,off,high,
Q60741368,wine,in_category,wikidata,high,
Q4928711,fish,in_category,wikidata,high,
Q25325397,sauce,in_category,wikidata,high,
en:bluefish,fish,in_category,off,high,
en:boabab,fruit,in_category,off,high,
Q56304510,Q192628,kind_of,wikidata,high,
Q4938329,Q192628,kind_of,wikidata,high,
Q1062531,egg,kind_of,off,high,
Q134989868,Q16587531,kind_of,wikidata,high,
Q2368143,Q192628,kind_of,wikidata,high,
en:boletus,mushroom,in_category,off,high,
Q1162965,sauce,in_category,wikidata,high,
Q28432778,vegetable,in_category,wikidata,high,
Q22893422,goat-cheese,in_category,wikidata,high,
Q1777257,Q157484,kind_of,wikidata,high,
bone-broth,Q275068,kind_of,prose,authored,
Q1378736,Q157484,kind_of,wikidata,high,
Q85748179,meat,in_category,wikidata,high,
fr:bonite,Q17504707,kind_of,off,high,
en:borage,vegetable,in_category,off,picked,
Q139502272,syrup,in_category,wikidata,high,
Q140276921,Q1621080,kind_of,wikidata,high,
Q12269862,Q1753272,kind_of,wikidata,high,
Q4197759,vegetable,in_category,wikidata,high,
Q19953055,cheese,in_category,wikidata,high,
Q4248527,Q275068,kind_of,wikidata,high,
Q2921757,Q3774485,kind_of,wikidata,high,
Q895177,condiment,in_category,wikidata,high,
Q2380557,goat-cheese,in_category,wikidata,high,
Q3360594,fruit,in_category,wikidata,high,
Q9300353,wine,in_category,wikidata,high,
en:boysenberry,Q16128920,kind_of,off,high,
en:boysenberry-juice,fruit-juice,in_category,off,high,
Q65408190,dairy-product,in_category,wikidata,high,
Q30934934,starch,in_category,wikidata,high,
Q719458,Q157484,kind_of,wikidata,high,
Q188672,cereal,in_category,wikidata,picked,
en:brandy,alcohol,in_category,off,high,
fr:brandy-modifie,brandy,in_category,off,high,
en:brassica,vegetable,in_category,off,high,
bratwurst,Q131419,kind_of,prose,authored,
Q4383705,condiment,in_category,wikidata,picked,
Q27876877,Q2249305,kind_of,wikidata,high,
Q5869893,vegetable,in_category,off,picked,
en:breadfruit-seeds,seed,in_category,off,high,
en:breadnut-tree-seeds,seed,in_category,off,high,
Q1434914,Q15260613,kind_of,wikidata,high,
Q17767599,seafood,in_category,wikidata,picked,
Q67863751,Q67731470,kind_of,wikidata,high,
Q22728,Q8495,kind_of,wikidata,high,
Q67882951,Q957434,kind_of,wikidata,high,
Q3577332,fruit,in_category,wikidata,high,
Q910095,Q192628,kind_of,off,high,
Q4965959,cheese,in_category,wikidata,high,
Q193411,Q1256296,kind_of,wikidata,picked,
Q2925189,Q1256296,kind_of,wikidata,high,
Q5620025,cheese,in_category,wikidata,high,
Q123187468,Q5620025,kind_of,wikidata,high,
Q1324342,Q2051651,kind_of,wikidata,picked,
en:british-beef,Q192628,kind_of,off,high,
en:british-chicken,Q864693,kind_of,off,high,
en:british-cream,Q13228,kind_of,off,high,
en:british-ham,Q170486,kind_of,off,high,
en:british-lamb,Q643419,kind_of,off,high,
en:british-pork,Q191768,kind_of,off,high,
en:british-yogurt,Q13317,kind_of,off,high,
Q61672189,vegetable,in_category,off,picked,
en:broad-bean-flour,Q36465,kind_of,off,high,
it:brodo-di-vongole,Q275068,kind_of,off,picked,
Q4892188,Q5090,kind_of,wikidata,high,
en:brown-cane-sugar,Q18012503,kind_of,off,high,
en:brown-mustard,mustard,in_category,off,high,
en:brown-rice-flour,Q27862521,kind_of,off,picked,
Q3485298,syrup,in_category,wikidata,high,
Q17355541,sauce,in_category,wikidata,high,
Q629718,goat-cheese,in_category,wikidata,high,
Q130242386,Q10987,kind_of,off,high,
Q4536337,Q1436715,kind_of,wikidata,high,
Q4985918,seed-oil,in_category,wikidata,high,
Q23808610,meat,in_category,wikidata,high,
en:buffalo-milk-cream,Q13228,kind_of,off,high,
Q244599,vegetable,in_category,wikidata,high,
Q250432,Q102330562,kind_of,off,picked,
Q49127230,sweetener,in_category,wikidata,high,
en:bullocks-heart,fruit,in_category,off,high,
Q697230,spice-mix,in_category,wikidata,picked,
en:burbot,en:white-fish,kind_of,off,high,
Q110611264,Q275068,kind_of,wikidata,high,
Q95999057,root-vegetable,in_category,off,picked,
en:burnet,herb,in_category,off,high,
Q63524591,cow-s-milk-cheese,in_category,wikidata,picked,
Q5001454,Q20638126,kind_of,wikidata,high,
Q649978,Q19862498,kind_of,wikidata,high,
Q82813109,Q5726634,kind_of,wikidata,high,
en:butterfish,fish,in_category,off,high,
Q58265,sauce,in_category,wikidata,high,
Q209974,sauce,in_category,wikidata,high,
Q17623256,Q1682434,kind_of,wikidata,high,
Q97365439,Q192628,kind_of,wikidata,high,
Q107246440,Q275068,kind_of,wikidata,high,
Q107556104,chili-pepper,in_category,wikidata,high,
Q20968805,goat-cheese,in_category,wikidata,high,
Q108167643,Q844144,kind_of,wikidata,high,
Q3649389,Q17315191,kind_of,wikidata,high,
Q115618640,vegetable,in_category,wikidata,high,
Q54815990,sauce,in_category,wikidata,high,
Q857162,essential-oil,in_category,wikidata,high,
Q3112529,Q36465,kind_of,wikidata,high,
Q5347761,Q165308,kind_of,wikidata,high,
en:calamansi,Q13191,kind_of,off,high,
Q633615,Q550774,kind_of,wikidata,high,
Q139105370,Q6418247,kind_of,wikidata,high,
Q107307325,meat,in_category,wikidata,high,
Q64065384,Q1470283,kind_of,wikidata,picked,
Q107307327,Q275068,kind_of,wikidata,high,
Q107246445,Q157484,kind_of,wikidata,high,
Q110611262,Q6418247,kind_of,wikidata,high,
Q107307329,Q157484,kind_of,wikidata,high,
Q110611160,Q157484,kind_of,wikidata,high,
Q67883221,Q157484,kind_of,wikidata,picked,
Q67883194,Q157484,kind_of,wikidata,picked,
Q68497339,Q157484,kind_of,wikidata,picked,
Q1722084,Q157484,kind_of,wikidata,high,
Q107307331,Q275068,kind_of,wikidata,high,
Q107307332,Q275068,kind_of,wikidata,high,
en:california-avocado,Q961769,kind_of,off,high,
Q21075496,Q1621080,kind_of,wikidata,high,
fr:calmar-geant,Q550774,kind_of,off,high,
en:calvados,alcohol,in_category,off,high,
Q2934610,vegetable,in_category,wikidata,high,
Q1722914,meat,in_category,wikidata,high,
Q623636,Q8495,kind_of,wikidata,high,
Q136416797,chocolate,in_category,wikidata,high,
Q19341521,cheese,in_category,wikidata,high,
Q124815700,meat,in_category,wikidata,high,
Q496049,vegetable-oil,in_category,off,picked,
Q1086855,cheese,in_category,wikidata,high,
Q1103862,essential-oil,in_category,wikidata,high,
Q133973038,Q5726634,kind_of,wikidata,high,
en:campari,alcohol,in_category,off,high,
Q18012466,essential-oil,in_category,wikidata,high,
Q22442939,syrup,in_category,wikidata,high,
en:candied-lemon-zest,Q1093742,kind_of,off,high,
en:candy-sugar,sugar,kind_of,off,high,
Q18012503,sugar,kind_of,off,high,
en:cane-sugar-cube,Q18012503,kind_of,off,high,
Q102173082,sambal,in_category,wikidata,high,
Q30715522,bean,in_category,wikidata,high,
Q98103940,fruit,in_category,wikidata,high,
Q3660407,meat,in_category,wikidata,high,
Q67891942,Q13202263,kind_of,wikidata,high,
Q112875918,Q10817602,kind_of,wikidata,high,
Q297296,fish,in_category,wikidata,high,
Q21014626,Q131419,kind_of,wikidata,high,
Q115618823,seafood,in_category,wikidata,high,
Q115619185,vegetable,in_category,wikidata,high,
fr:canneloni,pasta,in_category,off,high,
Q61858403,Q5881191,kind_of,wikidata,high,
fr:pieces-de-tete-de-porc,Q191768,kind_of,off,high,
en:capelin,fish,in_category,off,high,
Q3229775,condiment,in_category,wikidata,high,
Q110611261,Q6418247,kind_of,wikidata,high,
Q110611258,Q275068,kind_of,wikidata,high,
Q107246454,Q157484,kind_of,wikidata,high,
Q107246457,Q864693,kind_of,wikidata,high,
Q110611254,Q157484,kind_of,wikidata,high,
Q181560,fruit,in_category,wikidata,high,
en:caramel-malt,Q152024,kind_of,off,high,
en:caramelised-sugar-syrup,sugar,kind_of,off,high,
Q21155816,spice,in_category,wikidata,picked,
Q56291594,Q8495,kind_of,wikidata,high,
en:carbonated-water,water,kind_of,off,high,
Q136746527,Q23041430,kind_of,wikidata,high,
en:cardamom-seed,seed,in_category,off,high,
Q3474110,sauce,in_category,wikidata,high,
Q7223635,vegetable,in_category,wikidata,high,
Q18480939,Q192628,kind_of,wikidata,high,
Q16868569,Q192628,kind_of,wikidata,high,
Q19608517,Q1753272,kind_of,wikidata,high,
fr:viande-bovine-origine-france,Q192628,kind_of,off,high,
fr:viande-bovine-halal,Q192628,kind_of,off,high,
Q9697590,Q192628,kind_of,wikidata,high,
Q106922460,Q36465,kind_of,wikidata,high,
Q20411850,molasses,in_category,wikidata,high,
fr:carotte-nantaise,Q81,kind_of,off,high,
fr:carotte-parisienne,Q81,kind_of,off,high,
Q2751223,fish,in_category,wikidata,high,
Q110611250,Q275068,kind_of,wikidata,high,
Q67887930,Q67731470,kind_of,wikidata,high,
Q110611246,Q157484,kind_of,wikidata,high,
fr:carpaccio-de-boeuf,Q192628,kind_of,off,high,
en:carrot-concentrate,Q81,kind_of,off,high,
en:carrot-extract,Q81,kind_of,off,high,
Q1190074,Q81,kind_of,off,high,
en:carrot-powder,Q81,kind_of,off,high,
Q2940396,Q1256296,kind_of,wikidata,high,
en:casaba,Q5881191,kind_of,off,high,
en:caseinate,dairy,in_category,off,high,
Q108167316,plant-milk,in_category,wikidata,high,
Q7885904,nut,in_category,wikidata,high,
en:cashew-nut-oil,vegetable-oil,in_category,off,high,
Q10261845,Q36465,kind_of,wikidata,high,
Q43304555,vegetable,in_category,wikidata,high,
Q118818955,Q773987,kind_of,wikidata,high,
Q337492,seed-oil,in_category,wikidata,high,
Q18226,meat,in_category,wikidata,high,
en:category-a-eggs,egg,kind_of,off,high,
Q22127070,fish,in_category,wikidata,high,
Q662490,Q157484,kind_of,wikidata,high,
Q106815124,vegetable,in_category,wikidata,high,
Q139905784,Q636056,kind_of,wikidata,high,
en:cava,alcohol,in_category,off,high,
en:cavendish-banana,Q503,kind_of,off,high,
pl:cebula-dymka,Q3406628,kind_of,off,high,
Q139393613,juice,in_category,wikidata,high,
Q5057668,Q20638126,kind_of,wikidata,high,
Q103765549,root-vegetable,in_category,wikidata,high,
en:celery-juice,Q23012379,kind_of,off,high,
en:celery-leaves,Q23012379,kind_of,off,high,
en:celery-puree,Q23012379,kind_of,off,high,
en:celery-seed,Q23012379,kind_of,off,high,
Q72516622,essential-oil,in_category,wikidata,picked,
en:cephalopod-ink,Q550774,kind_of,off,high,
fr:viande-de-porc-traitee-en-salaison,Q191768,kind_of,off,high,
en:cereal-and-seed-mixture,cereal,in_category,off,picked,
en:cereal-extrudate,cereal,in_category,off,high,
Q109037830,cereal,in_category,off,high,
Q3774990,Q2995529,kind_of,wikidata,high,
Q2727662,Q145909,kind_of,wikidata,high,
en:cereals-containing-gluten,cereal,in_category,off,high,
Q5069848,sauce,in_category,wikidata,high,
en:champagne,alcohol,in_category,off,high,
5226,mushroom,in_category,off,high,
Q6384329,dairy-product,in_category,wikidata,high,
Q1000176,Q1256296,kind_of,wikidata,picked,
Q260568,meat,in_category,off,high,
Q110611242,juice,in_category,wikidata,high,
Q107262462,root-vegetable,in_category,wikidata,high,
Q114226148,white-wine,in_category,wikidata,high,
Q1067646,goat-cheese,in_category,wikidata,high,
en:chayotte,vegetable,in_category,off,high,
en:cheddar-powder,Q217525,kind_of,off,high,
Q131360665,Q157484,kind_of,wikidata,high,
Q115619076,dairy-product,in_category,wikidata,high,
Q3088359,cheese,in_category,wikidata,high,
en:cheese-made-from-pasteurized-milk,cheese,in_category,off,high,
Q6094564,goat-cheese,in_category,wikidata,high,
Q5089407,cheese,in_category,wikidata,high,
Q57828221,dairy-product,in_category,wikidata,high,
Q15875509,cheese,in_category,wikidata,high,
Q3205924,fruit,in_category,wikidata,high,
Q110611280,Q275068,kind_of,wikidata,high,
Q47472139,fruit-jam,in_category,wikidata,high,
Q62030277,fruit-juice,in_category,wikidata,high,
en:cherry-plum-tomatoes,Q20638126,kind_of,off,high,
Q110611241,Q636056,kind_of,wikidata,high,
en:chervil,herb,in_category,off,high,
Q773987,tree-nut,in_category,off,picked,
Q3066928,Q36465,kind_of,wikidata,high,
en:chestnut-from-the-eu,Q773987,kind_of,off,high,
en:chestnut-mushroom,mushroom,in_category,off,high,
en:chestnut-powder,Q773987,kind_of,off,high,
Q67888145,Q773987,kind_of,wikidata,picked,
Q22249558,goat-cheese,in_category,wikidata,high,
Q1071353,goat-cheese,in_category,wikidata,high,
en:chia,seed,in_category,off,high,
Q1071708,vegetable-oil,in_category,off,picked,
Q27688832,seed,in_category,wikidata,high,
en:chicken-blood,Q864693,kind_of,off,high,
en:chicken-cutlet,Q864693,kind_of,off,high,
Q15260613,Q93189,kind_of,wikidata,picked,
Q139695298,Q796758,kind_of,wikidata,high,
Q14523825,Q181409,kind_of,wikidata,high,
Q4525851,Q864693,kind_of,off,high,
Q104664167,Q864693,kind_of,wikidata,picked,
Q11675829,Q170486,kind_of,wikidata,high,
Q67210826,Q864693,kind_of,wikidata,picked,
Q7196561,Q864693,kind_of,wikidata,high,
Q67210929,meat,in_category,wikidata,high,
en:chicken-meat-extract,Q864693,kind_of,off,high,
en:chicken-meat-including-chicken-juices,Q864693,kind_of,off,high,
en:chicken-neck,Q864693,kind_of,off,high,
Q107246469,Q157484,kind_of,wikidata,high,
Q110611127,Q275068,kind_of,wikidata,high,
Q110611240,Q275068,kind_of,wikidata,high,
en:chicken-protein,Q864693,kind_of,off,high,
Q107246470,Q995566,kind_of,wikidata,high,
Q67210992,Q864693,kind_of,wikidata,picked,
Q107307334,Q275068,kind_of,wikidata,high,
Q114290659,Q864693,kind_of,wikidata,high,
Q110611239,Q275068,kind_of,wikidata,high,
en:chicory,en:shoot-vegetable,kind_of,off,high,
Q36836253,vegetable,in_category,wikidata,high,
Q139596812,vegetable,in_category,wikidata,high,
Q16540939,chili-pepper,in_category,wikidata,high,
Q105615280,condiment,in_category,wikidata,high,
en:chili-in-vinegar,chili-pepper,in_category,off,high,
en:chili-mayonnaise,mayonnaise,in_category,off,high,
Q5098942,Q5726634,kind_of,wikidata,high,
en:chilled-orange-juice,Q219059,kind_of,off,high,
Q841908,seafood,in_category,wikidata,high,
Q5099043,condiment,in_category,wikidata,high,
Q1073142,sauce,in_category,wikidata,high,
en:chinese-chestnut,tree-nut,in_category,off,high,
en:chinotto,citrus-fruit,in_category,off,high,
Q1092712,Q131419,kind_of,wikidata,high,
fr:chipolatas-aux-herbes,Q191768,kind_of,off,high,
Q5102129,condiment,in_category,wikidata,picked,
es:chistorra,meat,in_category,off,high,
Q103198254,Q2296872,kind_of,wikidata,high,
Q155460,Q157484,kind_of,wikidata,high,
Q96631144,Q864693,kind_of,wikidata,high,
fr:chocolat-au-lait-du-pays-alpin,milk-chocolate,in_category,off,high,
fr:chocolat-au-lait-en-poudre,milk-chocolate,in_category,off,high,
fr:chocolat-noir-de-couverture,dark-chocolate,in_category,off,high,
fr:chocolat-noir-a-70-de-cacao,dark-chocolate,in_category,off,high,
Q195,condiment,in_category,wikidata,high,
en:chocolate-bar,chocolate,in_category,off,high,
en:chocolate-chunk,chocolate,in_category,off,high,
Q2743088,chocolate,in_category,wikidata,high,
Q11318420,chocolate,in_category,wikidata,high,
en:chocolate-cream,chocolate,in_category,off,high,
Q119898571,chocolate,in_category,wikidata,high,
Q21156490,chocolate,in_category,wikidata,high,
en:chocolate-filling,chocolate,in_category,off,high,
Q3013199,Q13233,kind_of,wikidata,high,
Q139206037,chocolate,in_category,wikidata,high,
Q1721876,chocolate,in_category,wikidata,high,
en:chocolate-paste,chocolate,in_category,off,high,
Q599901,chocolate,in_category,wikidata,picked,
Q57543544,Q16128920,kind_of,off,picked,
en:chokeberry-juice,fruit-juice,in_category,off,high,
en:chopped-hazelnuts,Q578307,kind_of,off,high,
Q3854334,Q659503,kind_of,wikidata,high,
Q23374,Q10426,kind_of,wikidata,high,
Q12699,Q113199286,kind_of,off,high,
en:chow-mein-chinese-noodles,noodle,in_category,off,high,
Q38029086,Q5726634,kind_of,wikidata,high,
Q1365996,Q2051651,kind_of,wikidata,picked,
Q475211,Q2796766,kind_of,off,high,
en:churned-butter,Q34172,kind_of,off,high,
Q275650,condiment,in_category,wikidata,picked,
Q16926310,chutney,in_category,wikidata,high,
fr:chataignes-d-ardeche-aop,Q773987,kind_of,off,high,
Q11730807,Q234901,kind_of,wikidata,picked,
Q167296,alcohol,in_category,off,high,
en:cider-apple-juice,Q618355,kind_of,off,high,
en:cider-apples,Q89,kind_of,off,high,
Q72460907,essential-oil,in_category,wikidata,high,
Q3302750,spice-mix,in_category,wikidata,high,
Q30038881,syrup,in_category,wikidata,high,
Q136502920,Q3406628,kind_of,wikidata,high,
Q18468848,citrus-fruit,in_category,wikidata,high,
Q104832496,citrus-fruit,in_category,wikidata,high,
Q37970325,Q1093742,kind_of,wikidata,high,
Q139614565,syrup,in_category,wikidata,high,
Q2574750,fruit,in_category,wikidata,high,
en:citrus-fruit-extract,citrus-fruit,in_category,off,high,
Q132862688,essential-oil,in_category,wikidata,picked,
Q1192868,seafood,in_category,wikidata,high,
en:clam-or-mussel,Q13042834,kind_of,off,picked,
Q5125439,sauce,in_category,wikidata,high,
Q2789594,Q34172,kind_of,wikidata,high,
Q3329818,fruit,in_category,wikidata,high,
Q1373885,Q13228,kind_of,off,high,
Q65524294,fruit,in_category,wikidata,high,
Q65524341,jam,in_category,wikidata,high,
Q5135789,Q93165,kind_of,wikidata,high,
Q15622897,spice,in_category,wikidata,high,
en:clove-oil,vegetable-oil,in_category,off,high,
en:clover-honey,Q10987,kind_of,off,high,
Q21427074,fruit,in_category,wikidata,high,
en:coarse-salt,salt,kind_of,off,high,
en:coarse-sea-salt,Q282694,kind_of,off,high,
Q9788727,cheese,in_category,wikidata,high,
Q1105371,sauce,in_category,wikidata,high,
Q208008,cocoa,in_category,off,picked,
en:cocoa-biscuit,cocoa,in_category,off,high,
Q251106,cocoa,in_category,off,high,
en:cocoa-extract,cocoa,in_category,off,high,
en:cocoa-fiber,cocoa,in_category,off,high,
en:cocoa-powder-processed-with-alkali,Q1062396,kind_of,off,high,
en:cocoa-powder-with-reduced-cocoa-butter-content,Q1062396,kind_of,off,high,
en:cocoa-shell-nibs,cocoa,in_category,off,high,
Q3342808,Q844144,kind_of,wikidata,high,
Q2763151,chutney,in_category,wikidata,high,
Q67890507,Q3342808,kind_of,wikidata,high,
Q107667187,Q3342808,kind_of,off,picked,
Q94835,jam,in_category,wikidata,high,
en:coconut-paste,Q3342808,kind_of,off,high,
Q67890691,Q3342808,kind_of,wikidata,high,
Q633401,Q3342808,kind_of,off,high,
Q16878224,syrup,in_category,wikidata,high,
Q13194939,en:white-fish,kind_of,off,high,
Q5139927,seafood,in_category,wikidata,high,
en:coffea-robusta,Q8486,kind_of,off,high,
en:coffee-beans,Q8486,kind_of,off,high,
Q105267459,fruit,in_category,wikidata,high,
en:coffee-preparation,Q8486,kind_of,off,high,
Q17115935,sauce,in_category,wikidata,high,
Q5140965,syrup,in_category,wikidata,high,
Q934874,fish,in_category,wikidata,high,
Q104224852,meat,in_category,wikidata,high,
en:cointreau,alcohol,in_category,off,high,
Q5142444,Q8486,kind_of,wikidata,high,
en:cold-pressed-sunflower-oil,Q94787,kind_of,off,high,
Q5142277,citrus-fruit,in_category,wikidata,high,
Q20968486,juice,in_category,wikidata,high,
Q104673882,leaf-vegetable,in_category,wikidata,picked,
en:colorful-pepper,pepper,kind_of,off,high,
Q192746,Q8495,kind_of,wikidata,high,
en:coloured-cheddar,Q217525,kind_of,off,high,
Q116002953,Q864693,kind_of,wikidata,picked,
Q5151388,sauce,in_category,wikidata,high,
Q74662248,Q145909,kind_of,off,high,
Q67774413,seafood,in_category,wikidata,high,
Q1135526,seafood,in_category,wikidata,picked,
Q73351508,Q15645384,kind_of,wikidata,high,
Q47872684,Q2249305,kind_of,wikidata,high,
Q5156834,Q34172,kind_of,wikidata,high,
Q2915599,chocolate,in_category,wikidata,high,
Q57312630,Q618355,kind_of,wikidata,high,
en:concentrated-grape-juice,Q1209756,kind_of,off,high,
en:concentrated-lemon-extract,Q1093742,kind_of,off,high,
en:concentrated-mushroom-juice,mushroom,in_category,off,high,
en:concentrated-orange-juice,Q219059,kind_of,off,high,
en:concentrated-puree,Q636056,kind_of,off,high,
en:concentrated-whey,Q185009,kind_of,off,high,
en:concentrated-whole-egg,Q115618816,kind_of,off,high,
fr:concentre-d-hibiscus-et-de-carotte,Q81,kind_of,off,high,
fr:concentre-de-carotte-et-de-citrouille,Q165308,kind_of,off,picked,
fr:concentre-de-citrouille,Q165308,kind_of,off,high,
fr:concentre-salin-liquide,salt,kind_of,off,high,
en:condensed-whey,Q185009,kind_of,off,high,
Q1125320,meat,in_category,wikidata,high,
Q22907436,jam,in_category,wikidata,high,
Q89194144,jam,in_category,wikidata,high,
Q96262437,fruit-preserves,in_category,wikidata,high,
en:cooked-carrot,Q81,kind_of,off,high,
en:cooked-chickpeas,chickpea,in_category,off,high,
en:cooked-egg-white,Q796758,kind_of,off,high,
Q107695269,cereal,in_category,wikidata,high,
Q67187245,Q170486,kind_of,wikidata,high,
en:cooked-potato,Q16587531,kind_of,off,high,
Q523224,Q5090,kind_of,off,high,
en:cooked-teff,en:teff,kind_of,off,high,
en:cooked-wheat,Q15645384,kind_of,off,high,
Q3395987,Q89,kind_of,wikidata,high,
Q165449,Q503,kind_of,wikidata,high,
en:cooking-broth,Q275068,kind_of,off,high,
en:cooking-water,water,kind_of,off,high,
Q108418101,Q1621080,kind_of,wikidata,high,
Q1118978,vegetable-oil,in_category,wikidata,picked,
Q856775,vegetable-oil,in_category,off,picked,
en:corn-salad,leaf-vegetable,in_category,off,high,
Q618739,syrup,in_category,wikidata,high,
Q1133209,Q192628,kind_of,wikidata,high,
en:cornflower,herb,in_category,off,high,
en:corvina,fish,in_category,off,high,
Q13221624,cheese,in_category,off,high,
Q1625130,Q10426,kind_of,wikidata,picked,
Q17104079,seed,in_category,wikidata,high,
Q811663,vegetable-oil,in_category,off,picked,
fr:couenne-de-porc,Q191768,kind_of,off,high,
Q1136961,sauce,in_category,wikidata,high,
Q76605,Q15645384,kind_of,off,high,
Q3001611,Q14328596,kind_of,off,high,
Q651462,chocolate,in_category,wikidata,high,
Q113773149,Q13317,kind_of,wikidata,high,
Q10988133,Q8495,kind_of,wikidata,high,
Q12488531,Q157484,kind_of,wikidata,high,
Q3088299,cheese,in_category,wikidata,high,
Q107246473,fruit-juice,in_category,wikidata,high,
en:crabapples,Q89,kind_of,off,high,
Q110611299,Q2995529,kind_of,wikidata,high,
Q5181811,seed-oil,in_category,wikidata,high,
Q13181,Q16128920,kind_of,wikidata,high,
Q6006851,common-bean,in_category,wikidata,high,
Q2915430,sauce,in_category,wikidata,high,
Q55815404,seed-oil,in_category,wikidata,high,
Q1211742,seafood,in_category,wikidata,high,
Q1790289,seafood,in_category,wikidata,high,
Q96756338,seafood,in_category,wikidata,high,
Q115618468,sauce,in_category,wikidata,high,
Q110611234,Q275068,kind_of,wikidata,high,
en:cream-from-normandy,Q13228,kind_of,off,high,
en:cream-powder,Q13228,kind_of,off,high,
Q10509700,sauce,in_category,wikidata,high,
en:cream-with-10-milk-fat,Q13228,kind_of,off,high,
en:cream-with-12-milk-fat,Q13228,kind_of,off,high,
en:cream-with-18-milk-fat,Q13228,kind_of,off,high,
en:cream-with-20-milk-fat,Q13228,kind_of,off,high,
en:cream-with-22-milk-fat,Q13228,kind_of,off,high,
en:cream-with-25-milk-fat,Q13228,kind_of,off,high,
en:cream-with-33-milk-fat,Q13228,kind_of,off,high,
en:cream-with-36-milk-fat,Q13228,kind_of,off,high,
Q68435193,Q13317,kind_of,wikidata,picked,
Q1831539,Q3342808,kind_of,wikidata,high,
Q5183373,Q10987,kind_of,wikidata,high,
en:cress,leaf-vegetable,in_category,off,high,
fr:crevettes-decortiquees,Q1517781,kind_of,off,high,
Q25323829,Q36465,kind_of,wikidata,high,
en:crispy-flakes,cereal-flakes,in_category,off,high,
Q11142711,condiment,in_category,wikidata,high,
Q456053,seed-oil,in_category,wikidata,high,
Q60857671,seed-oil,in_category,wikidata,high,
Q5189799,vegetable,in_category,wikidata,high,
en:crudites,vegetable,in_category,off,high,
fr:creme-de-riz,Q5090,kind_of,off,high,
Q3006047,Q13228,kind_of,wikidata,high,
fr:creme-epaisse,Q13228,kind_of,off,high,
Q30737789,dairy-product,in_category,wikidata,high,
Q19903893,Q2735883,kind_of,off,high,
Q10511020,condiment,in_category,wikidata,high,
Q123466756,fruit,in_category,wikidata,high,
Q76749327,Q654236,kind_of,wikidata,high,
Q611909,meat,in_category,wikidata,high,
Q55740316,essential-oil,in_category,wikidata,picked,
Q5122903,citrus-fruit,in_category,wikidata,picked,
Q5194622,jam,in_category,wikidata,high,
Q622563,dairy-product,in_category,wikidata,high,
Q123151678,fresh-cheese,in_category,wikidata,high,
Q2622681,dairy-product,in_category,wikidata,high,
Q3241599,Q16128920,kind_of,wikidata,high,
Q137926646,sauce,in_category,wikidata,high,
Q2148721,condiment,in_category,wikidata,high,
Q5195232,Q5726634,kind_of,wikidata,high,
Q115618401,sauce,in_category,wikidata,high,
en:cusk,en:saltwater-fish,kind_of,off,high,
en:custard-squash,vegetable,in_category,off,high,
Q2051651,Q6418247,kind_of,wikidata,picked,
Q67731470,fish,in_category,wikidata,high,
Q139960435,meat,in_category,wikidata,high,
Q15850295,Q191768,kind_of,wikidata,high,
pl:czekolada-deserowa,dark-chocolate,in_category,off,high,
Q125871252,cheese,in_category,wikidata,high,
Q5202996,Q5090,kind_of,wikidata,high,
Q47469439,Q13317,kind_of,wikidata,picked,
Q11436258,condiment,in_category,wikidata,high,
Q16637313,cheese,in_category,wikidata,high,
Q1872262,dairy-product,in_category,wikidata,high,
Q115435123,dairy-product,in_category,wikidata,high,
Q1139389,bean,in_category,wikidata,high,
Q56417209,Q10978,kind_of,wikidata,high,
Q107862970,Q192628,kind_of,wikidata,high,
Q3091399,leaf-vegetable,in_category,wikidata,high,
Q92570320,Q10987,kind_of,wikidata,high,
Q65197629,syrup,in_category,wikidata,high,
en:dark-cep,mushroom,in_category,off,high,
en:dark-chocolate-chunks,dark-chocolate,in_category,off,picked,
en:dark-chocolate-with-sweeteners,dark-chocolate,in_category,off,high,
en:dark-rye-flour,Q10658708,kind_of,off,high,
Q111133654,syrup,in_category,wikidata,high,
en:dark-wheat-flour,Q2249305,kind_of,off,high,
Q1652093,Q844144,kind_of,wikidata,high,
Q2916133,fruit-syrup,in_category,wikidata,high,
en:date-juice,Q1652093,kind_of,off,high,
en:date-paste,Q1652093,kind_of,off,high,
Q134761715,Q89,kind_of,wikidata,high,
en:decaffeinated-black-tea,black-tea,in_category,off,high,
Q111975853,Q8486,kind_of,wikidata,high,
en:decaffeinated-green-tea,green-tea,in_category,off,high,
Q65303987,fruit,in_category,wikidata,high,
Q67778515,Q36814998,kind_of,wikidata,high,
en:deepwater-redfish,fish,in_category,off,high,
Q96756392,Q1470283,kind_of,wikidata,high,
Q110611110,Q275068,kind_of,wikidata,high,
Q107336351,Q275068,kind_of,wikidata,high,
Q1182764,fruit-syrup,in_category,wikidata,high,
en:deglet-nour-dates,Q1652093,kind_of,off,high,
en:dehydrated-broth,Q275068,kind_of,off,high,
en:dehydrated-glucose-syrup,glucose-syrup,in_category,off,high,
Q116767571,spice,in_category,wikidata,high,
en:dehydrated-pork-broth,Q275068,kind_of,off,picked,
en:dehydrated-sourdough,Q904889,kind_of,off,high,
Q496600,citrus-fruit,in_category,wikidata,picked,
Q680264,sauce,in_category,wikidata,high,
en:deodorized-sunflower-oil,Q94787,kind_of,off,high,
es:derivado-lacteo-en-polvo,dairy,in_category,off,high,
en:desiccated-coconut,Q3342808,kind_of,off,high,
Q138848994,vegetable,in_category,wikidata,high,
Q25327021,sauce,in_category,wikidata,high,
Q1200945,wine,in_category,wikidata,high,
Q10469856,cheese,in_category,wikidata,high,
en:devitalised-sourdough,Q904889,kind_of,off,high,
Q12821339,Q5090,kind_of,wikidata,high,
Q932314,Q16128920,kind_of,off,picked,
en:dewlap,Q191768,kind_of,off,high,
en:dextrinated-cornmeal,Q10286140,kind_of,off,high,
en:dextrinated-rice-flour,Q1269205,kind_of,off,high,
en:dextrinated-rye-flour,Q10658708,kind_of,off,high,
en:dextrinated-wheat-flour,Q2249305,kind_of,off,high,
Q5270257,cooking-oil,in_category,wikidata,high,
en:diced-tomatoes-in-tomato-juice,Q20638126,kind_of,off,high,
Q101208157,cheese,in_category,wikidata,high,
Q12030196,sauce,in_category,wikidata,high,
Q139678670,spice,in_category,wikidata,picked,
Q2046560,sauce,in_category,wikidata,high,
Q3881770,vegetable-oil,in_category,wikidata,high,
en:dishcloth,vegetable,in_category,off,high,
en:distant-scallop,Q7360490,kind_of,off,high,
Q898765,Q41354,kind_of,wikidata,high,
en:distilled-water,water,kind_of,off,high,
Q106543805,jam,in_category,wikidata,high,
Q83397433,jam,in_category,wikidata,high,
en:dock,leaf-vegetable,in_category,off,high,
Q826031,meat,in_category,wikidata,high,
Q104224564,Q8495,kind_of,wikidata,high,
Q5752993,meat,in_category,wikidata,high,
Q1239497,Q8495,kind_of,wikidata,high,
Q124767789,fish,in_category,wikidata,high,
Q3037288,cheese,in_category,wikidata,high,
Q3273096,hot-sauce,in_category,wikidata,high,
Q178024,Q5726634,kind_of,wikidata,high,
Q5306060,Q34172,kind_of,wikidata,high,
Q42366258,Q234901,kind_of,wikidata,picked,
Q4247694,Q234901,kind_of,wikidata,picked,
Q113997060,Q234901,kind_of,wikidata,high,
Q1271385,vegetable,in_category,wikidata,high,
en:dried-carrot,Q81,kind_of,off,high,
Q955945,Q234901,kind_of,wikidata,high,
Q5307390,Q234901,kind_of,wikidata,high,
Q68495949,Q234901,kind_of,wikidata,picked,
Q128305986,Q796758,kind_of,wikidata,high,
Q5678503,Q234901,kind_of,wikidata,high,
Q5307391,fish,in_category,wikidata,high,
Q234901,fruit,in_category,wikidata,high,
Q98078539,Q234901,kind_of,wikidata,high,
en:dried-japanese-persimmon,Q29526,kind_of,off,high,
Q105044482,Q234901,kind_of,wikidata,picked,
Q1753272,meat,in_category,wikidata,high,
Q19921797,Q234901,kind_of,wikidata,high,
Q11702846,Q654236,kind_of,wikidata,high,
en:dried-pasta,pasta,in_category,off,high,
Q67862893,Q29472543,kind_of,wikidata,high,
en:dried-peach,Q13202263,kind_of,off,high,
Q1774262,Q234901,kind_of,wikidata,high,
Q110611136,Q275068,kind_of,wikidata,high,
Q5929611,Q234901,kind_of,wikidata,high,
Q137637210,seafood,in_category,wikidata,high,
Q56395863,vegetable,in_category,wikidata,high,
en:dried-whole-egg,Q115618816,kind_of,off,high,
en:dried-yolk-egg,Q181409,kind_of,off,high,
Q4444627,Q13317,kind_of,wikidata,high,
en:drumstick-leaves,leaf-vegetable,in_category,off,high,
en:drumstick-pods,vegetable,in_category,off,high,
Q26869352,dairy-product,in_category,wikidata,high,
Q67441433,meat,in_category,wikidata,high,
Q11173928,Q93189,kind_of,wikidata,picked,
Q57655562,Q1470283,kind_of,wikidata,high,
Q542042,Q18087876,kind_of,wikidata,high,
Q2919604,sauce,in_category,wikidata,high,
Q917761,jam,in_category,wikidata,high,
Q134185,fruit,in_category,wikidata,high,
Q47873188,Q2249305,kind_of,wikidata,high,
Q102330562,Q15645384,kind_of,off,high,
en:durum-wheat-kernels,Q102330562,kind_of,off,high,
Q95370124,Q102330562,kind_of,off,picked,
en:durum-wheat-semolina-pasta,pasta,in_category,off,high,
en:durum-wheat-sourdough,Q102330562,kind_of,off,high,
en:durum-whole-wheat-flour,Q27862521,kind_of,off,high,
Q10757547,pickle,in_category,wikidata,high,
Q131360692,Q157484,kind_of,wikidata,high,
Q3395986,Q16587531,kind_of,wikidata,high,
en:eating-orange,Q13191,kind_of,off,high,
en:eau-de-vie,alcohol,in_category,off,high,
en:edible-coating-originating-from-bovine-collagen,Q192628,kind_of,off,high,
Q107351134,seafood,in_category,wikidata,high,
Q5338003,vegetable,in_category,wikidata,high,
Q796185,seafood,in_category,wikidata,high,
en:edible-podded-pea,Q29472543,kind_of,off,high,
Q5347044,fish,in_category,wikidata,high,
Q110611231,Q157484,kind_of,wikidata,high,
Q10480192,Q36465,kind_of,wikidata,high,
Q107246483,Q275068,kind_of,wikidata,high,
en:egg-derivatives,egg,kind_of,off,high,
Q53619707,pasta,in_category,off,high,
en:egg-protein,Q796758,kind_of,off,high,
en:egg-yolk-powder,Q181409,kind_of,off,high,
Q123143631,sauce,in_category,wikidata,high,
Q12533094,vegetable,in_category,wikidata,high,
en:eggs-from-switzerland,egg,kind_of,off,high,
en:eggs-from-caged-hens,Q15260613,kind_of,off,high,
Q141142864,meat,in_category,wikidata,high,
Q58834052,fruit,in_category,wikidata,high,
Q55815144,seed-oil,in_category,wikidata,high,
Q111096445,Q16128920,kind_of,off,picked,
en:elderberry-juice,fruit-juice,in_category,off,high,
Q139710508,syrup,in_category,wikidata,high,
Q3496824,syrup,in_category,wikidata,high,
Q17444380,meat,in_category,wikidata,high,
Q125694899,Q93189,kind_of,wikidata,picked,
Q102317367,meat,in_category,wikidata,high,
Q83134582,leaf-vegetable,in_category,wikidata,high,
Q11261129,fish,in_category,wikidata,high,
Q5379517,Q36465,kind_of,wikidata,high,
en:enriched-semolina,Q381350,kind_of,off,high,
Q98815027,spice,in_category,wikidata,high,
Q6099,meat,in_category,wikidata,high,
Q2452555,sauce,in_category,wikidata,high,
Q170885,vegetable-oil,in_category,wikidata,picked,
fr:estomac-et-pied-de-bovin,Q192628,kind_of,off,high,
Q4205889,vegetable-oil,in_category,wikidata,high,
Q511687,essential-oil,in_category,wikidata,high,
Q123028095,Q11254,kind_of,wikidata,picked,
Q11569315,Q93189,kind_of,wikidata,high,
en:extra-mature-cheddar,Q217525,kind_of,off,high,
Q138710721,cheese,in_category,wikidata,high,
en:extra-fine-green-beans,Q2987371,kind_of,off,high,
en:extract-of-corn-malt,Q152024,kind_of,off,high,
fr:extrait-de-celeri,Q23012379,kind_of,off,high,
fr:extrait-de-legumes,vegetable,in_category,off,high,
fr:extrait-de-poisson,fish,in_category,off,high,
fr:extrait-de-poulet,Q864693,kind_of,off,high,
fr:extraits-naturels-et-aromates,herb,in_category,off,high,
en:extruded-rice,Q5090,kind_of,off,high,
Q131361064,Q157484,kind_of,wikidata,high,
en:fairy-ring-mushroom,mushroom,in_category,off,high,
Q11921580,Q1621080,kind_of,wikidata,high,
Q3505415,Q1436715,kind_of,wikidata,high,
bg:био-пшенично-брашно,Q2249305,kind_of,off,high,
fr:farine-complete-de-ble-amidonnier,Q27862521,kind_of,off,high,
Q3066926,Q36465,kind_of,wikidata,high,
fr:farine-de-ble-complete-type-110,Q2249305,kind_of,off,high,
bg:пшенично-брашно-тип-800,Q2249305,kind_of,off,high,
fr:farine-de-froment-t65,Q2249305,kind_of,off,high,
fr:farine-de-germes-de-ble-stabilise,Q2249305,kind_of,off,high,
fr:farine-de-gonflement-de-ble,Q2249305,kind_of,off,high,
Q57306876,Q36465,kind_of,wikidata,high,
fr:farine-mi-blanche,Q2249305,kind_of,off,high,
Q119820702,Q36465,kind_of,wikidata,high,
Q5435749,cheese,in_category,wikidata,high,
Q3088318,cheese,in_category,wikidata,high,
Q1133342,Q15645384,kind_of,off,high,
Q18424642,bean,in_category,wikidata,high,
Q138710722,cheese,in_category,wikidata,high,
en:fat-free-sour-cream,Q840171,kind_of,off,high,
en:fat-reduced-cocoa,cocoa,in_category,off,high,
en:fat-reduced-cocoa-powder,Q1062396,kind_of,off,high,
Q110611099,meat,in_category,wikidata,high,
Q107262066,meat,in_category,wikidata,high,
Q109037697,spice,in_category,wikidata,high,
Q5441190,cereal,in_category,wikidata,high,
Q131361149,Q157484,kind_of,wikidata,high,
en:feijoa,fruit,in_category,off,high,
fenugreek,spice,in_category,off,high,
en:fenugreek-seed,seed,in_category,off,high,
Q2901605,Q177378,kind_of,wikidata,high,
Q104902322,meat,in_category,wikidata,high,
Q15299026,Q8495,kind_of,wikidata,high,
Q3506176,dairy-product,in_category,wikidata,high,
en:fermented-rice,Q5090,kind_of,off,high,
Q141105597,condiment,in_category,wikidata,high,
en:fermented-sugar,sugar,kind_of,off,high,
Q3546960,leaf-vegetable,in_category,off,picked,
en:field-mushroom,mushroom,in_category,off,high,
Q107261749,Q157484,kind_of,wikidata,high,
Q2746643,fruit,in_category,wikidata,high,
Q107246603,Q275068,kind_of,wikidata,high,
Q65545224,fruit-jam,in_category,wikidata,high,
fr:filet-et-pointe-de-porc,Q191768,kind_of,off,high,
Q585107,Q192628,kind_of,wikidata,high,
Q67207184,Q6418247,kind_of,wikidata,picked,
Q67776975,Q2296872,kind_of,wikidata,high,
Q289005,Q6418247,kind_of,wikidata,high,
Q14732227,dairy,in_category,off,high,
en:filtered-water,water,kind_of,off,high,
Q3072333,Q192628,kind_of,wikidata,high,
Q1283300,Q1062396,kind_of,wikidata,high,
en:finegrained-salt,salt,kind_of,off,high,
en:finely-ground-durum-wheat,Q102330562,kind_of,off,high,
Q779589,Q36465,kind_of,wikidata,high,
Q137220443,citrus-fruit,in_category,wikidata,high,
en:finger-millet,Q259438,kind_of,off,high,
Q1086894,cow-s-milk-cheese,in_category,wikidata,high,
en:firewood-leaf,leaf-vegetable,in_category,off,high,
Q135428348,molasses,in_category,wikidata,high,
Q600396,seafood,in_category,wikidata,high,
Q107246605,Q275068,kind_of,wikidata,high,
Q67859398,Q275068,kind_of,wikidata,high,
Q15944430,Q67731470,kind_of,wikidata,high,
Q107246607,Q157484,kind_of,wikidata,high,
Q110611228,Q157484,kind_of,wikidata,high,
en:fish-oil,oil,kind_of,off,high,
Q8563413,Q5726634,kind_of,wikidata,high,
Q110611227,Q275068,kind_of,wikidata,high,
Q39057393,chili-pepper,in_category,wikidata,high,
Q5454664,fish,in_category,wikidata,high,
en:fish-protein,fish,in_category,off,high,
Q110611122,Q275068,kind_of,wikidata,high,
Q110611135,Q995566,kind_of,wikidata,high,
Q107246608,Q275068,kind_of,wikidata,high,
Q68185972,spice-mix,in_category,wikidata,picked,
Q5457081,Q11254,kind_of,wikidata,picked,
Q13102587,Q191768,kind_of,wikidata,high,
en:flat-fish,fish,in_category,off,high,
en:flat-peach,Q13202263,kind_of,off,high,
Q68457511,fish,in_category,wikidata,high,
Q124757292,fish,in_category,wikidata,high,
Q5458204,syrup,in_category,wikidata,high,
en:flax-flour,Q36465,kind_of,off,high,
Q911332,seed,in_category,wikidata,high,
fr:flocons-de-pomme,Q89,kind_of,off,high,
en:florida-avocado,Q961769,kind_of,off,high,
Q4246303,en:white-fish,kind_of,off,high,
en:flour-blend,Q36465,kind_of,off,high,
Q11866240,Q16587531,kind_of,wikidata,high,
Q19602320,Q10987,kind_of,wikidata,high,
Q2992507,jam,in_category,wikidata,high,
Q60792639,essential-oil,in_category,wikidata,picked,
Q113374299,syrup,in_category,wikidata,high,
Q113756585,Q10988133,kind_of,wikidata,high,
Q10497217,Q131419,kind_of,wikidata,high,
Q67861753,Q17315191,kind_of,wikidata,high,
Q837341,Q13400960,kind_of,wikidata,high,
Q107307337,Q995566,kind_of,wikidata,high,
Q19602338,Q10987,kind_of,wikidata,high,
en:forest-mushroom,mushroom,in_category,off,high,
Q4801204,cheese,in_category,wikidata,high,
fr:fromage-de-chevre-au-lait-pasteurise,goat-cheese,in_category,off,high,
fr:fromage-de-chevre-frais,goat-cheese,in_category,off,high,
fr:fromages-rapees-seches,cheese,in_category,off,high,
fr:pommes-de-terre-prefrites,Q16587531,kind_of,off,high,
en:fortified-wheat-flour,Q2249305,kind_of,off,high,
Q722338,wine,in_category,wikidata,high,
Q1327377,Q41354,kind_of,wikidata,high,
Q1245530,Q2223649,kind_of,wikidata,high,
Q1245441,Q3088318,kind_of,wikidata,picked,
en:fractionated-palm-oil,Q231458,kind_of,off,high,
Q136746943,Q14458220,kind_of,wikidata,high,
Q3142840,essential-oil,in_category,wikidata,high,
en:free-range-chicken,Q864693,kind_of,off,high,
en:free-range-chicken-eggs,Q15260613,kind_of,off,high,
en:free-range-egg-white,Q796758,kind_of,off,high,
en:free-range-egg-yolk,Q181409,kind_of,off,high,
Q2920887,Q93189,kind_of,wikidata,picked,
en:freekeh,Q102330562,kind_of,off,high,
Q3531223,Q3088318,kind_of,wikidata,picked,
Q115619212,fruit,in_category,wikidata,high,
Q115618818,meat,in_category,wikidata,high,
Q115618827,seafood,in_category,wikidata,high,
en:fresh-butter,Q34172,kind_of,off,high,
Q3323634,cheese,in_category,wikidata,high,
en:fresh-egg,egg,kind_of,off,high,
Q11674224,fish,in_category,wikidata,high,
Q130752177,fruit,in_category,wikidata,high,
Q98915158,meat,in_category,wikidata,high,
en:fresh-onions,Q3406628,kind_of,off,high,
en:fresh-pasta,pasta,in_category,off,high,
en:fresh-tomatoes,Q20638126,kind_of,off,high,
Q130752217,vegetable,in_category,wikidata,high,
en:fresh-vegetables,vegetable,in_category,off,high,
en:freshwater-fish,fish,in_category,off,high,
Q4017701,Q13042834,kind_of,wikidata,high,
Q3087635,cheese,in_category,wikidata,high,
Q5503628,fruit,in_category,wikidata,high,
Q100323254,Q177378,kind_of,wikidata,high,
Q16861000,chili-pepper,in_category,off,picked,
Q1464898,Q13400960,kind_of,wikidata,picked,
Q661844,sauce,in_category,wikidata,high,
Q1258910,meat,in_category,wikidata,high,
Q15080546,Q2223649,kind_of,wikidata,high,
Q3088354,cheese,in_category,wikidata,high,
Q3088311,Q19359994,kind_of,wikidata,high,
Q14258350,fresh-cheese,in_category,wikidata,picked,
Q5853909,Q219059,kind_of,wikidata,high,
Q98915163,meat,in_category,wikidata,high,
Q418945,sweetener,in_category,off,high,
fr:fructose-de-ble,Q15645384,kind_of,off,high,
en:fructose-free-glucose-syrup,glucose-syrup,in_category,off,high,
en:fruit-and-vegetable-concentrate,fruit,in_category,off,high,
Q931367,fruit-preserves,in_category,wikidata,high,
en:fruit-concentrate,fruit,in_category,off,high,
Q1799855,fruit-preserves,in_category,wikidata,high,
Q132129088,fruit,in_category,wikidata,high,
Q89999446,jam,in_category,wikidata,high,
Q20932605,juice,in_category,wikidata,picked,
Q24882954,condiment,in_category,wikidata,picked,
Q3006821,Q234901,kind_of,wikidata,high,
Q145150,fruit,in_category,wikidata,high,
en:fruit-puree,Q636056,kind_of,off,high,
Q115618760,sauce,in_category,wikidata,high,
Q5506416,syrup,in_category,wikidata,high,
Q1470762,vegetable,in_category,wikidata,high,
Q18201657,fruit-juice,in_category,wikidata,high,
Q42366307,Q13317,kind_of,wikidata,high,
Q119361146,Q234901,kind_of,wikidata,high,
Q16981502,sauce,in_category,wikidata,high,
Q10286139,Q36465,kind_of,wikidata,high,
Q134385,fish,in_category,wikidata,high,
en:fuki,vegetable,in_category,off,high,
en:full-fat-acorn-flour,Q36465,kind_of,off,high,
en:full-fat-soft-cheese,soft-cheese,in_category,off,high,
en:fully-hydrogenated-sunflower-oil,Q94787,kind_of,off,high,
fr:fumet-de-poisson,Q275068,kind_of,off,high,
Q11456979,Q29526,kind_of,wikidata,high,
Q83669091,Q5881191,kind_of,wikidata,high,
en:gai-lan,Q14328596,kind_of,off,high,
Q135687534,Q15645384,kind_of,wikidata,high,
Q110611226,Q275068,kind_of,wikidata,high,
Q110611225,Q6418247,kind_of,wikidata,high,
Q19862498,meat,in_category,wikidata,high,
Q1292506,Q5309466,kind_of,wikidata,high,
Q1242466,chocolate,in_category,wikidata,high,
Q21547065,fish,in_category,wikidata,high,
Q124789529,fish,in_category,wikidata,high,
Q5522366,seed-oil,in_category,wikidata,high,
en:garden-orache,leaf-vegetable,in_category,off,high,
Q5522419,Q20638126,kind_of,wikidata,high,
en:garfish,en:oily-fish,kind_of,off,high,
Q1494260,cereal,in_category,off,high,
en:garland-chrysanthemum,leaf-vegetable,in_category,off,high,
Q2771241,chutney,in_category,wikidata,high,
en:garlic-extract,Q21546392,kind_of,off,high,
Q72480094,Q21546392,kind_of,off,high,
en:garlic-paste,Q21546392,kind_of,off,high,
en:garlic-puree,Q21546392,kind_of,off,high,
Q1935156,mixed-spices,in_category,off,high,
Q4514907,sauce,in_category,wikidata,high,
Q48768465,Q131419,kind_of,wikidata,high,
en:garlic-vinegar,Q41354,kind_of,off,picked,
fr:garniture-de-celeri,Q23012379,kind_of,off,high,
Q950470,fish-sauce,in_category,wikidata,high,
Q3099408,fruit,in_category,wikidata,high,
Q2293535,Q2223649,kind_of,wikidata,high,
fr:ble-dur-concasse,Q102330562,kind_of,off,high,
Q7229221,vegetable,in_category,wikidata,high,
Q3395980,Q16587531,kind_of,wikidata,high,
Q5532939,Q15645384,kind_of,wikidata,high,
en:genoese-basil,Q65522654,kind_of,off,high,
Q72480169,essential-oil,in_category,wikidata,high,
Q10289216,cheese,in_category,wikidata,high,
en:germinated-rice,Q5090,kind_of,off,high,
fr:jaune-d-oeuf-sale,Q181409,kind_of,off,high,
Q12229493,fruit,in_category,wikidata,high,
Q913986,Q157484,kind_of,wikidata,high,
Q1668708,spice-mix,in_category,wikidata,high,
Q107307338,Q275068,kind_of,wikidata,high,
Q24236084,Q5726634,kind_of,wikidata,high,
en:ginkgo-nuts,tree-nut,in_category,off,high,
Q11498791,Q177378,kind_of,wikidata,high,
Q477734,Q157484,kind_of,wikidata,high,
Q131361201,Q157484,kind_of,wikidata,high,
en:glass-noodle,noodle,in_category,off,high,
Q23041430,vegetable,in_category,wikidata,high,
fr:glucose-de-ble,Q15645384,kind_of,off,high,
Q14770547,syrup,in_category,wikidata,high,
Q139940981,syrup,in_category,wikidata,high,
Q57306081,Q36465,kind_of,wikidata,high,
Q115443,Q5090,kind_of,wikidata,high,
en:goat-butter,Q34172,kind_of,off,high,
Q198815,dairy-product,in_category,wikidata,picked,
Q29051621,Q1418287,kind_of,wikidata,high,
Q68355161,Q449506,kind_of,wikidata,picked,
Q449506,meat,in_category,wikidata,high,
Q1418287,Q8495,kind_of,wikidata,high,
Q36175261,Q1418287,kind_of,wikidata,picked,
Q107246620,Q157484,kind_of,wikidata,high,
Q107246621,Q157484,kind_of,wikidata,high,
Q117038355,goat-cheese,in_category,wikidata,high,
Q699637,condiment,in_category,wikidata,picked,
Q11267199,Q177378,kind_of,wikidata,high,
Q2617260,Q16128920,kind_of,off,picked,
Q108028291,Q13194,kind_of,wikidata,high,
Q104706989,Q13186,kind_of,wikidata,high,
Q19883728,Q13186,kind_of,wikidata,high,
Q685077,condiment,in_category,wikidata,picked,
Q11296160,syrup,in_category,wikidata,high,
Q122723474,Q18087876,kind_of,wikidata,high,
Q68187288,Q18087876,kind_of,wikidata,high,
Q107307339,Q275068,kind_of,wikidata,high,
Q110611223,Q93189,kind_of,wikidata,picked,
Q12572739,Q1470283,kind_of,wikidata,high,
Q12572741,Q18087876,kind_of,wikidata,high,
Q107246625,Q157484,kind_of,wikidata,high,
Q107307342,Q275068,kind_of,wikidata,high,
Q17638951,Q16128920,kind_of,off,picked,
Q103996504,berry-juice,in_category,wikidata,picked,
Q5339237,vegetable,in_category,wikidata,picked,
Q97184406,Q5090,kind_of,wikidata,high,
Q2995529,seed,in_category,wikidata,high,
en:grain-vinegar,Q41354,kind_of,off,high,
fr:graines-grillees,seed,in_category,off,high,
Q3113314,bean,in_category,wikidata,high,
Q84574093,spice,in_category,wikidata,picked,
Q67892183,mustard,in_category,wikidata,high,
de:karottengranulat,Q81,kind_of,off,high,
Q10978,Q16128920,kind_of,off,high,
Q110611130,Q275068,kind_of,wikidata,high,
Q90000772,fruit-jam,in_category,wikidata,high,
Q1209756,Q10978,kind_of,off,high,
en:grape-juice-from-concentrate,Q1209756,kind_of,off,high,
en:grape-leaf,leaf-vegetable,in_category,off,high,
Q4820063,leaf-vegetable,in_category,wikidata,high,
Q110611222,sauce,in_category,wikidata,high,
Q4013015,Q10978,kind_of,off,high,
Q5597009,Q20638126,kind_of,wikidata,high,
Q21552830,citrus-fruit,in_category,wikidata,picked,
Q1138468,Q21552830,kind_of,off,high,
en:grapefruit-pulp,Q21552830,kind_of,off,high,
en:grapefruit-syrup,syrup,in_category,off,high,
en:grapes-of-other-varieties,Q10978,kind_of,off,high,
fr:gras-et-couenne-de-porc,Q191768,kind_of,off,high,
en:grass-pea,Q29472543,kind_of,off,high,
en:grass-fed-beef,Q192628,kind_of,off,high,
Q67445556,chocolate,in_category,wikidata,high,
Q11117594,Q234901,kind_of,wikidata,picked,
Q67864248,Q2796766,kind_of,wikidata,high,
Q945934,sauce,in_category,wikidata,high,
Q124761194,Q7360490,kind_of,off,high,
en:greater-argentine,fish,in_category,off,high,
en:green-apple,Q89,kind_of,off,high,
Q35075688,vegetable,in_category,wikidata,high,
en:green-banana-flour,Q503,kind_of,off,high,
Q123576144,Q2987371,kind_of,wikidata,high,
Q138705379,Q3342808,kind_of,wikidata,high,
Q128470835,Q10978,kind_of,wikidata,high,
Q133781336,Q13194,kind_of,wikidata,high,
Q19891623,chutney,in_category,wikidata,high,
Q26879770,Q1621080,kind_of,wikidata,high,
en:green-peas,Q29472543,kind_of,off,high,
Q699382,sauce,in_category,wikidata,high,
Q484083,tea,in_category,wikidata,high,
en:green-tea-aroma-oil,green-tea,in_category,off,high,
en:green-tea-extract,green-tea,in_category,off,high,
en:green-tea-from-china,green-tea,in_category,off,high,
en:green-tea-leaf,green-tea,in_category,off,high,
en:green-tomato,Q20638126,kind_of,off,high,
Q3116402,Q14328596,kind_of,off,high,
Q429383,condiment,in_category,wikidata,high,
Q1136498,syrup,in_category,wikidata,high,
en:grey-pea,Q29472543,kind_of,off,high,
en:grey-sea-salt,Q282694,kind_of,off,high,
Q98163379,meat,in_category,wikidata,high,
en:grilled-tomato,Q20638126,kind_of,off,high,
Q10508802,spice-mix,in_category,wikidata,high,
Q362409,cereal,in_category,wikidata,high,
Q1436715,Q2995529,kind_of,wikidata,high,
en:ground-almonds,Q184357,kind_of,off,high,
Q137255351,spice,in_category,wikidata,high,
Q1721046,Q8486,kind_of,off,high,
Q68189480,Q578307,kind_of,wikidata,high,
Q104413768,meat,in_category,wikidata,high,
en:grouper,fish,in_category,off,high,
Q1432348,spice-mix,in_category,wikidata,high,
Q10509617,cheese,in_category,wikidata,high,
fr:jus-de-legumes-concentres,vegetable,in_category,off,high,
Q28790536,fruit,in_category,wikidata,high,
Q138542175,syrup,in_category,wikidata,high,
Q3181909,fruit,in_category,wikidata,high,
Q97367522,Q18087876,kind_of,wikidata,high,
Q125694923,Q93189,kind_of,wikidata,picked,
Q119479162,Q93189,kind_of,wikidata,picked,
Q1079875,green-tea,in_category,wikidata,high,
fr:riz-long-parfume,Q67594028,kind_of,off,high,
Q202406,fish,in_category,wikidata,high,
Q68440694,seafood,in_category,wikidata,picked,
Q68440787,Q67731470,kind_of,wikidata,high,
Q124757455,fish,in_category,wikidata,high,
Q1450611,pickle,in_category,wikidata,high,
Q3085085,Q10286140,kind_of,wikidata,high,
Q549793,goat-cheese,in_category,wikidata,picked,
Q170486,Q191768,kind_of,off,picked,
Q153976,Q191768,kind_of,wikidata,high,
Q5643903,Q3406628,kind_of,wikidata,high,
Q680135,Q192628,kind_of,wikidata,high,
Q11406984,Q177378,kind_of,wikidata,high,
Q113756309,cheese,in_category,wikidata,high,
en:hard-red-spring-wheat,Q15645384,kind_of,off,high,
en:hard-red-winter-wheat,Q15645384,kind_of,off,high,
Q82509,sauce,in_category,wikidata,high,
en:hard-white-wheat,Q15645384,kind_of,off,high,
Q103780435,Q13194,kind_of,wikidata,high,
Q55557452,Q19862498,kind_of,wikidata,high,
fr:haricots-verts-coupes,Q2987371,kind_of,off,high,
Q124068108,Q36465,kind_of,wikidata,high,
Q83129339,Q10286140,kind_of,wikidata,high,
en:harissa-mayonnaise,mayonnaise,in_category,off,high,
en:hass-avocado,Q961769,kind_of,off,high,
Q139382306,citrus-fruit,in_category,wikidata,picked,
Q1740026,Q6418247,kind_of,wikidata,high,
Q67777561,Q2296872,kind_of,wikidata,high,
Q68186345,Q19862498,kind_of,wikidata,high,
Q536829,spice-mix,in_category,wikidata,high,
Q109237299,Q8495,kind_of,wikidata,high,
Q2023077,sauce,in_category,wikidata,high,
Q67771283,Q578307,kind_of,wikidata,high,
en:hazelnut-kernel,Q578307,kind_of,off,high,
Q47472113,plant-milk,in_category,wikidata,high,
Q1112606,vegetable-oil,in_category,off,picked,
en:hazelnut-paste,Q578307,kind_of,off,high,
Q55758405,Q578307,kind_of,wikidata,high,
Q104738415,nut,in_category,wikidata,high,
Q25616630,Q36465,kind_of,wikidata,high,
Q1409015,Q157484,kind_of,wikidata,high,
Q743144,en:shoot-vegetable,kind_of,off,high,
Q87591015,Q13228,kind_of,wikidata,high,
Q5414737,cheese,in_category,wikidata,high,
fr:pulpe-de-fruits,fruit,in_category,off,high,
fi:kokolihavalmiste,meat,in_category,off,high,
Q115919940,cheese,in_category,wikidata,high,
en:herb-extract,herb,in_category,off,high,
Q110611220,juice,in_category,wikidata,high,
Q2597006,Q41354,kind_of,wikidata,high,
Q67773978,sauce,in_category,wikidata,high,
en:herbal-pepper,mixed-spices,in_category,off,high,
Q67992639,Q11254,kind_of,wikidata,high,
en:herbal-tea,herb,in_category,off,high,
Q115619194,spice,in_category,off,picked,
Q101812515,Q2995529,kind_of,wikidata,high,
Q3127419,en:oily-fish,kind_of,off,high,
en:hickorynut,nut,in_category,off,high,
Q139940958,syrup,in_category,wikidata,high,
en:high-oleic-sunflower,Q94787,kind_of,off,high,
en:high-oleic-sunflower-oil,Q94787,kind_of,off,high,
Q138710728,cheese,in_category,wikidata,high,
Q103813303,fruit,in_category,wikidata,high,
Q4346753,Q177378,kind_of,wikidata,high,
Q5650138,Q157484,kind_of,wikidata,high,
Q404114,sauce,in_category,wikidata,high,
Q58259,sauce,in_category,wikidata,high,
Q139586170,juice,in_category,wikidata,high,
Q115619182,fruit,in_category,wikidata,high,
Q100737846,condiment,in_category,wikidata,high,
en:honey-from-france,Q10987,kind_of,off,high,
en:honey-from-new-zealand,Q10987,kind_of,off,high,
en:honey-from-spain,Q10987,kind_of,off,high,
en:honey-from-the-gatinais,en:honey-from-france,kind_of,off,high,
Q5893671,sauce,in_category,wikidata,high,
en:honey-mushroom,mushroom,in_category,off,high,
Q110611096,Q275068,kind_of,wikidata,high,
Q47801,Q5881191,kind_of,wikidata,high,
Q127513241,Q10987,kind_of,wikidata,high,
en:honjozo,soy-sauce,in_category,off,high,
Q2481743,chocolate,in_category,wikidata,high,
Q2889371,plant-milk,in_category,wikidata,high,
en:horned-melon,fruit,in_category,off,high,
Q1124327,meat,in_category,off,high,
en:horseradish-oil,vegetable-oil,in_category,off,high,
Q68435417,Q5726634,kind_of,wikidata,high,
Q2964630,root-vegetable,in_category,wikidata,picked,
Q57537492,condiment,in_category,wikidata,picked,
hot-dog,Q131419,kind_of,prose,authored,
Q69526099,mustard,in_category,wikidata,high,
en:hot-paprika,Q3127593,kind_of,off,high,
Q2689896,Q16128920,kind_of,wikidata,high,
fr:huile-d-olive-chemlali-extra-vierge,Q14789810,kind_of,off,high,
fr:huile-d-olive-de-categorie-superieure,Q93165,kind_of,off,high,
fr:huile-de-tournesol-oleique-desodorisee,Q94787,kind_of,off,high,
fr:huile-de-tournesol-vierge,Q94787,kind_of,off,high,
fr:huile-essentielle-de-poivre,essential-oil,in_category,off,high,
fr:huile-vegetale-raffinee,vegetable-oil,in_category,off,high,
fr:huiles-vegetales-de-tournesol-et-de-colza,Q94787,kind_of,off,high,
Q241987,Q636056,kind_of,wikidata,high,
en:hungarian-peppers,chili-pepper,in_category,off,high,
Q110611219,Q275068,kind_of,wikidata,high,
en:hydrogenated-oil,oil,kind_of,off,high,
en:hydrogenated-palm-oil,Q231458,kind_of,off,high,
Q104641151,vegetable-oil,in_category,wikidata,high,
en:hydrolysed-cereal,cereal,in_category,off,high,
Q56277667,spice-mix,in_category,wikidata,high,
Q113107649,dairy-product,in_category,wikidata,high,
Q115618416,syrup,in_category,wikidata,high,
Q29437,Q5726634,kind_of,wikidata,high,
Q11259115,Q796185,kind_of,wikidata,high,
Q11259182,Q796185,kind_of,wikidata,high,
Q5994400,meat,in_category,wikidata,high,
en:immature-cowpeas,Q145909,kind_of,off,high,
en:immature-winged-bean-seed,Q145909,kind_of,off,high,
en:inactive-sourdough-starter,Q904889,kind_of,off,high,
en:indian-squid,Q550774,kind_of,off,high,
Q3088323,cheese,in_category,wikidata,high,
Q1814047,Q16587531,kind_of,wikidata,high,
Q30312832,fruit,in_category,wikidata,high,
Q887236,vegetable,in_category,wikidata,high,
Q67870962,Q864693,kind_of,wikidata,picked,
Q106178656,sauce,in_category,wikidata,high,
Q139934067,condiment,in_category,wikidata,high,
Q49126655,sweetener,in_category,wikidata,high,
Q111846691,Q1192868,kind_of,wikidata,high,
Q122974529,Q13042834,kind_of,wikidata,high,
en:invert-cane-sugar,Q18012503,kind_of,off,high,
Q124953110,syrup,in_category,wikidata,high,
Q110127742,meat,in_category,wikidata,high,
Q902318,Q11254,kind_of,wikidata,picked,
en:iodised-sea-salt,Q282694,kind_of,off,high,
en:irish-butter-mildly-acidified,Q34172,kind_of,off,high,
Q107246632,Q275068,kind_of,wikidata,high,
Q107262037,Q275068,kind_of,wikidata,high,
Q107307345,Q275068,kind_of,wikidata,high,
en:italian-pepper,Q1548030,kind_of,off,high,
Q16136843,Q844144,kind_of,wikidata,high,
Q5794326,Q5726634,kind_of,wikidata,high,
Q1148077,Q18012503,kind_of,off,high,
Q11716143,Q643419,kind_of,wikidata,high,
Q55614842,spice,in_category,wikidata,picked,
Q42935277,Q5309466,kind_of,wikidata,high,
Q24929136,Q170486,kind_of,wikidata,high,
fr:jambon-de-dinde-cuit-standard-gout-fume,Q4200953,kind_of,off,high,
fr:jambon-de-porc-frais,Q170486,kind_of,off,high,
fr:jambon-de-porc-francais,Q170486,kind_of,off,high,
fr:jambon-de-porc-issu-d-animaux-nourris-sans-ogm,Q170486,kind_of,off,high,
Q3160847,Q170486,kind_of,wikidata,high,
Q3160848,Q5309466,kind_of,wikidata,high,
Q3296477,Q13317,kind_of,wikidata,high,
Q2165047,Q191768,kind_of,off,picked,
Q5925980,Q170486,kind_of,wikidata,high,
Q1037878,pickle,in_category,wikidata,high,
Q1102633,essential-oil,in_category,wikidata,high,
fr:jaune-d-oeuf-de-poules-elevees-au-sol,Q181409,kind_of,off,high,
en:java-plum,fruit,in_category,off,high,
Q20579575,fruit-preserves,in_category,wikidata,high,
Q1072897,Q1753272,kind_of,wikidata,high,
Q10306947,spice,in_category,wikidata,high,
Q897783,seed-oil,in_category,wikidata,high,
Q836773,Q191768,kind_of,wikidata,high,
Q816663,Q5090,kind_of,wikidata,high,
Q610794,condiment,in_category,wikidata,picked,
Q4853434,Q11254,kind_of,wikidata,high,
en:jujube,fruit,in_category,off,high,
Q110611282,juice,in_category,wikidata,high,
Q107246633,Q275068,kind_of,wikidata,high,
Q107246634,juice,in_category,wikidata,high,
Q56351030,meat,in_category,wikidata,high,
fr:jus-concentre-de-celeri-et-de-carotte,Q23012379,kind_of,off,high,
fr:jus-d-orange-et-autres-agrumes-a-base-de-concentres,Q219059,kind_of,off,high,
fr:jus-de-clementine,fruit-juice,in_category,off,high,
cs:šťáva-z-klikvy-velkoplodé-z-koncentrátu,fruit-juice,in_category,off,high,
fr:jus-de-cuisson-de-viande-de-boeuf,Q192628,kind_of,off,high,
fr:jus-de-moules,Q13042834,kind_of,off,high,
fr:jus-de-mure-a-base-de-jus-concentre,juice,in_category,off,high,
fr:jus-de-poisson,fish,in_category,off,high,
fr:jus-et-puree-de-pomme,Q618355,kind_of,off,high,
Q12893157,vegetable,in_category,wikidata,high,
Q17375921,fruit,in_category,wikidata,high,
Q11359063,Q1269205,kind_of,wikidata,high,
Q7724204,cheese,in_category,wikidata,high,
Q137505841,citrus-fruit,in_category,off,picked,
Q1572414,Q11254,kind_of,wikidata,high,
Q107548429,Q957434,kind_of,wikidata,high,
Q134213,Q36465,kind_of,wikidata,high,
fi:kanakokolihatuote,Q864693,kind_of,off,high,
Q1795395,Q19862498,kind_of,wikidata,high,
Q98703696,cooking-oil,in_category,wikidata,picked,
fr:amandes-caramelisees,Q184357,kind_of,off,high,
Q11264310,Q177378,kind_of,wikidata,high,
Q3193141,spice-mix,in_category,wikidata,high,
Q7220270,cheese,in_category,wikidata,high,
Q12028879,spice,in_category,wikidata,high,
Q491361,Q10426,kind_of,wikidata,high,
Q6375127,sauce,in_category,wikidata,high,
Q2342219,Q11106,kind_of,wikidata,high,
Q478654,dairy-product,in_category,wikidata,high,
Q1737615,cheese,in_category,wikidata,high,
Q25383823,sauce,in_category,wikidata,high,
Q107016646,sauce,in_category,wikidata,high,
Q2354397,soy-sauce,in_category,wikidata,high,
Q185749,dairy-product,in_category,wikidata,picked,
Q29586540,Q840171,kind_of,wikidata,high,
Q6395121,cheese,in_category,wikidata,high,
Q178143,tomato-sauce,in_category,wikidata,picked,
Q19727704,seafood,in_category,wikidata,high,
Q135650619,Q34172,kind_of,wikidata,high,
Q9017517,cheese,in_category,wikidata,high,
Q86728728,Q41354,kind_of,wikidata,high,
Q3940165,Q157484,kind_of,wikidata,high,
Q829720,Q131419,kind_of,wikidata,high,
en:kikurage-mushroom,mushroom,in_category,off,high,
Q16648412,sauce,in_category,wikidata,high,
Q1463001,Q36465,kind_of,wikidata,high,
Q106969864,sauce,in_category,wikidata,high,
en:kirsch,alcohol,in_category,off,high,
Q13194,fruit,in_category,wikidata,high,
Q10498626,Q2051651,kind_of,wikidata,high,
Q1722086,Q957434,kind_of,wikidata,high,
en:kodo-millet,Q259438,kind_of,off,high,
Q2633697,Q34172,kind_of,wikidata,high,
Q2178888,Q13228,kind_of,wikidata,high,
Q752388,meat,in_category,wikidata,high,
Q11872145,dairy-product,in_category,wikidata,high,
Q64428082,Q36465,kind_of,wikidata,high,
Q912522,nut,in_category,wikidata,high,
en:konjac-flour,Q36465,kind_of,off,high,
fr:infusion-de-the-noir-concentree,black-tea,in_category,off,high,
Q2784026,Q191768,kind_of,wikidata,high,
Q1073862,Q36465,kind_of,wikidata,high,
Q61081,dairy-product,in_category,wikidata,high,
Q104005627,juice,in_category,off,high,
Q11621966,Q5090,kind_of,wikidata,high,
Q6446355,syrup,in_category,wikidata,high,
Q1113301,dairy-product,in_category,wikidata,picked,
Q6448406,meat,in_category,wikidata,high,
Q65238489,cheese,in_category,wikidata,high,
Q11303499,spice,in_category,wikidata,high,
en:lactose,dairy,in_category,off,high,
en:lactose-free-cream,Q13228,kind_of,off,high,
en:lactose-free-quark,Q259642,kind_of,off,high,
Q681326,cow-s-milk-cheese,in_category,wikidata,high,
fr:lait-de-montagne,Q8495,kind_of,off,high,
Q110611218,Q6418247,kind_of,wikidata,high,
Q110611217,Q275068,kind_of,wikidata,high,
en:lamb-cutlet,Q643419,kind_of,off,high,
Q110611215,Q1470283,kind_of,wikidata,high,
en:lamb-shoulders,Q643419,kind_of,off,high,
Q16947964,Q157484,kind_of,wikidata,high,
Q124757471,fish,in_category,wikidata,high,
Q107246640,Q275068,kind_of,wikidata,high,
en:land-cress,leaf-vegetable,in_category,off,high,
lap-cheong,Q131419,kind_of,prose,authored,
en:lard-and-vegetable-oil-shortening,vegetable-oil,in_category,off,high,
Q694642,Q191768,kind_of,off,picked,
en:large-eggs,egg,kind_of,off,high,
Q12967012,condiment,in_category,wikidata,picked,
Q16984252,Q503,kind_of,wikidata,high,
Q4251973,essential-oil,in_category,wikidata,high,
Q43683476,Q10987,kind_of,wikidata,high,
Q900534,essential-oil,in_category,wikidata,high,
Q68002367,leaf-vegetable,in_category,wikidata,high,
Q60793528,vegetable-oil,in_category,wikidata,high,
Q20134,vegetable,in_category,wikidata,high,
en:leafy-tips-cowpeas,leaf-vegetable,in_category,off,high,
Q107262071,meat,in_category,wikidata,high,
en:lean-pork,Q191768,kind_of,off,high,
Q16654630,dairy-product,in_category,wikidata,high,
Q139411662,vegetable-juice,in_category,wikidata,high,
Q110611098,Q643419,kind_of,wikidata,high,
Q10317099,Q8495,kind_of,wikidata,high,
en:lemon-balm,herb,in_category,off,high,
Q139386882,juice,in_category,wikidata,high,
en:lemon-cells,Q1093742,kind_of,off,high,
Q4257941,essential-oil,in_category,wikidata,picked,
Q43670051,fruit-jam,in_category,wikidata,high,
en:lemon-leaf,spice,in_category,off,high,
en:lemon-oil,Q1093742,kind_of,off,high,
Q110611205,Q275068,kind_of,wikidata,high,
Q206491,mixed-spices,in_category,off,picked,
Q206496,spice,in_category,wikidata,high,
en:lemon-pulp,Q1093742,kind_of,off,high,
en:lemon-puree,Q1093742,kind_of,off,picked,
Q134734609,Q89,kind_of,wikidata,high,
Q63346734,essential-oil,in_category,wikidata,high,
Q60841039,lentil,in_category,wikidata,high,
Q112681147,plant-milk,in_category,wikidata,high,
de:gelbe-linsen,lentils,in_category,off,high,
fr:lentilles-rehydratees,lentils,in_category,off,high,
fr:lentillons,lentils,in_category,off,high,
Q56598220,Q13228,kind_of,wikidata,high,
Q1723359,Q157484,kind_of,wikidata,high,
en:lime-leaf,spice,in_category,off,high,
en:lime-oil,essential-oil,in_category,off,high,
Q68001662,syrup,in_category,wikidata,high,
Q1331042,citrus-fruit,in_category,wikidata,high,
en:limoncello,liqueur,in_category,off,high,
Q136746951,Q1093742,kind_of,wikidata,high,
Q136746961,Q1093742,kind_of,wikidata,high,
Q42332446,syrup,in_category,wikidata,high,
Q106952818,Q10987,kind_of,off,high,
en:ling,en:saltwater-fish,kind_of,off,high,
Q68001076,seafood,in_category,wikidata,picked,
Q68001254,Q67731470,kind_of,wikidata,high,
en:lingcod,en:saltwater-fish,kind_of,off,high,
Q12339956,Q16128920,kind_of,off,picked,
Q1065990,fruit-jam,in_category,wikidata,picked,
Q10562698,berry-juice,in_category,wikidata,picked,
en:linoleic-sunflower-oil-less-than-60,Q94787,kind_of,off,high,
en:liqueur,alcohol,in_category,off,high,
en:liquid-egg-white,Q796758,kind_of,off,high,
en:liquid-egg-yolk,Q181409,kind_of,off,high,
en:liquid-honey,Q10987,kind_of,off,high,
en:liquid-sugar,sugar,kind_of,off,high,
en:liquid-whole-egg,Q115618816,kind_of,off,high,
Q66604108,vegetable,in_category,wikidata,high,
en:little-millet,Q259438,kind_of,off,high,
Q1144668,Q3774485,kind_of,wikidata,picked,
Q124654369,seafood,in_category,wikidata,picked,
Q1470283,Q157484,kind_of,wikidata,high,
Q107307347,Q275068,kind_of,wikidata,high,
Q103822076,meat,in_category,wikidata,high,
Q61864890,seafood,in_category,wikidata,high,
Q104219801,meat,in_category,wikidata,high,
Q18658469,sauce,in_category,wikidata,high,
en:loganberry,Q16128920,kind_of,off,high,
Q1574029,meat,in_category,wikidata,high,
Q95733958,Q67594028,kind_of,wikidata,high,
en:long-grain-parboiled-rice,Q67594028,kind_of,off,picked,
en:long-pepper,pepper,kind_of,off,high,
Q67594028,Q5090,kind_of,wikidata,high,
Q16657776,fruit,in_category,wikidata,high,
longaniza,Q131419,kind_of,prose,authored,
en:lotus-root,root-vegetable,in_category,off,high,
Q7992569,seed,in_category,wikidata,high,
fr:loup,fish,in_category,off,high,
en:lovage,herb,in_category,off,high,
Q11381662,Q5090,kind_of,wikidata,high,
en:low-sodium-fluid-milk,Q8495,kind_of,off,high,
Q138710724,cheese,in_category,wikidata,high,
Q115435523,Q8495,kind_of,wikidata,high,
Q68004581,Q259642,kind_of,wikidata,high,
Q138710726,cheese,in_category,wikidata,high,
Q104818233,fruit,in_category,wikidata,high,
luganega,Q131419,kind_of,prose,authored,
Q1482449,vegetable-oil,in_category,wikidata,picked,
en:lumpfish-egg,egg,kind_of,off,high,
Q18088445,Q36465,kind_of,wikidata,high,
Q89999656,fruit-jam,in_category,wikidata,high,
fr:legume-deshydrate,vegetable,in_category,off,high,
fr:legumes-et-jus-de-cuisson-de-legumes,vegetable,in_category,off,high,
fr:legumes-verts,vegetable,in_category,off,high,
Q11027461,tree-nut,in_category,off,picked,
Q2264972,cooking-oil,in_category,wikidata,picked,
Q20019,pasta,in_category,off,high,
Q1882876,condiment,in_category,wikidata,picked,
Q1671107,Q10987,kind_of,wikidata,high,
madeira,fortified-wine,in_category,prose,authored,
Q5989305,Q157484,kind_of,wikidata,high,
Q14443,en:saltwater-fish,kind_of,off,high,
Q465554,spice,in_category,wikidata,high,
Q1987316,Q2249305,kind_of,wikidata,picked,
fr:maigre-de-tete-de-porc,Q191768,kind_of,off,high,
fr:maigre-et-gras-de-porc,Q191768,kind_of,off,high,
Q28711513,mayonnaise,in_category,wikidata,high,
en:maitake-mushroom,mushroom,in_category,off,high,
Q110184114,Q36465,kind_of,wikidata,high,
en:malaceous-fruit,fruit,in_category,off,high,
Q152024,cereal,in_category,off,high,
en:malt-syrup,syrup,in_category,off,high,
Q134933112,Q41354,kind_of,wikidata,high,
Q67204179,Q152024,kind_of,wikidata,high,
en:malted-rye-flakes,Q152024,kind_of,off,high,
en:malted-rye-flour,Q10658708,kind_of,off,picked,
en:malted-wheat-flour,Q2249305,kind_of,off,high,
en:malted-wholemeal-rye-flakes,Q152024,kind_of,off,high,
en:malted-wholemeal-rye-flour,Q152024,kind_of,off,high,
Q10576223,Q61665121,kind_of,wikidata,high,
en:mamey-sapote,fruit,in_category,off,high,
Q96728754,condiment,in_category,wikidata,picked,
en:mammy-apple,fruit,in_category,off,high,
fr:manchons-de-poulet,Q864693,kind_of,off,high,
Q190024,citrus-fruit,in_category,wikidata,picked,
Q16575356,Q184357,kind_of,wikidata,high,
Q169,Q844144,kind_of,wikidata,high,
Q68497532,Q13233,kind_of,wikidata,picked,
Q89999678,fruit-jam,in_category,wikidata,high,
Q15952031,Q169,kind_of,off,high,
Q1890232,Q169,kind_of,off,high,
en:mango-puree,Q169,kind_of,off,picked,
Q241156,Q15645384,kind_of,off,high,
fi:mansikoista-valmistettu-mehu-ja-viinirypäleet,fruit-juice,in_category,off,high,
fr:poudre-au-beurre,Q34172,kind_of,off,high,
Q2882387,Q34172,kind_of,wikidata,high,
en:mantis-shrimp,Q1517781,kind_of,off,high,
Q112130176,dairy-product,in_category,wikidata,high,
Q96626596,Q89,kind_of,wikidata,high,
Q124544722,fruit-preserves,in_category,wikidata,picked,
Q1078150,fruit-preserves,in_category,wikidata,high,
fr:carottes-deshydratees,Q81,kind_of,off,high,
Q2011964,Q8495,kind_of,wikidata,high,
en:marigold,herb,in_category,off,high,
Q56296569,sauce,in_category,wikidata,high,
Q115618429,sauce,in_category,wikidata,high,
Q3350633,Q1621080,kind_of,wikidata,high,
Q6764302,seafood,in_category,wikidata,high,
en:marine-oil,oil,kind_of,off,high,
Q3293287,sauce,in_category,wikidata,high,
en:marjoram,herb,in_category,off,high,
Q72488245,essential-oil,in_category,wikidata,high,
Q3177204,Q773987,kind_of,wikidata,high,
Q25172229,vegetable,in_category,wikidata,high,
marsala,fortified-wine,in_category,prose,authored,
Q654253,spice-mix,in_category,wikidata,high,
Q209889,Q17315191,kind_of,wikidata,high,
Q856453,condiment,in_category,wikidata,high,
Q96742694,sauce,in_category,wikidata,high,
en:matoki,Q503,kind_of,off,high,
Q2632883,dairy-product,in_category,wikidata,high,
en:mature-cheddar,Q217525,kind_of,off,high,
Q138705381,Q3342808,kind_of,wikidata,high,
Q6534405,Q36465,kind_of,wikidata,high,
Q167893,condiment,in_category,wikidata,picked,
fr:mais-moulu,Q10286140,kind_of,off,high,
Q107261753,meat,in_category,wikidata,high,
Q6804273,meat,in_category,wikidata,high,
en:meat-patty,meat,in_category,off,high,
en:meat-preparation,meat,in_category,off,high,
Q67860017,Q275068,kind_of,wikidata,high,
Q1146093,meat,in_category,off,high,
en:mechanically-separated-meat-of-beef,Q192628,kind_of,off,high,
en:mechanically-separated-meat-of-chicken,Q864693,kind_of,off,high,
en:mechanically-separated-meat-of-pork,Q191768,kind_of,off,high,
en:mechanically-separated-meat-of-turkey,Q4200953,kind_of,off,high,
en:mechanically-separated-poultry-meat,Q18087876,kind_of,off,high,
Q20093011,syrup,in_category,wikidata,high,
en:medium-fat-soft-cheese,soft-cheese,in_category,off,high,
en:medium-grain-rice,Q5090,kind_of,off,high,
en:medium-mature-cheddar,Q217525,kind_of,off,high,
en:medium-rye-flour,Q10658708,kind_of,off,high,
en:medium-coarse-salt,salt,kind_of,off,high,
Q138710727,cheese,in_category,wikidata,high,
en:medjool-dates,Q1652093,kind_of,off,high,
Q3092517,fruit,in_category,off,high,
Q18474800,Q10987,kind_of,wikidata,high,
Q18474808,Q10987,kind_of,wikidata,high,
Q20059083,Q10987,kind_of,wikidata,high,
Q20060278,Q10987,kind_of,wikidata,high,
Q20059084,Q10987,kind_of,wikidata,high,
Q18474824,Q10987,kind_of,wikidata,high,
Q20060279,Q10987,kind_of,wikidata,high,
Q17318793,Q10987,kind_of,wikidata,high,
Q15879293,sugar,kind_of,off,high,
Q125526587,Q10987,kind_of,wikidata,high,
Q55815430,seed-oil,in_category,wikidata,high,
fr:beurre-laitier,Q34172,kind_of,off,high,
Q1894525,dairy-product,in_category,wikidata,high,
Q10581201,Q8495,kind_of,wikidata,high,
Q5881191,vegetable,in_category,wikidata,picked,
Q16664041,fruit,in_category,wikidata,high,
Q89999771,fruit-jam,in_category,wikidata,high,
en:melted-cheddar,Q217525,kind_of,off,high,
Q14504031,Q5881191,kind_of,wikidata,high,
Q6138895,condiment,in_category,wikidata,high,
Q1754504,Q131419,kind_of,off,high,
Q276276,Q796758,kind_of,off,high,
Q1921878,condiment,in_category,wikidata,high,
Q6821694,Q36465,kind_of,wikidata,high,
mettwurst,Q131419,kind_of,prose,authored,
Q564278,sauce,in_category,wikidata,high,
Q11145813,Q8495,kind_of,wikidata,high,
Q6839576,leaf-vegetable,in_category,wikidata,high,
fr:miel-baies-roses,Q10987,kind_of,off,high,
fr:miel-de-bourdaine,Q10987,kind_of,off,high,
Q6013660,Q10987,kind_of,wikidata,high,
Q6013667,Q10987,kind_of,wikidata,high,
Q28148567,Q10987,kind_of,wikidata,high,
Q6013663,Q10987,kind_of,wikidata,high,
fr:miel-de-bruyere,Q10987,kind_of,off,high,
fr:miel-de-campagne,Q10987,kind_of,off,high,
fr:miel-de-carotte-recolte-dans-le-gatinais,Q10987,kind_of,off,high,
fr:miel-de-carotte-sauvage,Q10987,kind_of,off,high,
fr:miel-de-chataignier-origine-france,en:honey-from-france,kind_of,off,high,
fr:miel-de-citronnier,Q10987,kind_of,off,high,
fr:miel-de-fleurs-de-france,en:honey-from-france,kind_of,off,high,
fr:miel-de-framboisier,Q10987,kind_of,off,high,
fr:miel-de-garrigue,Q10987,kind_of,off,high,
fr:miel-de-lavande-origine-france,en:honey-from-france,kind_of,off,high,
fr:miel-de-litchi,Q10987,kind_of,off,high,
fr:miel-de-mandarinier,Q10987,kind_of,off,high,
fr:miel-de-maquis-de-printemps,Q10987,kind_of,off,high,
fr:miel-de-montagne-de-france,en:honey-from-france,kind_of,off,high,
fr:miel-de-romarin-du-languedoc,en:honey-from-france,kind_of,off,high,
fr:miel-de-ronce,Q10987,kind_of,off,high,
Q3312779,Q10987,kind_of,wikidata,high,
fr:miel-de-sapin-recolte-en-france,en:honey-from-france,kind_of,off,high,
fr:miel-de-sarrasin-recolte-dans-le-loiret,en:honey-from-france,kind_of,off,picked,
fr:miel-italien-d-acacia,Q10987,kind_of,off,high,
Q86734341,Q10987,kind_of,wikidata,high,
fr:miel-de-tilleul-de-picardie,en:honey-from-france,kind_of,off,high,
fr:miel-de-chataignier,Q10987,kind_of,off,high,
Q110460981,Q10987,kind_of,wikidata,high,
Q6844271,sauce,in_category,wikidata,high,
en:mild-cheddar,Q217525,kind_of,off,high,
Q1072093,chocolate,in_category,wikidata,high,
Q27149745,dairy-product,in_category,wikidata,high,
Q2164820,chocolate,in_category,wikidata,picked,
en:milk-chocolate-chips,chocolate,in_category,off,high,
en:milk-chocolate-coating,milk-chocolate,in_category,off,high,
en:milk-chocolate-with-sweetener,milk-chocolate,in_category,off,picked,
Q26639064,dairy-product,in_category,wikidata,high,
en:milk-enriched-with-cream,Q8495,kind_of,off,high,
en:milk-from-france,Q8495,kind_of,off,high,
Q112224246,dairy-product,in_category,wikidata,high,
Q496696,Q8495,kind_of,wikidata,high,
Q66590308,Q8495,kind_of,wikidata,high,
Q6858051,dairy-product,in_category,wikidata,high,
en:milk-proteins,dairy,in_category,off,high,
Q11570067,dairy-product,in_category,wikidata,high,
en:milkcap,mushroom,in_category,off,high,
en:milkfish,en:saltwater-fish,kind_of,off,high,
Q124789746,fish,in_category,wikidata,high,
Q259438,cereal,in_category,wikidata,high,
de:goldhirse,Q259438,kind_of,off,high,
en:millet-flakes,Q259438,kind_of,off,high,
Q100936573,Q1436715,kind_of,wikidata,high,
en:millet-seed,Q259438,kind_of,off,high,
Q20968815,Q2223649,kind_of,wikidata,high,
Q643697,Q2223649,kind_of,wikidata,high,
Q67996304,Q13400960,kind_of,wikidata,picked,
Q13400960,meat,in_category,wikidata,high,
en:mineral-water,water,kind_of,off,high,
Q120442409,Q10988133,kind_of,wikidata,high,
Q122199045,Q2995529,kind_of,wikidata,high,
Q8345498,chocolate,in_category,wikidata,high,
Q942335,sauce,in_category,wikidata,high,
Q16676963,syrup,in_category,wikidata,high,
fr:huile-essentielle-de-menthe,essential-oil,in_category,off,high,
Q104246028,Q12372598,kind_of,wikidata,high,
Q35321278,cereal,in_category,wikidata,high,
Q1762278,spice-mix,in_category,wikidata,high,
en:mitre-squid,Q550774,kind_of,off,high,
Q11342193,juice,in_category,wikidata,high,
en:mixed-cheese,cheese,in_category,off,high,
en:mixed-fruit,fruit,in_category,off,high,
Q89999799,fruit-jam,in_category,wikidata,high,
Q3088345,cheese,in_category,wikidata,high,
en:mixed-mushrooms,mushroom,in_category,off,high,
Q777487,pickle,in_category,wikidata,high,
en:mixture-of-palm-oil-and-palm-superolein,Q231458,kind_of,off,high,
Q3044475,glucose-syrup,in_category,off,picked,
Q28675205,Q10987,kind_of,wikidata,high,
Q17634293,Q10987,kind_of,wikidata,high,
Q9033890,chocolate,in_category,wikidata,high,
en:modified-flour,Q36465,kind_of,off,high,
en:modified-palm-oil,Q231458,kind_of,off,high,
en:modified-potato-starch,Q16587531,kind_of,off,high,
en:modified-rice-starch,Q5090,kind_of,off,high,
Q415766,starch,in_category,wikidata,high,
Q12554511,condiment,in_category,wikidata,picked,
Q2227032,hot-sauce,in_category,wikidata,picked,
Q154389,sugar,kind_of,off,high,
Q1495652,sauce,in_category,wikidata,high,
en:monk-fruit-extract,sweetener,in_category,off,high,
Q30682876,meat,in_category,wikidata,high,
Q12859107,en:saltwater-fish,kind_of,off,picked,
Q68456632,Q67731470,kind_of,wikidata,high,
Q68457400,Q67731470,kind_of,wikidata,high,
Q3776580,Q10987,kind_of,wikidata,high,
Q109045443,sauce,in_category,wikidata,high,
Q65234429,Q2296872,kind_of,wikidata,high,
Q6532607,Q8495,kind_of,wikidata,high,
Q177727,cheese,in_category,off,high,
en:morel,mushroom,in_category,off,high,
Q11937667,Q1621080,kind_of,wikidata,high,
Q98269620,Q636056,kind_of,wikidata,high,
Q9339746,sauce,in_category,wikidata,high,
Q391604,cheese,in_category,wikidata,high,
fr:moules-cuites,Q13042834,kind_of,off,high,
fr:moules-glazurees,Q13042834,kind_of,off,high,
Q106769958,Q10987,kind_of,off,high,
nl:moutmeel,Q152024,kind_of,off,high,
Q2622106,sauce,in_category,wikidata,high,
Q11113119,Q16128920,kind_of,off,picked,
Q55830286,seed-oil,in_category,wikidata,high,
Q124762000,fish,in_category,wikidata,high,
Q6934259,spice-mix,in_category,wikidata,high,
Q6935368,sauce,in_category,wikidata,high,
en:mung-bean-starch,starch,in_category,off,high,
Q765540,Q3774485,kind_of,wikidata,picked,
Q5266263,pickle,in_category,wikidata,high,
en:muscadet,white-wine,in_category,off,high,
Q3474123,sauce,in_category,wikidata,high,
Q1275508,fortified-wine,in_category,wikidata,picked,
Q9280616,sugar,kind_of,off,high,
en:mushroom-extract,mushroom,in_category,off,high,
Q6941325,sauce,in_category,wikidata,high,
Q1456688,mushroom,in_category,off,high,
Q12020426,sauce,in_category,wikidata,high,
Q61857870,Q5881191,kind_of,wikidata,high,
Q104221550,meat,in_category,wikidata,high,
Q13042834,seafood,in_category,wikidata,high,
Q278818,fruit-juice,in_category,wikidata,picked,
Q140389101,Q1209756,kind_of,wikidata,high,
Q131748,Q5726634,kind_of,wikidata,high,
en:mustard-greens,leaf-vegetable,in_category,off,high,
Q910958,vegetable-oil,in_category,off,picked,
en:mustard-sauce,mustard,in_category,off,picked,
Q1937700,mustard,in_category,off,picked,
en:mustard-spinach,leaf-vegetable,in_category,off,high,
Q498082,Q636056,kind_of,wikidata,high,
Q14566073,meat,in_category,wikidata,high,
Q110611203,Q6418247,kind_of,wikidata,high,
Q110611202,Q6418247,kind_of,wikidata,high,
Q110611200,Q6418247,kind_of,wikidata,high,
Q107246649,Q157484,kind_of,wikidata,high,
Q1177598,essential-oil,in_category,wikidata,high,
Q6948885,meat,in_category,wikidata,high,
Q20994945,Q36465,kind_of,wikidata,high,
Q10593172,Q2995529,kind_of,wikidata,high,
fr:melange-de-pates-alimentaires-cuisinees,pasta,in_category,off,high,
hr:pšenično-brašno-1850,Q2249305,kind_of,off,high,
fr:farine-de-ble-type-55,Q2249305,kind_of,off,high,
pl:mąka-pszenna-typ-750,Q2249305,kind_of,off,high,
pl:mąka-żytnia-typ-720,Q10658708,kind_of,off,high,
Q49053694,condiment,in_category,wikidata,high,
Q13873564,Q192628,kind_of,wikidata,high,
Q6959497,Q13317,kind_of,wikidata,high,
Q4922876,hot-sauce,in_category,wikidata,high,
Q24885642,fish-sauce,in_category,wikidata,picked,
en:nance,fruit,in_category,off,high,
en:naranjilla,fruit,in_category,off,high,
Q126920338,Q16128920,kind_of,wikidata,high,
en:natural-spices,spice,in_category,off,high,
en:natural-vanilla,Q13241,kind_of,off,high,
Q3088326,soft-cheese,in_category,wikidata,picked,
Q17141829,common-bean,in_category,wikidata,high,
Q4994885,condiment,in_category,wikidata,high,
Q131361355,Q157484,kind_of,wikidata,high,
Q841156,Q13202263,kind_of,wikidata,high,
Q910656,vegetable-oil,in_category,wikidata,picked,
en:nescafe-coffee,Q8486,kind_of,off,high,
en:nettle,leaf-vegetable,in_category,off,high,
Q107246652,Q275068,kind_of,wikidata,high,
Q140288924,juice,in_category,wikidata,high,
Q909432,seed-oil,in_category,wikidata,high,
Q1241190,Q1256296,kind_of,wikidata,picked,
en:new-zealand-spinach,leaf-vegetable,in_category,off,high,
Q773255,fish-sauce,in_category,wikidata,high,
Q914538,sugar,kind_of,off,high,
en:noble-scallop,Q7360490,kind_of,off,high,
Q136746974,Q578307,kind_of,wikidata,high,
Q48781382,sauce,in_category,wikidata,high,
fr:noisettes-avec-peau,Q578307,kind_of,off,high,
fr:noix-de-jambon-de-porc,Q191768,kind_of,off,high,
Q7048859,Q41354,kind_of,wikidata,high,
Q487233,Q18012503,kind_of,wikidata,high,
en:non-hydrogenated-olive-oil,Q93165,kind_of,off,high,
en:non-hydrogenated-palm-oil,Q231458,kind_of,off,high,
en:non-hydrogenated-sunflower-oil,Q94787,kind_of,off,high,
en:non-hydrogenated-vegetable-oils,vegetable-oil,in_category,off,high,
en:non-iodised-salt,salt,kind_of,off,high,
en:non-iodised-sea-salt,Q282694,kind_of,off,high,
Q626292,sweetener,in_category,wikidata,high,
Q2382377,sweetener,in_category,wikidata,high,
Q129314216,condiment,in_category,wikidata,high,
Q20458172,pickle,in_category,wikidata,high,
Q3367716,vegetable,in_category,wikidata,high,
en:nopales,vegetable,in_category,off,high,
Q201565,Q796185,kind_of,wikidata,picked,
Q67865207,seafood,in_category,wikidata,high,
Q104818276,fruit,in_category,wikidata,high,
Q107307349,Q275068,kind_of,wikidata,high,
Q110611146,Q157484,kind_of,wikidata,high,
Q110611131,Q275068,kind_of,wikidata,high,
Q107304855,Q995566,kind_of,wikidata,high,
Q107304840,Q157484,kind_of,wikidata,high,
Q110611198,Q275068,kind_of,wikidata,high,
en:northern-prawn,Q1517781,kind_of,off,high,
Q10752679,Q5726634,kind_of,wikidata,high,
Q41150815,seed-oil,in_category,wikidata,high,
en:nutmeg-butter-oil,vegetable-oil,in_category,off,high,
Q104176416,meat,in_category,wikidata,high,
Q50430463,sweetener,in_category,wikidata,high,
Q1324118,condiment,in_category,wikidata,picked,
Q18456374,fish-sauce,in_category,wikidata,picked,
en:oarfish,fish,in_category,off,high,
en:oat-malt,Q152024,kind_of,off,picked,
Q20972637,plant-milk,in_category,wikidata,high,
en:oat-oil,vegetable-oil,in_category,off,high,
Q2089240,Q1436715,kind_of,wikidata,high,
Q24265484,cereal,in_category,wikidata,high,
Q11637138,fish,in_category,wikidata,high,
fr:oeuf-entier-issu-de-poules-elevees-en-plein-air,Q115618816,kind_of,off,high,
fr:oeufs-entiers-reconstitues,Q115618816,kind_of,off,high,
Q157484,meat,in_category,wikidata,high,
fr:oignon-et-ail-en-poudre,Q21546392,kind_of,off,picked,
Q60856462,seed-oil,in_category,wikidata,high,
Q297292,seed,in_category,wikidata,high,
en:oily-fish,fish,in_category,off,high,
Q10608122,sauce,in_category,wikidata,high,
Q3474116,sauce,in_category,wikidata,high,
Q11261445,Q796185,kind_of,wikidata,high,
es:oleomargarina-bovina,dairy,in_category,off,high,
Q11939306,Q1621080,kind_of,wikidata,high,
en:oligosaccharides,sweetener,in_category,off,high,
Q118819723,Q1621080,kind_of,wikidata,high,
Q7087232,Q10426,kind_of,wikidata,high,
Q5656324,Q93165,kind_of,wikidata,high,
Q19842181,Q5726634,kind_of,wikidata,high,
Q7087235,Q93165,kind_of,wikidata,high,
fr:oleisol,Q94787,kind_of,off,high,
Q110611197,Q275068,kind_of,wikidata,high,
Q67775907,sauce,in_category,wikidata,high,
Q15992548,Q3406628,kind_of,wikidata,high,
en:onion-oil,Q3406628,kind_of,off,picked,
Q110611196,Q275068,kind_of,wikidata,high,
en:onion-paster,Q3406628,kind_of,off,high,
Q110611195,Q275068,kind_of,wikidata,high,
Q18357393,sauce,in_category,wikidata,high,
en:onion-sproute,Q3406628,kind_of,off,high,
Q110611194,Q41354,kind_of,wikidata,high,
en:onion-family-vegetable,vegetable,in_category,off,high,
en:orange-blossom-honey,Q10987,kind_of,off,high,
en:orange-carrot,Q81,kind_of,off,high,
en:orange-cells,Q13191,kind_of,off,high,
Q43669016,fruit-jam,in_category,wikidata,high,
en:orange-juice-from-concentrate,Q219059,kind_of,off,high,
en:orange-juice-with-pulp,Q219059,kind_of,off,high,
en:orange-juice-without-pulp,Q219059,kind_of,off,high,
Q516584,essential-oil,in_category,wikidata,picked,
en:orange-pulp,Q13191,kind_of,off,high,
Q124802101,Q13191,kind_of,wikidata,high,
en:orange-terpene,Q13191,kind_of,off,high,
en:orange-tomato,Q20638126,kind_of,off,high,
Q30587928,white-wine,in_category,wikidata,picked,
fr:orange-a-jus,Q13191,kind_of,off,high,
Q99761723,essential-oil,in_category,wikidata,high,
en:organic-almond-flour,Q184357,kind_of,off,high,
en:organic-apple-juice,Q618355,kind_of,off,high,
en:organic-barley,Q61665121,kind_of,off,high,
Q109012628,Q34172,kind_of,wikidata,high,
en:organic-cane-sugar,Q18012503,kind_of,off,high,
en:organic-chicken-egg,Q15260613,kind_of,off,high,
Q23461185,chocolate,in_category,wikidata,high,
en:organic-coffee,Q8486,kind_of,off,high,
en:organic-dark-chocolate,dark-chocolate,in_category,off,high,
en:organic-dates,Q1652093,kind_of,off,high,
Q2268712,Q93189,kind_of,wikidata,high,
en:organic-extra-virgin-olive-oil,Q14789810,kind_of,off,high,
en:organic-green-tea,green-tea,in_category,off,high,
en:organic-honey,Q10987,kind_of,off,high,
en:organic-honey-from-romania,Q10987,kind_of,off,high,
en:organic-long-grain-rice,Q67594028,kind_of,off,high,
Q10480677,meat,in_category,wikidata,high,
Q4169972,Q8495,kind_of,wikidata,high,
en:organic-olive-oil,Q93165,kind_of,off,high,
en:organic-orange-juice-from-orange-juice-concentrate,Q219059,kind_of,off,high,
en:organic-palm-oil,Q231458,kind_of,off,high,
en:organic-plum,Q12372598,kind_of,off,high,
en:organic-potatos-from-france,Q16587531,kind_of,off,high,
en:organic-sugar,sugar,kind_of,off,high,
en:organic-sunflower-oil,Q94787,kind_of,off,high,
en:organic-sweet-potato,Q37937,kind_of,off,high,
en:organic-tomato,Q20638126,kind_of,off,high,
en:organic-yogurt,Q13317,kind_of,off,high,
Q1939771,syrup,in_category,wikidata,high,
Q1915137,Q21552830,kind_of,wikidata,high,
Q7104098,essential-oil,in_category,wikidata,high,
Q1317552,cereal,in_category,off,high,
fr:os-et-viande-de-poulet,Q864693,kind_of,off,high,
Q28969642,Q93189,kind_of,wikidata,picked,
Q107417424,Q37937,kind_of,wikidata,high,
Q139490021,Q157484,kind_of,wikidata,high,
Q1275331,meat,in_category,wikidata,high,
Q107411,seafood,in_category,wikidata,high,
Q11291999,vegetable-oil,in_category,wikidata,high,
Q86058013,condiment,in_category,wikidata,high,
fr:palette-de-porc,Q191768,kind_of,off,high,
en:palm-and-palm-kernel-oil,Q231458,kind_of,off,high,
Q68219463,vegetable,in_category,wikidata,high,
Q1960534,cooking-oil,in_category,wikidata,picked,
Q231458,cooking-oil,in_category,wikidata,high,
en:palm-olein,Q231458,kind_of,off,high,
en:palm-or-palm-kernel-oil,Q231458,kind_of,off,high,
Q1784398,syrup,in_category,wikidata,high,
fr:palourdes-precuites,Q1192868,kind_of,off,high,
Q1589638,breadcrumbs,kind_of,off,picked,
Q105528979,Q192628,kind_of,wikidata,high,
Q241933,spice-mix,in_category,wikidata,picked,
en:pandalus-jordani,Q1517781,kind_of,off,high,
en:pangas,fish,in_category,off,high,
Q12516012,seafood,in_category,wikidata,high,
Q1820454,breadcrumbs,kind_of,off,high,
Q12330939,Q844144,kind_of,wikidata,high,
Q47472060,fruit-jam,in_category,wikidata,high,
Q112618222,vegetable,in_category,wikidata,high,
en:paprika-paste,Q3127593,kind_of,off,high,
en:parapenaeopsis-stylifera,Q1517781,kind_of,off,high,
en:parboiled-italian-black-whole-grain-rice,Q732925,kind_of,off,high,
Q732925,Q5090,kind_of,wikidata,high,
Q68220931,en:taproot-vegetable,kind_of,off,high,
Q107246695,Q275068,kind_of,wikidata,high,
Q30587714,sauce,in_category,wikidata,high,
en:partially-hydrogenated-sunflower-oil,Q94787,kind_of,off,high,
Q107246696,Q275068,kind_of,wikidata,high,
Q124726535,Q18087876,kind_of,wikidata,picked,
Q107307351,Q995566,kind_of,wikidata,high,
Q838835,chili-pepper,in_category,wikidata,picked,
en:pasilla-peppers,chili-pepper,in_category,off,high,
Q57655614,fruit-juice,in_category,off,high,
Q27670710,fruit-syrup,in_category,wikidata,high,
Q2224510,Q844144,kind_of,wikidata,high,
Q67589074,jam,in_category,wikidata,high,
Q1412505,cheese,in_category,wikidata,high,
en:pasta-made-from-wheat-flour,pasta,in_category,off,high,
Q14050065,sauce,in_category,wikidata,high,
Q20524172,Q12117,kind_of,off,high,
en:pasteurised-egg-yolk,Q181409,kind_of,off,high,
en:pasteurised-goat-milk,Q1418287,kind_of,off,high,
en:pasteurized-butter,Q34172,kind_of,off,high,
Q57657158,Q13228,kind_of,wikidata,high,
en:pasteurized-creme-fraiche,Q13228,kind_of,off,high,
Q57271782,Q1418287,kind_of,wikidata,high,
Q19344246,Q8495,kind_of,wikidata,high,
en:pasteurized-milk-and-cream,Q13228,kind_of,off,high,
Q19341731,cheese,in_category,wikidata,high,
en:pasteurized-milk-yogurt,Q13317,kind_of,off,high,
en:pasteurized-orange-juice,Q219059,kind_of,off,high,
Q1347754,meat,in_category,wikidata,high,
Q784378,Q2249305,kind_of,wikidata,high,
Q118819745,Q16587531,kind_of,wikidata,high,
Q876892,vegetable,in_category,wikidata,high,
Q96577178,chocolate,in_category,wikidata,high,
fr:paves-de-saumon,Q2796766,kind_of,off,high,
Q57657174,Q36465,kind_of,wikidata,high,
Q48844996,plant-milk,in_category,wikidata,high,
Q123907356,Q636056,kind_of,wikidata,high,
en:pea-starch,starch,in_category,off,high,
Q13202263,fruit,in_category,wikidata,high,
Q139503254,syrup,in_category,wikidata,high,
Q68221865,fruit-jam,in_category,wikidata,high,
Q68221988,Q13202263,kind_of,off,high,
en:peach-paste,Q13202263,kind_of,off,high,
en:peach-pulp,Q13202263,kind_of,off,high,
Q26879361,Q636056,kind_of,wikidata,picked,
Q7157665,sauce,in_category,wikidata,high,
en:peach-syrup,Q13202263,kind_of,off,high,
Q147651,Q5726634,kind_of,wikidata,picked,
Q24882661,chutney,in_category,wikidata,high,
en:peanut-flour,Q3621199,kind_of,off,high,
Q7157940,plant-milk,in_category,wikidata,high,
Q130760537,Q165308,kind_of,wikidata,high,
Q107310187,sauce,in_category,wikidata,high,
en:peanut-with-shell,Q3621199,kind_of,off,high,
Q110611304,vegetable,in_category,wikidata,high,
Q110611287,Q275068,kind_of,wikidata,high,
Q3899632,Q13099586,kind_of,wikidata,high,
Q140361697,Q13099586,kind_of,wikidata,high,
Q47472068,fruit-jam,in_category,wikidata,high,
Q2461726,Q13099586,kind_of,off,high,
en:pear-puree,Q636056,kind_of,off,picked,
Q2743860,Q61665121,kind_of,wikidata,picked,
Q104037539,Q259438,kind_of,wikidata,high,
Q508630,Q3406628,kind_of,wikidata,high,
en:pears-in-cubes,Q13099586,kind_of,off,high,
Q1119911,tree-nut,in_category,off,picked,
Q5261363,sauce,in_category,wikidata,high,
en:pedro-ximenez-wine,wine,in_category,off,high,
en:pedrosillano-chickpeas,chickpea,in_category,off,high,
Q1258323,fruit-syrup,in_category,wikidata,high,
Q28725129,seafood,in_category,wikidata,high,
Q137802482,Q157484,kind_of,wikidata,high,
Q17118882,Q654236,kind_of,wikidata,high,
en:pepeao,mushroom,in_category,off,high,
Q181572,chili-pepper,in_category,wikidata,high,
Q136747040,Q1548030,kind_of,wikidata,high,
Q3899360,Q1548030,kind_of,wikidata,high,
en:pepper-extract,pepper,kind_of,off,high,
Q7166384,cow-s-milk-cheese,in_category,wikidata,picked,
en:pepper-mix,pepper,kind_of,off,high,
Q3474121,sauce,in_category,wikidata,high,
en:peppercorns,pepper,kind_of,off,high,
Q20106090,Q13099586,kind_of,wikidata,high,
Q67861271,Q67731470,kind_of,wikidata,high,
Q3899685,Q13202263,kind_of,wikidata,high,
Q7167863,vegetable,in_category,wikidata,high,
Q108064182,condiment,in_category,wikidata,picked,
Q921630,vegetable-oil,in_category,wikidata,picked,
Q1493037,Q13099586,kind_of,wikidata,high,
Q3070155,sauce,in_category,wikidata,high,
Q29526,fruit,in_category,wikidata,high,
Q11337373,tomato-sauce,in_category,wikidata,high,
Q9896,sauce,in_category,off,high,
Q134999560,Q5726634,kind_of,wikidata,high,
Q3900768,spice-mix,in_category,wikidata,high,
Q906404,essential-oil,in_category,wikidata,high,
Q67206285,Q5726634,kind_of,wikidata,high,
Q35855322,Q659503,kind_of,wikidata,high,
Q104093372,meat,in_category,wikidata,high,
Q3028160,sauce,in_category,wikidata,high,
Q1503784,vegetable,in_category,wikidata,high,
Q96399316,pickle,in_category,wikidata,high,
Q1365891,Q2735883,kind_of,wikidata,high,
Q22907764,pickle,in_category,wikidata,picked,
Q9282304,vegetable,in_category,wikidata,picked,
Q2477614,Q3406628,kind_of,wikidata,high,
Q68220292,pickle,in_category,wikidata,high,
Q7190909,vegetable,in_category,wikidata,high,
Q68078194,chili-pepper,in_category,wikidata,high,
Q12338154,vegetable,in_category,wikidata,high,
Q67587611,vegetable,in_category,wikidata,picked,
Q68185511,vegetable,in_category,wikidata,high,
en:pierogi,stuffed-pasta,in_category,off,high,
Q1799719,Q191768,kind_of,wikidata,high,
Q18388526,Q8495,kind_of,wikidata,high,
en:pig-snout,Q191768,kind_of,off,high,
Q13164542,Q157484,kind_of,wikidata,picked,
Q96756805,Q157484,kind_of,wikidata,high,
Q107246701,Q157484,kind_of,wikidata,high,
Q107246703,Q157484,kind_of,wikidata,high,
Q107246705,Q157484,kind_of,wikidata,high,
Q17118905,Q157484,kind_of,wikidata,high,
Q107246706,Q275068,kind_of,wikidata,high,
Q83363036,Q18087876,kind_of,wikidata,high,
en:pigeon-pea,Q145909,kind_of,off,high,
en:pigs-trotters,Q191768,kind_of,off,high,
Q124761729,fish,in_category,wikidata,high,
Q67773148,Q67731470,kind_of,wikidata,high,
Q67773084,seafood,in_category,wikidata,picked,
en:pilinut,nut,in_category,off,high,
fr:piment-oiseau,chili-pepper,in_category,off,high,
fr:piment-inca,chili-pepper,in_category,off,high,
bg:сладък-червен-пипер,Q3127593,kind_of,off,high,
Q184315,cooking-oil,in_category,wikidata,picked,
Q990187,essential-oil,in_category,wikidata,high,
Q10817602,Q844144,kind_of,wikidata,high,
Q138541982,juice,in_category,wikidata,high,
Q33977139,fruit-jam,in_category,wikidata,high,
Q3190226,Q10817602,kind_of,off,high,
en:pineapple-puree,Q10817602,kind_of,off,picked,
en:pineapple-segments,Q10817602,kind_of,off,high,
en:pineapple-syrup,Q10817602,kind_of,off,high,
Q45824,Q14458220,kind_of,wikidata,high,
en:pink-clam,Q1192868,kind_of,off,high,
Q57271710,Q21552830,kind_of,wikidata,high,
Q57271711,fruit-juice,in_category,off,high,
Q107558749,meat,in_category,wikidata,high,
Q2497744,Q3143131,kind_of,wikidata,picked,
Q673380,Q2796766,kind_of,off,high,
en:pink-shrimps,Q1517781,kind_of,off,high,
Q3121375,seed,in_category,wikidata,high,
Q512580,chili-pepper,in_category,wikidata,high,
Q125129662,plant-milk,in_category,wikidata,high,
Q14959225,nut,in_category,wikidata,high,
en:pistachio-seed-oil,vegetable-oil,in_category,off,picked,
Q3905793,Q131419,kind_of,wikidata,high,
Q768564,sauce,in_category,wikidata,high,
Q232755,Q844144,kind_of,wikidata,high,
en:pitanga,fruit,in_category,off,high,
en:pitted-olive,Q1621080,kind_of,off,high,
Q115618436,tomato-sauce,in_category,off,picked,
Q467545,fish-sauce,in_category,wikidata,high,
Q4242107,seafood,in_category,wikidata,picked,
Q67861102,Q67731470,kind_of,wikidata,high,
Q110611112,juice,in_category,wikidata,high,
Q123458126,Q503,kind_of,wikidata,high,
Q55830259,seed-oil,in_category,wikidata,high,
fr:plantes-aromatiques-deshydratees,herb,in_category,off,high,
Q108170369,Q259642,kind_of,wikidata,high,
Q12372598,fruit,in_category,wikidata,high,
Q19966492,fruit-juice,in_category,wikidata,picked,
Q3497881,sauce,in_category,wikidata,high,
en:plum-spread,Q12372598,kind_of,off,high,
en:plum-sugar,sugar,kind_of,off,picked,
en:poached-egg,egg,kind_of,off,high,
Q135442033,Q13099586,kind_of,wikidata,high,
Q897746,chili-pepper,in_category,wikidata,high,
en:pod-and-seed-vegetable,vegetable,in_category,off,high,
Q2724236,Q5090,kind_of,wikidata,high,
Q67207218,Q14328596,kind_of,wikidata,high,
Q67866043,Q1548030,kind_of,wikidata,high,
Q3393782,Q234901,kind_of,wikidata,high,
fr:pois-chiches-secs-trempes,chickpea,in_category,off,high,
fr:poissons-entiers-peches-en-mediterranee,fish,in_category,off,high,
fr:poissons-et-crustaces-mis-en-oeuvre,fish,in_category,off,high,
en:pokeberry-shoots,en:shoot-vegetable,kind_of,off,high,
Q130526536,Q10987,kind_of,wikidata,high,
en:pomace-brandy,alcohol,in_category,off,high,
Q2441143,vegetable,in_category,wikidata,high,
Q13222088,fruit,in_category,wikidata,high,
Q3567034,fruit-juice,in_category,wikidata,high,
Q108946643,molasses,in_category,wikidata,picked,
en:pomegranate-seeds,seed,in_category,off,high,
Q107246707,wine,in_category,wikidata,high,
Q80024,Q21552830,kind_of,off,high,
fr:pommes-d-aquitaine,Q89,kind_of,off,high,
fr:ecorces-de-pamplemousse,Q21552830,kind_of,off,high,
Q2722814,sauce,in_category,wikidata,high,
Q125427687,Q5090,kind_of,wikidata,high,
Q17118924,spice-mix,in_category,wikidata,high,
Q21844971,plant-milk,in_category,wikidata,high,
Q107246708,plant-milk,in_category,wikidata,high,
Q1757003,vegetable-oil,in_category,off,picked,
fr:viande-de-porc-cuite,Q191768,kind_of,off,high,
Q21007636,Q191768,kind_of,wikidata,high,
Q191768,meat,in_category,wikidata,high,
Q1365868,Q6418247,kind_of,wikidata,picked,
Q110611121,Q275068,kind_of,wikidata,high,
Q68453425,Q191768,kind_of,off,picked,
Q107246709,Q275068,kind_of,wikidata,high,
en:pork-by-product,Q191768,kind_of,off,high,
en:pork-fond,Q191768,kind_of,off,high,
en:pork-gelatin,Q191768,kind_of,off,high,
Q68453100,Q191768,kind_of,wikidata,high,
en:pork-heart,Q191768,kind_of,off,high,
Q7230134,Q191768,kind_of,wikidata,high,
en:pork-kidney,Q191768,kind_of,off,high,
Q67587699,Q191768,kind_of,off,picked,
Q18384179,Q191768,kind_of,off,picked,
Q7230136,Q191768,kind_of,off,high,
en:pork-minute-steak,Q191768,kind_of,off,high,
en:pork-offal,Q157484,kind_of,off,picked,
Q107246711,Q995566,kind_of,wikidata,high,
Q2255700,meat,in_category,wikidata,high,
Q3695900,Q191768,kind_of,wikidata,high,
Q107246714,Q157484,kind_of,wikidata,high,
Q107246715,Q275068,kind_of,off,picked,
Q2255703,Q191768,kind_of,wikidata,high,
Q13164545,Q191768,kind_of,off,picked,
en:pork-tripe,Q191768,kind_of,off,high,
port,fortified-wine,in_category,prose,authored,
en:potassium-iodide,salt,kind_of,off,high,
en:potato-flakes,Q16587531,kind_of,off,high,
Q3066930,Q16587531,kind_of,off,picked,
en:potato-glucose-syrup,glucose-syrup,in_category,off,high,
Q383523,Q3406628,kind_of,wikidata,high,
en:potato-skin,Q16587531,kind_of,off,high,
Q715160,starch,in_category,wikidata,high,
Q1866054,glucose-syrup,in_category,wikidata,high,
Q3395977,Q16587531,kind_of,wikidata,high,
en:potherb,leaf-vegetable,in_category,off,high,
Q10638208,cheese,in_category,wikidata,high,
Q108063900,Q259642,kind_of,wikidata,high,
Q86681753,Q864693,kind_of,wikidata,high,
fr:poulet-traite-en-salaison,Q864693,kind_of,off,high,
Q68187791,condiment,in_category,wikidata,high,
Q107307355,Q157484,kind_of,wikidata,high,
Q68188589,Q18087876,kind_of,wikidata,picked,
Q107307360,Q157484,kind_of,wikidata,high,
Q14473756,Q18087876,kind_of,wikidata,high,
en:powdered-almonds,Q184357,kind_of,off,high,
Q11604445,cheese,in_category,wikidata,high,
en:powdered-condiment,condiment,in_category,off,high,
Q57328764,Q796758,kind_of,off,high,
Q1058410,seafood,in_category,wikidata,high,
en:pre-cooked-durum-wheat,Q102330562,kind_of,off,high,
Q28689365,vegetable,in_category,wikidata,high,
en:pre-gelatinized-wheat-flour,Q2249305,kind_of,off,high,
en:precooked-chicken-meat,Q864693,kind_of,off,high,
en:precooked-lentils,lentils,in_category,off,high,
en:precooked-parboiled-whole-grain-brown-rice,Q732925,kind_of,off,high,
en:precooked-potato,Q16587531,kind_of,off,high,
en:precooked-tuna,Q17504707,kind_of,off,high,
en:pregelatinized-rice-flour,Q1269205,kind_of,off,high,
en:pregelatinized-rye-flour,Q10658708,kind_of,off,high,
Q115618813,Q93189,kind_of,wikidata,high,
en:prepared-sauce,sauce,in_category,off,high,
Q122908649,vegetable,in_category,wikidata,high,
en:preserved-chili-pepper,chili-pepper,in_category,off,high,
Q18396737,fish,in_category,wikidata,high,
Q2723408,Q1093742,kind_of,off,high,
Q4145855,Q29472543,kind_of,wikidata,high,
Q17053386,Q191768,kind_of,off,picked,
Q18465171,Q170486,kind_of,wikidata,high,
Q20059289,Q170486,kind_of,wikidata,high,
Q18465188,Q170486,kind_of,wikidata,high,
Q18465195,Q170486,kind_of,wikidata,high,
Q2146147,fruit,in_category,wikidata,high,
Q96603132,Q16587531,kind_of,wikidata,high,
Q1570052,cheese,in_category,wikidata,high,
Q26845135,Q8495,kind_of,wikidata,high,
en:processed-salt,salt,kind_of,off,high,
Q29584999,Q16587531,kind_of,wikidata,high,
fr:produit-a-base-de-viande-de-poulet,Q864693,kind_of,off,high,
Q6766526,Q234901,kind_of,wikidata,picked,
Q7253037,vegetable-oil,in_category,wikidata,picked,
en:prunus-species-fruit,fruit,in_category,off,high,
fr:preparation-d-epices,spice,in_category,off,high,
fr:preparation-de-tomates-decongelee,tomato-sauce,in_category,off,high,
fr:preparation-deshydratee-pour-sauce,sauce,in_category,off,high,
fr:preparation-fromagere,cheese,in_category,off,high,
Q2660942,fish,in_category,wikidata,high,
Q154092,Q5090,kind_of,off,high,
Q107755066,Q15645384,kind_of,off,high,
Q124726513,Q19862498,kind_of,wikidata,high,
fr:pulpe-de-saumon-fume,Q2796766,kind_of,off,high,
Q11264136,Q165308,kind_of,off,high,
en:pumpkin-leaves,leaf-vegetable,in_category,off,high,
en:pumpkin-pulp,Q165308,kind_of,off,high,
en:pumpkin-seed,Q165308,kind_of,off,high,
Q770335,vegetable-oil,in_category,off,picked,
Q1633480,vegetable,in_category,wikidata,high,
en:pure-cocoa-butter-chocolate,chocolate,in_category,off,high,
en:pure-grape-juice,Q1209756,kind_of,off,high,
en:pure-vanilla,Q13241,kind_of,off,high,
en:pureed-green-bean,Q2987371,kind_of,off,high,
en:purple-sweet-potato,Q37937,kind_of,off,high,
en:purslane,leaf-vegetable,in_category,off,high,
Q636056,Q5726634,kind_of,wikidata,high,
fr:puree-et-puree-concentree,Q636056,kind_of,off,high,
Q31085950,Q5090,kind_of,wikidata,high,
Q67445428,lentil,in_category,wikidata,high,
Q7263427,seed,in_category,wikidata,high,
fr:pates-alimentaires-aux-oeufs-cuites,pasta,in_category,off,high,
fr:pates-fraiches-farcies-cuites,stuffed-pasta,in_category,off,high,
fr:peche-au-sirop,Q13202263,kind_of,off,high,
Q20060568,Q13202263,kind_of,wikidata,high,
Q13137532,Q34172,kind_of,wikidata,high,
hr:pšenično-brašno-tip-400,Q2249305,kind_of,off,high,
Q100260474,dairy-product,in_category,wikidata,high,
Q63890957,Q5726634,kind_of,wikidata,high,
Q107246719,Q275068,kind_of,wikidata,high,
Q1572135,Q93189,kind_of,wikidata,picked,
Q110611187,Q1470283,kind_of,wikidata,high,
Q7268510,Q18087876,kind_of,wikidata,high,
Q259642,cheese,in_category,off,high,
en:queen-scallop,Q7360490,kind_of,off,high,
Q7271180,jam,in_category,wikidata,high,
Q138460940,cheese,in_category,wikidata,high,
Q10356078,cheese,in_category,wikidata,high,
Q6094372,sheep-milk-cheese,in_category,wikidata,picked,
Q135011434,Q27038733,kind_of,wikidata,high,
Q2578908,dairy,in_category,off,high,
Q131989100,cheese,in_category,wikidata,high,
Q19341080,cheese,in_category,wikidata,high,
Q6094612,Q27038733,kind_of,wikidata,high,
ca:formatge-tendre,soft-cheese,in_category,off,high,
fr:queues-de-crevettes,Q1517781,kind_of,off,high,
Q956379,Q636056,kind_of,wikidata,high,
Q2751465,fruit,in_category,wikidata,high,
Q555084,Q5726634,kind_of,wikidata,high,
Q6855605,fruit-jam,in_category,wikidata,high,
Q107262467,fruit-juice,in_category,wikidata,high,
Q107262468,seed,in_category,wikidata,high,
Q104030862,Q2995529,kind_of,wikidata,high,
Q16623738,sauce,in_category,wikidata,high,
Q107246724,meat,in_category,wikidata,high,
Q110611186,Q275068,kind_of,wikidata,high,
Q67883965,Q1470283,kind_of,wikidata,high,
Q3556748,Q19862498,kind_of,wikidata,high,
Q125257091,Q8495,kind_of,wikidata,high,
Q123577388,Q19862498,kind_of,wikidata,high,
Q106689706,cheese,in_category,wikidata,high,
Q767765,leaf-vegetable,in_category,wikidata,picked,
Q80008054,leaf-vegetable,in_category,wikidata,picked,
Q18393201,sauce,in_category,wikidata,high,
en:rainbow-shrimp,Q1517781,kind_of,off,high,
Q107262739,wine,in_category,wikidata,high,
Q13186,fruit,in_category,off,high,
en:raisin-concentrate,Q13186,kind_of,off,high,
Q110611286,Q636056,kind_of,wikidata,high,
fr:raisins-secs-rehydrates,Q13186,kind_of,off,high,
en:rakia,alcohol,in_category,off,high,
Q21272240,Q13099586,kind_of,wikidata,high,
Q697248,vegetable-oil,in_category,wikidata,picked,
fi:rapsi-ja-auringonkukkaöljy,Q94787,kind_of,off,high,
Q1067261,mixed-spices,in_category,off,picked,
Q11962286,jam,in_category,off,high,
Q25220811,berry-juice,in_category,wikidata,high,
en:raspberry-leaf,herb,in_category,off,high,
en:raspberry-liqueur,liqueur,in_category,off,high,
en:raspberry-sauce,sauce,in_category,off,high,
Q55815098,seed-oil,in_category,wikidata,high,
Q26877759,fruit-syrup,in_category,wikidata,high,
Q16909917,Q41354,kind_of,wikidata,high,
fi:rasvaton-rahka,Q259642,kind_of,off,high,
en:ravioli,stuffed-pasta,in_category,off,high,
en:raw-cucumber-pulp,Q2735883,kind_of,off,high,
en:raw-almonds,Q184357,kind_of,off,high,
en:raw-american-type-grapes,Q10978,kind_of,off,high,
en:raw-apples-with-skin,Q89,kind_of,off,high,
en:raw-cacao-powder,Q1062396,kind_of,off,high,
en:raw-celery,Q23012379,kind_of,off,high,
en:raw-chestnut,Q773987,kind_of,off,high,
en:raw-chicken-meat-and-skin,Q864693,kind_of,off,high,
en:raw-cocoa,cocoa,in_category,off,high,
en:raw-cream,Q13228,kind_of,off,high,
en:raw-cucumber-pulp-and-peel,Q2735883,kind_of,off,high,
Q116810133,Q15260613,kind_of,wikidata,picked,
en:raw-extra-sweet-pineapple,Q10817602,kind_of,off,high,
Q44480852,fish,in_category,wikidata,high,
en:raw-florida-oranges,Q13191,kind_of,off,high,
en:raw-ground-chicken,Q864693,kind_of,off,high,
Q5309466,Q170486,kind_of,wikidata,high,
en:raw-japanese-persimmon,Q29526,kind_of,off,high,
en:raw-lentils,lentils,in_category,off,high,
Q7296903,meat,in_category,wikidata,high,
Q513631,Q8495,kind_of,wikidata,high,
en:raw-muscadine-grapes,Q10978,kind_of,off,high,
en:raw-native-persimmon,Q29526,kind_of,off,high,
en:raw-navel-orange,Q13191,kind_of,off,high,
en:raw-onion,Q3406628,kind_of,off,high,
en:raw-orange-with-peel,Q13191,kind_of,off,high,
en:raw-pear,Q13099586,kind_of,off,high,
en:raw-pearled-barley,Q61665121,kind_of,off,high,
en:raw-peeled-lemon,Q1093742,kind_of,off,high,
en:raw-persimmon-pulp,Q29526,kind_of,off,high,
en:raw-pumpkin,Q165308,kind_of,off,high,
en:raw-red-and-whitecurrants,Q13186,kind_of,off,high,
en:raw-salmon,Q2796766,kind_of,off,high,
en:raw-spinach,Q36814998,kind_of,off,high,
en:raw-strawberry,Q14458220,kind_of,off,high,
en:raw-traditional-pineapple,Q10817602,kind_of,off,high,
en:raw-venison,Q2296872,kind_of,off,high,
en:raw-winged-bean-leaves,leaf-vegetable,in_category,off,high,
en:raw-zespri-sungold-kiwifruit,Q13194,kind_of,off,high,
Q1531597,cheese,in_category,wikidata,high,
Q68489318,seafood,in_category,wikidata,picked,
Q110611281,fish,in_category,wikidata,high,
Q7302262,Q5726634,kind_of,wikidata,high,
en:reconstituted-butter,Q34172,kind_of,off,high,
Q119597139,Q8495,kind_of,wikidata,high,
Q57655957,Q8495,kind_of,wikidata,high,
en:rectified-spirit,alcohol,in_category,off,high,
en:red-apple,Q89,kind_of,off,high,
Q138710963,Q16128920,kind_of,wikidata,high,
Q68313633,seafood,in_category,wikidata,picked,
Q68313727,Q67731470,kind_of,wikidata,high,
Q2365737,sauce,in_category,wikidata,high,
Q263203,Q14328596,kind_of,wikidata,high,
en:red-cheddar,Q217525,kind_of,off,high,
Q67201118,Q5726634,kind_of,wikidata,high,
Q124775151,Q2296872,kind_of,wikidata,high,
Q128470707,Q10978,kind_of,wikidata,high,
en:red-grape-juice,Q1209756,kind_of,off,high,
Q133806336,Q13194,kind_of,wikidata,high,
Q645199,Q165308,kind_of,wikidata,high,
Q3243069,meat,in_category,wikidata,high,
en:red-miso-paste,Q235169,kind_of,off,high,
Q6604812,seafood,in_category,wikidata,picked,
Q109360280,meat,in_category,wikidata,high,
en:red-palm-fruit-oil,Q231458,kind_of,off,high,
en:red-plum,Q12372598,kind_of,off,high,
en:red-prawn,Q1517781,kind_of,off,high,
Q7305375,Q5090,kind_of,wikidata,high,
Q1827,wine,in_category,wikidata,high,
Q3474125,sauce,in_category,wikidata,high,
Q1135788,Q2995529,kind_of,wikidata,picked,
Q7303477,sauce,in_category,wikidata,high,
Q14714085,Q16128920,kind_of,off,picked,
Q67873453,fruit-jam,in_category,wikidata,high,
Q17015045,sauce,in_category,wikidata,high,
en:reduced-fat-sour-cream,Q840171,kind_of,off,high,
Q68003956,Q13317,kind_of,wikidata,high,
Q115435494,Q8495,kind_of,wikidata,high,
en:refined-palm-oil,Q231458,kind_of,off,high,
Q109044154,Q11254,kind_of,wikidata,picked,
en:refined-sunflower-oil,Q94787,kind_of,off,high,
en:refined-wheat-flour,Q2249305,kind_of,off,high,
en:rehydrated-chickpeas,chickpea,in_category,off,high,
Q17006995,cheese,in_category,wikidata,high,
Q10650944,meat,in_category,wikidata,high,
Q19331194,Q8495,kind_of,wikidata,high,
Q766777,condiment,in_category,wikidata,picked,
Q1190414,sauce,in_category,wikidata,high,
Q9335663,cheese,in_category,wikidata,high,
Q109928326,cooking-oil,in_category,wikidata,high,
Q51873806,meat,in_category,wikidata,high,
Q3427558,cheese,in_category,wikidata,high,
fr:pur-boeuf,Q192628,kind_of,off,high,
Q125695234,Q93189,kind_of,wikidata,picked,
Q12480676,Q192628,kind_of,wikidata,high,
Q67440705,noodle,in_category,wikidata,high,
Q7322430,Q6418247,kind_of,wikidata,high,
Q112977543,Q192628,kind_of,wikidata,high,
Q34041491,Q5090,kind_of,off,high,
Q175933,vegetable-oil,in_category,off,picked,
en:rice-cream,Q5090,kind_of,off,high,
en:rice-extract,Q5090,kind_of,off,high,
Q59137525,Q5090,kind_of,off,high,
Q1269205,Q36465,kind_of,wikidata,picked,
en:rice-from-italy,Q5090,kind_of,off,high,
en:rice-glucose-syrup,glucose-syrup,in_category,off,high,
en:rice-groats,Q5090,kind_of,off,high,
Q715187,plant-milk,in_category,wikidata,high,
Q1322949,noodle,in_category,wikidata,high,
en:rice-semolina,Q5090,kind_of,off,high,
en:rice-sourdough,Q904889,kind_of,off,picked,
en:rice-starch,Q5090,kind_of,off,high,
Q716004,noodle,in_category,wikidata,high,
Q2089007,goat-cheese,in_category,wikidata,high,
de:rindergehacktes,Q192628,kind_of,off,high,
Q6135892,Q5090,kind_of,wikidata,high,
Q67438406,Q5090,kind_of,wikidata,high,
en:rivet-wheat,Q15645384,kind_of,off,high,
fr:riz-complet-etuve,Q732925,kind_of,off,high,
fr:riz-long-grain-naturellement-parfume,Q67594028,kind_of,off,high,
fr:riz-long-pour-risotto,Q67594028,kind_of,off,high,
fr:riz-long-semi-complet,Q67594028,kind_of,off,high,
fr:riz-pour-risotto-etuve,Q732925,kind_of,off,high,
fr:riz-precuit,Q5090,kind_of,off,high,
fr:riz-riceberry-melange,Q5090,kind_of,off,high,
fr:riz-thai-hom-mali-demi-complet-etuve,Q732925,kind_of,off,high,
Q899561,meat,in_category,wikidata,high,
Q899640,Q864693,kind_of,off,high,
en:roasted-almonds,Q184357,kind_of,off,high,
en:roasted-beef-including-beef-juices,Q192628,kind_of,off,high,
Q3650544,Q773987,kind_of,wikidata,high,
en:roasted-coffee,Q8486,kind_of,off,high,
Q139546706,nut,in_category,wikidata,high,
en:rock-salt,salt,kind_of,off,high,
Q12366140,Q93189,kind_of,wikidata,high,
Q65244403,Q2296872,kind_of,wikidata,high,
Q107262041,Q275068,kind_of,wikidata,high,
Q107307364,Q275068,kind_of,wikidata,high,
Q110611184,Q6418247,kind_of,wikidata,high,
Q107246730,Q157484,kind_of,wikidata,high,
Q107307365,Q157484,kind_of,wikidata,high,
Q107246733,Q275068,kind_of,wikidata,high,
Q107307366,Q995566,kind_of,wikidata,high,
Q110611183,Q6418247,kind_of,wikidata,high,
Q67994149,Q170486,kind_of,wikidata,high,
Q586770,sauce,in_category,wikidata,high,
Q2104057,spice-mix,in_category,wikidata,high,
Q56342268,tea,in_category,wikidata,high,
Q1351116,meat,in_category,off,high,
Q131749772,Q13233,kind_of,wikidata,high,
Q17053362,Q1621080,kind_of,wikidata,high,
Q60886625,vegetable-oil,in_category,wikidata,high,
Q20136,vegetable,in_category,wikidata,high,
en:rose-apple,fruit,in_category,off,high,
Q1753710,seafood,in_category,wikidata,picked,
Q67863632,Q67731470,kind_of,wikidata,high,
Q68313968,Q67731470,kind_of,wikidata,high,
en:rose-hip,fruit,in_category,off,high,
Q1568287,seed-oil,in_category,wikidata,high,
Q107307367,juice,in_category,wikidata,high,
Q12424061,syrup,in_category,wikidata,high,
Q139975973,syrup,in_category,wikidata,high,
Q110611181,Q41354,kind_of,wikidata,high,
Q131141698,Q10987,kind_of,off,high,
Q97204632,sauce,in_category,wikidata,high,
Q12979,wine,in_category,wikidata,high,
Q104631846,Q8495,kind_of,wikidata,high,
Q31930718,Q636056,kind_of,wikidata,high,
Q1937652,sauce,in_category,wikidata,high,
en:round-green-beans,Q2987371,kind_of,off,high,
Q27632086,Q192628,kind_of,wikidata,high,
Q67593960,Q5090,kind_of,wikidata,high,
Q2349632,Q2223649,kind_of,wikidata,high,
Q3941923,Q29472543,kind_of,wikidata,high,
en:rowal,fruit,in_category,off,high,
en:rowanberry,Q16128920,kind_of,off,high,
Q42417413,chocolate,in_category,wikidata,high,
Q2171841,vegetable,in_category,wikidata,high,
Q139393550,juice,in_category,wikidata,high,
Q107262741,wine,in_category,wikidata,high,
Q1229049,dairy-product,in_category,wikidata,high,
Q109301486,Q2995529,kind_of,wikidata,high,
en:rye-bran,Q109301486,kind_of,off,high,
en:rye-bread-breadcrumbs,breadcrumbs,kind_of,off,high,
Q7384992,Q109301486,kind_of,off,high,
en:rye-flour-type-130,Q10658708,kind_of,off,high,
en:rye-kernels,Q109301486,kind_of,off,high,
en:rye-malt,Q152024,kind_of,off,picked,
en:rye-malt-flour,Q10658708,kind_of,off,high,
en:rye-scalding,Q109301486,kind_of,off,high,
Q107263089,Q904889,kind_of,wikidata,picked,
fi:rypäle-ja-vadelmatäysmehu-tiivisteestä,Q1209756,kind_of,off,high,
Q61473632,Q10658708,kind_of,wikidata,high,
en:sablefish,en:saltwater-fish,kind_of,off,high,
Q4403596,juice,in_category,wikidata,high,
Q7396668,cooking-oil,in_category,wikidata,picked,
Q107262074,meat,in_category,wikidata,high,
Q107246737,meat,in_category,wikidata,high,
Q56297309,meat,in_category,wikidata,high,
Q107246738,meat,in_category,wikidata,high,
Q67883105,Q957434,kind_of,wikidata,high,
Q441113,vegetable-oil,in_category,wikidata,picked,
en:safflower-seed-kernels,seed,in_category,off,high,
Q58294165,Q36465,kind_of,wikidata,high,
Q140454228,Q10987,kind_of,wikidata,high,
en:saithe,en:white-fish,kind_of,off,high,
Q170219,alcohol,in_category,off,high,
Q2204436,Q5090,kind_of,wikidata,high,
Q6128321,sauce,in_category,wikidata,high,
Q1572278,sauce,in_category,wikidata,high,
Q7403387,sauce,in_category,wikidata,high,
Q25040369,vegetable-oil,in_category,wikidata,high,
en:salad-or-cooking-olive-oil,Q93165,kind_of,off,high,
Q188655,Q10426,kind_of,wikidata,high,
Q1245627,Q3088318,kind_of,wikidata,picked,
Q1393428,sauce,in_category,wikidata,high,
Q7405484,meat,in_category,wikidata,high,
Q67994441,Q67731470,kind_of,wikidata,picked,
Q6496411,Q11106,kind_of,wikidata,high,
Q249114,hot-sauce,in_category,wikidata,picked,
Q5204114,sauce,in_category,wikidata,high,
en:salsify,en:taproot-vegetable,kind_of,off,high,
en:salt-from-noirmoutier,Q282694,kind_of,off,high,
en:salt-from-the-alps,salt,kind_of,off,high,
Q7406005,Q191768,kind_of,wikidata,high,
Q1778124,condiment,in_category,wikidata,high,
Q5674770,fish,in_category,wikidata,high,
Q282910,meat,in_category,wikidata,high,
Q68437199,Q184357,kind_of,wikidata,high,
Q3290783,Q181409,kind_of,wikidata,high,
Q110611178,Q67731470,kind_of,wikidata,high,
en:saltwater-fish,fish,in_category,off,high,
Q52148739,Q5726634,kind_of,wikidata,high,
Q1056554,Q5726634,kind_of,wikidata,high,
Q19731840,sambal,in_category,wikidata,high,
Q129309329,condiment,in_category,wikidata,picked,
Q129821898,condiment,in_category,wikidata,picked,
Q129823234,sambal,in_category,wikidata,high,
Q129310683,sambal,in_category,wikidata,high,
Q2258053,condiment,in_category,wikidata,picked,
Q11248972,sauce,in_category,wikidata,high,
Q68491839,Q3143131,kind_of,wikidata,high,
en:sapodilla,fruit,in_category,off,high,
Q115618574,fruit,in_category,wikidata,high,
Q7423795,en:oily-fish,kind_of,off,high,
lv:sarkanie-pipari,pepper,kind_of,off,high,
Q5209110,dairy-product,in_category,wikidata,high,
Q72507047,essential-oil,in_category,wikidata,high,
Q111909135,citrus-fruit,in_category,wikidata,picked,
Q178359,condiment,in_category,wikidata,high,
Q3474133,sauce,in_category,wikidata,high,
Q3474115,sauce,in_category,wikidata,high,
fr:sauce-au-cafe,sauce,in_category,off,high,
Q3474122,sauce,in_category,wikidata,high,
fr:sauce-au-vinaigre-balsamique,sauce,in_category,off,high,
fr:sauce-aux-fruits-rouges,sauce,in_category,off,high,
Q994945,starch,in_category,wikidata,high,
Q447992,sauce,in_category,wikidata,high,
Q16675718,sauce,in_category,wikidata,high,
Q3474112,sauce,in_category,wikidata,high,
Q16675720,sauce,in_category,wikidata,high,
Q1542080,sauce,in_category,wikidata,high,
Q11159,sauce,in_category,wikidata,high,
Q1256161,sauce,in_category,wikidata,high,
Q3474139,sauce,in_category,wikidata,high,
Q15665674,sauce,in_category,wikidata,high,
Q2054216,sauce,in_category,wikidata,high,
fr:sauce-tomate-cuisinee,tomato-sauce,in_category,off,high,
fr:sauce-tomate-cuite,tomato-sauce,in_category,off,high,
Q3474144,sauce,in_category,wikidata,high,
Q3474143,sauce,in_category,wikidata,high,
Q3474145,sauce,in_category,wikidata,high,
Q3474148,sauce,in_category,wikidata,high,
Q3474147,sauce,in_category,wikidata,high,
Q17119238,meat,in_category,off,high,
fr:saucisson-de-porc,meat,in_category,off,high,
Q154166,Q113199286,kind_of,off,high,
Q110611176,vegetable-juice,in_category,wikidata,high,
Q995566,Q13400960,kind_of,wikidata,high,
en:sauternes,wine,in_category,off,high,
Q7429704,dairy-product,in_category,wikidata,high,
en:scallop-with-coral,Q7360490,kind_of,off,high,
Q110014668,seed,in_category,wikidata,picked,
en:scarlet-shrimp,Q1517781,kind_of,off,high,
Q2792383,Q8495,kind_of,wikidata,high,
en:scorpion-fish,en:white-fish,kind_of,off,high,
en:scottish-salmon,Q2796766,kind_of,off,high,
en:scup,en:saltwater-fish,kind_of,off,high,
Q110611292,Q41354,kind_of,wikidata,high,
en:sea-buckthorn,Q16128920,kind_of,off,high,
Q68192318,fruit-juice,in_category,wikidata,picked,
Q124767437,fish,in_category,wikidata,high,
Q18204661,meat,in_category,wikidata,high,
Q7441924,condiment,in_category,wikidata,high,
Q1521075,Q11254,kind_of,wikidata,high,
Q15468663,condiment,in_category,wikidata,picked,
Q135428352,molasses,in_category,wikidata,high,
Q1762933,seed,in_category,wikidata,high,
Q7445643,vegetable-oil,in_category,wikidata,high,
Q105047349,Q16587531,kind_of,wikidata,high,
Q60715326,vegetable-oil,in_category,wikidata,high,
en:seeded-raisin,Q13186,kind_of,off,high,
en:seedless-grape,Q10978,kind_of,off,high,
en:seedless-raisin,Q13186,kind_of,off,high,
Q943935,Q15645384,kind_of,off,high,
Q5493196,Q11254,kind_of,wikidata,picked,
Q138710723,cheese,in_category,wikidata,high,
Q1597325,cheese,in_category,wikidata,high,
en:semi-skimmed-goat-milk,Q1418287,kind_of,off,high,
Q10572454,Q8495,kind_of,wikidata,high,
Q130752173,cheese,in_category,wikidata,high,
Q1367660,cheese,in_category,wikidata,high,
en:semi-whole-rice,Q5090,kind_of,off,high,
en:semi-wholemeal-rice-flour,Q1269205,kind_of,off,high,
en:semi-wholemeal-wheat-flour,Q2249305,kind_of,off,high,
en:semolina-blend,Q381350,kind_of,off,high,
Q3478463,Q381350,kind_of,wikidata,high,
fr:semoule-de-mais-precuite,Q10286140,kind_of,off,high,
Q1334390,green-tea,in_category,wikidata,high,
Q16877103,sauce,in_category,wikidata,high,
Q21087496,Q1621080,kind_of,wikidata,high,
Q5489566,cheese,in_category,wikidata,high,
Q60365,sauce,in_category,wikidata,high,
Q2253971,Q6418247,kind_of,wikidata,picked,
Q7372,fish,in_category,wikidata,high,
Q23905700,fish,in_category,wikidata,picked,
Q7490294,Q36465,kind_of,wikidata,high,
en:shea-oil,vegetable-oil,in_category,off,high,
en:sheep-and-goat-milk,Q1418287,kind_of,off,high,
Q123122627,meat,in_category,wikidata,high,
Q2736146,Q8495,kind_of,wikidata,high,
Q1411808,cheese,in_category,wikidata,high,
Q107246743,Q157484,kind_of,wikidata,high,
Q107246744,meat,in_category,wikidata,high,
Q28455657,Q157484,kind_of,wikidata,high,
en:sheep-s-whey,Q185009,kind_of,off,high,
en:sheepshead,en:saltwater-fish,kind_of,off,high,
en:shelled-peanut,Q3621199,kind_of,off,high,
Q6501235,seafood,in_category,wikidata,high,
sherry,fortified-wine,in_category,prose,authored,
Q2766624,Q41354,kind_of,off,high,
Q1148919,spice-mix,in_category,wikidata,high,
Q24898518,Q177378,kind_of,wikidata,high,
Q11428977,condiment,in_category,wikidata,high,
en:shoot-vegetable,vegetable,in_category,off,high,
Q1186598,Q2051651,kind_of,wikidata,picked,
Q2672195,Q192628,kind_of,wikidata,high,
Q134298851,Q81,kind_of,wikidata,high,
Q7504001,seafood,in_category,wikidata,high,
Q1127705,Q1517781,kind_of,off,high,
en:shrimp-powder,Q1517781,kind_of,off,high,
Q117066118,Q1517781,kind_of,wikidata,high,
Q11269157,Q235169,kind_of,wikidata,high,
Q28837710,soy-sauce,in_category,wikidata,high,
en:sifted-rye-flour,Q10658708,kind_of,off,high,
Q102331909,Q2296872,kind_of,wikidata,high,
Q7515082,chili-pepper,in_category,wikidata,high,
Q124767529,fish,in_category,wikidata,high,
Q13557581,Q5620025,kind_of,wikidata,high,
Q6501598,Q2051651,kind_of,wikidata,high,
fr:sirop-de-glucose-caramelise,glucose-syrup,in_category,off,high,
Q101209906,chili-pepper,in_category,wikidata,high,
Q10669607,condiment,in_category,wikidata,high,
Q978363,condiment,in_category,wikidata,high,
Q138710725,cheese,in_category,wikidata,high,
en:skim-milk-plain-yogurt,Q13317,kind_of,off,high,
en:skimmed-cocoa-powder,Q1062396,kind_of,off,high,
en:skimmed-goat-milk,Q1418287,kind_of,off,high,
Q2352187,Q8495,kind_of,wikidata,high,
en:skimmed-milk-soft-cheese,soft-cheese,in_category,off,high,
en:skimmed-yogurt,Q13317,kind_of,off,high,
Q131361387,Q157484,kind_of,wikidata,high,
en:skipjack-tuna,Q17504707,kind_of,off,high,
en:skipjack-tuna-fillet,en:skipjack-tuna,kind_of,off,high,
Q1753265,sauce,in_category,wikidata,high,
Q118263931,Q27862521,kind_of,wikidata,high,
Q2113863,vegetable-oil,in_category,wikidata,high,
Q82550420,cheese,in_category,wikidata,high,
Q12059685,fruit,in_category,wikidata,high,
Q20806112,cereal,in_category,wikidata,high,
Q104230857,fruit,in_category,wikidata,high,
Q326061,Q840171,kind_of,wikidata,high,
Q67454425,Q1682434,kind_of,wikidata,picked,
Q2632885,cheese,in_category,wikidata,high,
Q68495119,Q1682434,kind_of,wikidata,high,
en:smoked-cured-ham,Q5309466,kind_of,off,high,
Q68190482,Q1682434,kind_of,wikidata,high,
Q67187258,Q1682434,kind_of,wikidata,picked,
en:smoked-ham-with-natural-juices,Q170486,kind_of,off,high,
Q1682434,meat,in_category,wikidata,high,
Q1666836,Q11254,kind_of,wikidata,picked,
Q98081617,meat,in_category,off,high,
Q17119263,Q1682434,kind_of,wikidata,high,
Q68495232,Q1682434,kind_of,wikidata,high,
Q65548172,Q1682434,kind_of,wikidata,high,
Q130396916,syrup,in_category,wikidata,high,
en:snapper,fish,in_category,off,high,
Q110611175,Q18087876,kind_of,wikidata,high,
Q110611174,Q157484,kind_of,wikidata,high,
Q131361432,Q157484,kind_of,wikidata,high,
Q123055099,meat,in_category,wikidata,high,
Q67210631,vegetable,in_category,wikidata,picked,
en:soaked-chickpeas,chickpea,in_category,off,high,
Q753910,noodle,in_category,off,high,
sobrassada,Q131419,kind_of,prose,authored,
Q44064,Q2796766,kind_of,off,high,
en:sodium-iodide,salt,kind_of,off,high,
Q1147677,sauce,in_category,wikidata,high,
Q16637316,cheese,in_category,wikidata,high,
Q113773097,dairy-product,in_category,wikidata,high,
en:soft-red-winter-wheat,Q15645384,kind_of,off,high,
en:soft-tofu,Q177378,kind_of,off,high,
en:soft-wheat,Q15645384,kind_of,off,high,
en:soft-white-wheat,Q15645384,kind_of,off,high,
Q104478823,Q37937,kind_of,wikidata,high,
Q11688697,en:white-fish,kind_of,off,high,
Q3880492,Q21546392,kind_of,wikidata,high,
Q17088676,Q13233,kind_of,wikidata,high,
Q105549747,Q2995529,kind_of,wikidata,high,
Q127415674,syrup,in_category,wikidata,high,
en:sorrel,leaf-vegetable,in_category,off,high,
Q65323667,sauce,in_category,wikidata,high,
Q11625228,Q235169,kind_of,wikidata,high,
Q4216325,soy-sauce,in_category,wikidata,high,
Q2368164,vegetable,in_category,wikidata,picked,
Q107246747,Q275068,kind_of,wikidata,high,
Q15823640,fruit-juice,in_category,wikidata,high,
Q110611173,sauce,in_category,wikidata,high,
Q124984563,Q2735883,kind_of,wikidata,high,
Q253333,dairy,in_category,off,high,
Q192147,fruit,in_category,wikidata,high,
fr:sous-produit-du-boeuf,Q192628,kind_of,off,high,
Q104817956,fruit,in_category,wikidata,high,
Q107262744,wine,in_category,wikidata,high,
en:soy-and-sesame-sauce,soy-sauce,in_category,off,high,
Q61503220,bean,in_category,wikidata,high,
Q57656115,Q36465,kind_of,wikidata,high,
Q192199,plant-milk,in_category,wikidata,high,
en:soya-lecithin,vegetable,in_category,off,high,
Q926892,cooking-oil,in_category,wikidata,picked,
en:spanish-peanut,Q3621199,kind_of,off,high,
Q1967823,Q191768,kind_of,wikidata,high,
Q321263,wine,in_category,wikidata,high,
fr:miel-de-sapin,Q10987,kind_of,off,high,
en:special-bread,bread,in_category,off,high,
Q109914555,condiment,in_category,wikidata,picked,
en:speckled-scallop,Q7360490,kind_of,off,high,
nl:speculaaskruiden,spice,in_category,off,high,
Q2136065,vegetable,in_category,wikidata,high,
Q117239275,plant-milk,in_category,wikidata,high,
en:spelt-sourdough,Q904889,kind_of,off,picked,
nl:speltstroop,syrup,in_category,off,high,
Q107246750,Q275068,kind_of,wikidata,high,
en:spice-extract,spice,in_category,off,high,
Q18410182,condiment,in_category,wikidata,high,
en:spices-and-spices-extracts,spice,in_category,off,high,
Q103771696,essential-oil,in_category,wikidata,high,
en:spinach-powder,Q36814998,kind_of,off,high,
en:spinach-puree,Q36814998,kind_of,off,high,
fr:epinards-deshydrates,Q36814998,kind_of,off,high,
Q110611171,Q67731470,kind_of,wikidata,high,
en:spirit-apple-vinegar,Q41354,kind_of,off,high,
Q65152963,Q157484,kind_of,wikidata,high,
Q55404049,bean,in_category,wikidata,high,
Q104104333,condiment,in_category,wikidata,high,
en:spot,en:saltwater-fish,kind_of,off,high,
Q77046446,Q61665121,kind_of,wikidata,high,
en:spring-honey,Q10987,kind_of,off,high,
en:spring-water,water,kind_of,off,high,
Q17991981,Q15645384,kind_of,wikidata,high,
en:sprouted-barley,Q61665121,kind_of,off,high,
en:sprouted-lentils,lentils,in_category,off,high,
en:sprouted-millet,Q259438,kind_of,off,high,
en:sprouted-wheat,Q15645384,kind_of,off,high,
Q1057052,vegetable,in_category,wikidata,high,
Q104173677,condiment,in_category,wikidata,high,
Q1190923,vegetable,in_category,off,high,
en:squeezed-apple-juice,Q618355,kind_of,off,high,
Q550774,seafood,in_category,wikidata,high,
en:squid-ink,Q550774,kind_of,off,high,
Q65547428,sauce,in_category,wikidata,high,
Q908304,condiment,in_category,wikidata,high,
en:stalk-vegetable,vegetable,in_category,off,high,
Q2330683,seed-oil,in_category,wikidata,high,
Q749499,Q6418247,kind_of,wikidata,picked,
en:starch-syrup,syrup,in_category,off,high,
Q96603248,Q16587531,kind_of,wikidata,high,
Q141065871,root-vegetable,in_category,wikidata,high,
Q3497742,meat,in_category,wikidata,high,
Q7605251,sauce,in_category,wikidata,high,
Q749593,Q13400960,kind_of,wikidata,high,
Q7605615,Q1436715,kind_of,wikidata,high,
Q107563279,vegetable,in_category,wikidata,high,
Q130752212,Q8495,kind_of,wikidata,high,
en:sterilized-cream,Q13228,kind_of,off,high,
en:stewed-pork,Q191768,kind_of,off,high,
Q85803497,Q20638126,kind_of,wikidata,high,
Q56232363,Q177378,kind_of,wikidata,high,
Q125552121,Q10987,kind_of,wikidata,high,
Q110611133,Q275068,kind_of,wikidata,high,
Q305329,Q636056,kind_of,wikidata,high,
Q131361289,Q157484,kind_of,wikidata,high,
Q3757650,seed,in_category,wikidata,high,
Q149865,fruit,in_category,wikidata,high,
Q11585379,Q14458220,kind_of,wikidata,high,
Q125799818,starch,in_category,wikidata,high,
en:straw-mushroom,mushroom,in_category,off,high,
en:strawberry-guavas,fruit,in_category,off,high,
Q1348968,jam,in_category,off,high,
Q1068602,Q14458220,kind_of,off,high,
en:strawberry-powder,Q14458220,kind_of,off,high,
en:strawberry-puree,Q14458220,kind_of,off,picked,
Q55814360,seed-oil,in_category,wikidata,high,
Q26359769,fruit-syrup,in_category,wikidata,high,
Q26883538,Q11106,kind_of,wikidata,high,
en:strong-mustard,mustard,in_category,off,high,
Q68188774,Q1621080,kind_of,wikidata,high,
Q3897491,pasta,in_category,off,high,
Q124756294,fish,in_category,wikidata,high,
fr:pepites-de-chocolat-au-lait,milk-chocolate,in_category,off,picked,
Q3269753,pickle,in_category,wikidata,high,
Q107246760,Q275068,kind_of,wikidata,high,
Q107246807,Q191768,kind_of,wikidata,high,
Q107246810,Q157484,kind_of,wikidata,high,
fr:sucre-mi-blanc-de-canne,Q18012503,kind_of,off,high,
fr:sucres-extraits-de-fruits,sugar,kind_of,off,high,
sucuk,Q131419,kind_of,prose,authored,
Q115166341,syrup,in_category,wikidata,high,
en:sugar-coating,sugar,kind_of,off,high,
Q1042920,sugar,kind_of,off,high,
en:sugar-free-chocolate,chocolate,in_category,off,high,
Q121599918,sweetener,in_category,wikidata,high,
Q1377087,condiment,in_category,wikidata,picked,
Q6648683,fruit,in_category,wikidata,high,
Q11891415,molasses,in_category,wikidata,picked,
Q718680,juice,in_category,wikidata,high,
en:sugared,sugar,kind_of,off,high,
en:sugared-egg-yolk,Q181409,kind_of,off,high,
Q12337652,sauce,in_category,wikidata,high,
Q60823349,tomato-sauce,in_category,wikidata,picked,
Q1898118,en:white-seedless-grape,kind_of,off,picked,
Q9323477,cereal,in_category,wikidata,high,
Q10818030,Q131419,kind_of,wikidata,high,
en:summer-savory,herb,in_category,off,high,
Q56236136,Q177378,kind_of,wikidata,high,
Q130526517,Q10987,kind_of,off,high,
en:sunflower-seed-flour,Q36465,kind_of,off,high,
Q25642330,Q13317,kind_of,wikidata,high,
Q116037859,Q10286140,kind_of,wikidata,high,
en:superior-quality-camargue-long-grain-rice,Q67594028,kind_of,off,high,
en:superior-quality-long-grain-rice,Q67594028,kind_of,off,high,
Q936620,sauce,in_category,wikidata,high,
Q815740,fish,in_category,off,high,
Q118819317,Q12372598,kind_of,wikidata,high,
Q1066347,seafood,in_category,wikidata,high,
Q7650627,meat,in_category,wikidata,high,
Q94527984,cheese,in_category,wikidata,high,
Q124789876,fish,in_category,wikidata,high,
Q124726482,Q18087876,kind_of,wikidata,high,
en:sweet-valencia-orange,fruit,in_category,off,high,
en:sweet-almond,tree-nut,in_category,off,high,
Q2550606,sauce,in_category,wikidata,high,
Q29340,Q145909,kind_of,off,high,
Q65554357,spice-mix,in_category,wikidata,high,
Q26882140,Q34172,kind_of,off,high,
Q3241046,fruit,in_category,wikidata,high,
Q67451658,Q3127593,kind_of,wikidata,high,
Q57998504,Q5726634,kind_of,wikidata,high,
en:sweet-potato-leaves,leaf-vegetable,in_category,off,high,
en:sweet-potato-starch,starch,in_category,off,high,
Q22078317,Q185009,kind_of,wikidata,high,
Q20062157,wine,in_category,wikidata,high,
en:sweet-woodruff,herb,in_category,off,high,
Q49951,Q157484,kind_of,wikidata,picked,
Q68448978,Q1062396,kind_of,wikidata,high,
en:sweetened-plain-yogurt,Q13317,kind_of,off,high,
Q3400794,condiment,in_category,wikidata,high,
Q110611102,Q275068,kind_of,wikidata,high,
en:swordfish,en:saltwater-fish,kind_of,off,picked,
en:swordtip-squid,Q550774,kind_of,off,high,
Q6584340,condiment,in_category,wikidata,high,
Q9352835,Q11254,kind_of,wikidata,high,
Q3512759,spice-mix,in_category,wikidata,high,
Q3395974,Q130752177,kind_of,wikidata,picked,
Q139941267,Q130752177,kind_of,wikidata,high,
en:table-potatoes,Q16587531,kind_of,off,high,
Q117467386,condiment,in_category,wikidata,picked,
en:tagliatelle,pasta,in_category,off,high,
Q12711188,Q177378,kind_of,wikidata,high,
Q20220355,sauce,in_category,wikidata,high,
Q131361409,Q157484,kind_of,wikidata,high,
Q7680708,vegetable-oil,in_category,wikidata,high,
Q3514675,soy-sauce,in_category,wikidata,high,
en:tamarillo,fruit,in_category,off,high,
Q9008812,seed-oil,in_category,wikidata,high,
en:tangle,en:kelp,kind_of,off,high,
Q129031,Q5726634,kind_of,wikidata,high,
Q57655678,Q36465,kind_of,wikidata,high,
en:tapioca-syrup,syrup,in_category,off,high,
en:taproot-vegetable,vegetable,in_category,off,high,
Q17254943,sauce,in_category,wikidata,high,
Q4387502,sauce,in_category,wikidata,high,
Q1771944,root-vegetable,in_category,wikidata,high,
en:taro-leaves,leaf-vegetable,in_category,off,high,
en:taro-shoots,en:shoot-vegetable,kind_of,off,high,
en:taro-tuber,root-vegetable,in_category,off,high,
Q103554747,spice,in_category,wikidata,picked,
en:tarragon-vinegar,Q41354,kind_of,off,high,
Q348947,sauce,in_category,wikidata,high,
fr:farine-de-ble-type-65,Q2249305,kind_of,off,high,
Q71298639,Q1753272,kind_of,wikidata,high,
Q22127654,spice,in_category,wikidata,high,
en:tea-extract,tea,in_category,off,high,
en:tea-from-ceylon,tea,in_category,off,high,
en:tea-leaf,tea,in_category,off,high,
en:teaseed-oil,vegetable-oil,in_category,off,high,
en:teff,cereal,in_category,off,high,
en:teff-seed,en:teff,kind_of,off,high,
fr:teff-souffle,en:teff,kind_of,off,high,
Q7695361,condiment,in_category,wikidata,high,
en:tempranillo-grape,Q10978,kind_of,off,high,
Q110611170,fish,in_category,wikidata,high,
Q110611169,Q67731470,kind_of,wikidata,high,
Q68445492,fish,in_category,wikidata,high,
Q11587820,green-tea,in_category,wikidata,high,
en:tender-garlic,Q21546392,kind_of,off,high,
Q7699650,Q6418247,kind_of,wikidata,picked,
en:tequila,alcohol,in_category,off,high,
Q26883531,sauce,in_category,wikidata,high,
Q1516873,Q157484,kind_of,wikidata,high,
Q1670403,starch,in_category,wikidata,high,
Q135258665,chutney,in_category,wikidata,high,
en:thread-fin-bream,en:white-fish,kind_of,off,high,
en:threadfin-bream,fish,in_category,off,high,
en:thyme-oil,essential-oil,in_category,off,high,
fr:the-noir-darjeeling,black-tea,in_category,off,high,
fr:the-vert-au-jasmin,green-tea,in_category,off,high,
Q1040612,sauce,in_category,wikidata,high,
en:tilefish,en:saltwater-fish,kind_of,off,high,
en:toasted-hazelnuts,Q578307,kind_of,off,high,
Q11633167,Q177378,kind_of,wikidata,high,
Q11633166,Q177378,kind_of,wikidata,high,
Q5360014,Q177378,kind_of,wikidata,high,
Q30899794,Q17315191,kind_of,wikidata,high,
Q7818540,tomato-sauce,in_category,wikidata,picked,
fr:tomates-semi-sechees,Q20638126,kind_of,off,high,
en:tomato-cubes,Q20638126,kind_of,off,high,
Q25041585,fruit-jam,in_category,wikidata,high,
Q787325,Q20638126,kind_of,off,high,
en:tomato-powder,Q20638126,kind_of,off,high,
Q7818568,seed-oil,in_category,wikidata,high,
en:tomatoes-in-tomato-juice,Q20638126,kind_of,off,high,
en:tomatoseed-oil,vegetable-oil,in_category,off,high,
Q19360984,Q2223649,kind_of,wikidata,high,
Q2164539,cheese,in_category,off,high,
Q19403756,Q2223649,kind_of,wikidata,high,
Q11952105,Q20638126,kind_of,wikidata,high,
Q22131297,Q29526,kind_of,wikidata,high,
Q27688451,bean,in_category,wikidata,picked,
Q7821525,seed-oil,in_category,wikidata,high,
Q55636014,sauce,in_category,wikidata,high,
Q7824729,Q2051651,kind_of,wikidata,picked,
Q5110916,meat,in_category,wikidata,high,
Q12012266,pickle,in_category,wikidata,high,
Q24871244,fish,in_category,wikidata,high,
Q1095315,sauce,in_category,wikidata,high,
Q11381421,vegetable,in_category,wikidata,high,
Q10972293,syrup,in_category,wikidata,high,
Q18609180,seed,in_category,wikidata,picked,
en:trehalose,sugar,kind_of,off,high,
Q470873,Q157484,kind_of,wikidata,high,
Q3539512,cheese,in_category,wikidata,high,
en:triticale,cereal,in_category,off,high,
Q844144,fruit,in_category,wikidata,high,
Q90000103,fruit-jam,in_category,wikidata,high,
Q2258881,en:oily-fish,kind_of,off,high,
Q2690965,Q654236,kind_of,wikidata,high,
Q652307,vegetable-oil,in_category,wikidata,high,
Q7847623,Q11254,kind_of,wikidata,high,
Q107262077,spice-mix,in_category,wikidata,high,
Q7480691,pickle,in_category,wikidata,high,
en:tulsi,herb,in_category,off,high,
Q3183584,cheese,in_category,wikidata,high,
Q17504707,en:saltwater-fish,kind_of,off,high,
en:tuna-egg,egg,kind_of,off,high,
Q67731221,Q67731470,kind_of,wikidata,picked,
en:tuna-steak,Q17504707,kind_of,off,high,
Q2094522,vegetable-oil,in_category,wikidata,picked,
fr:jaune-d-oeuf-frais,Q181409,kind_of,off,high,
Q132686132,Q18012503,kind_of,wikidata,high,
Q217329,en:white-fish,kind_of,off,high,
Q68469635,Q67731470,kind_of,wikidata,high,
Q17116116,Q4200953,kind_of,wikidata,high,
Q68271752,Q4200953,kind_of,wikidata,high,
Q68272315,Q4200953,kind_of,wikidata,picked,
Q133465313,Q93189,kind_of,wikidata,picked,
Q67779733,Q4200953,kind_of,wikidata,high,
Q67779578,Q4200953,kind_of,wikidata,high,
Q68272162,Q4200953,kind_of,wikidata,picked,
Q4200953,Q18087876,kind_of,wikidata,high,
Q27650430,vegetable,in_category,wikidata,high,
en:turkey-thigh,Q4200953,kind_of,off,high,
en:turkey-thigh-meat,Q4200953,kind_of,off,high,
Q3916957,en:taproot-vegetable,kind_of,off,high,
en:turnip-green,root-vegetable,in_category,off,high,
Q103813191,leaf-vegetable,in_category,wikidata,high,
Q134304254,vegetable-oil,in_category,wikidata,picked,
en:turnip-rape,root-vegetable,in_category,off,high,
Q201382,essential-oil,in_category,wikidata,high,
Q137845645,Q93189,kind_of,wikidata,high,
Q2235574,sauce,in_category,wikidata,high,
Q116007203,fresh-cheese,in_category,wikidata,high,
Q124390861,Q81,kind_of,wikidata,high,
Q836538,sauce,in_category,wikidata,high,
Q23807183,root-vegetable,in_category,wikidata,high,
en:ucuhuba-butter-oil,vegetable-oil,in_category,off,high,
Q131361306,Q157484,kind_of,wikidata,high,
Q110611114,Q275068,kind_of,wikidata,high,
Q471861,noodle,in_category,off,high,
Q7880533,Q8495,kind_of,wikidata,high,
Q16681672,condiment,in_category,wikidata,high,
Q110887865,Q796185,kind_of,wikidata,high,
en:uncooked-teff,en:teff,kind_of,off,high,
en:undulate-venus,Q1192868,kind_of,off,high,
en:unprepared-canadian-bacon,Q11106,kind_of,off,high,
en:unrefined-olive-oil,Q93165,kind_of,off,high,
en:unrefined-salt,salt,kind_of,off,high,
Q57656235,Q282694,kind_of,wikidata,high,
Q135428364,molasses,in_category,wikidata,high,
en:unsweetened-frozen-strawberry,Q14458220,kind_of,off,high,
Q105549190,Q8495,kind_of,wikidata,high,
Q3270297,vegetable,in_category,wikidata,high,
Q104776985,fruit,in_category,wikidata,high,
Q3434007,Q5090,kind_of,wikidata,high,
Q140235116,Q5726634,kind_of,wikidata,high,
Q3314986,spice-mix,in_category,wikidata,high,
en:valencia-peanut,Q3621199,kind_of,off,high,
Q12071938,Q13233,kind_of,wikidata,high,
en:vanilla-pod,Q13241,kind_of,off,high,
en:vanilla-powder,Q13241,kind_of,off,high,
en:vanilla-preparation,Q13241,kind_of,off,high,
en:vanilla-seeds,Q13241,kind_of,off,high,
Q3492989,sugar,kind_of,off,high,
Q3708082,dairy-product,in_category,wikidata,high,
Q920658,fruit-preserves,in_category,wikidata,high,
Q15262260,wine,in_category,wikidata,high,
Q107261755,Q957434,kind_of,wikidata,high,
Q67881839,Q957434,kind_of,wikidata,high,
Q67881621,Q957434,kind_of,wikidata,high,
Q107261756,Q957434,kind_of,wikidata,high,
en:veal-fond,Q957434,kind_of,off,high,
Q67882866,Q957434,kind_of,wikidata,high,
Q110611168,Q6418247,kind_of,wikidata,high,
Q67881656,Q957434,kind_of,wikidata,high,
Q107261757,Q995566,kind_of,wikidata,picked,
Q67882726,Q957434,kind_of,wikidata,high,
Q67882634,Q957434,kind_of,wikidata,high,
Q107307373,meat,in_category,wikidata,high,
Q67883586,Q157484,kind_of,wikidata,picked,
en:vegetable-concentrate,vegetable,in_category,off,high,
Q89999451,jam,in_category,wikidata,high,
Q1501257,vegetable,in_category,off,picked,
en:vegetable-oil-blend,vegetable-oil,in_category,off,high,
Q1277761,vegetable-oil,in_category,wikidata,high,
Q20963908,vegetable-oil,in_category,wikidata,high,
en:vegetable-oyster,root-vegetable,in_category,off,high,
Q24054596,vegetable,in_category,wikidata,picked,
en:vegetables-in-variable-proportion,vegetable,in_category,off,high,
Q41713559,cheese,in_category,wikidata,high,
nl:veldbonen,Q145909,kind_of,off,high,
Q68282566,seafood,in_category,wikidata,picked,
Q2296872,Q19862498,kind_of,wikidata,high,
Q67777170,Q2296872,kind_of,wikidata,high,
Q67777704,Q2296872,kind_of,wikidata,high,
Q4009754,meat,in_category,wikidata,high,
fr:ventreches-de-thon,Q17504707,kind_of,off,high,
Q108241611,Q1621080,kind_of,wikidata,high,
en:verbena,herb,in_category,off,high,
Q21099419,Q1621080,kind_of,wikidata,high,
Q4009908,Q1093742,kind_of,wikidata,high,
Q17300670,Q1621080,kind_of,wikidata,high,
Q1060458,condiment,in_category,wikidata,picked,
Q231088,alcohol,in_category,off,high,
en:very-fine-green-beans,Q2987371,kind_of,off,high,
fr:tissu-conjonctif-de-porc,Q191768,kind_of,off,high,
fr:viande-bovine-hachee,Q192628,kind_of,off,high,
fr:viande-de-boeuf-en-poudre,Q192628,kind_of,off,high,
fr:viande-de-boeuf-mise-en-oeuvre,Q192628,kind_of,off,high,
fr:viande-de-cuisse-de-poulet,Q864693,kind_of,off,high,
fr:viande-de-dinde-halal,Q4200953,kind_of,off,high,
fr:viande-de-dinde-traitee-en-salaison,Q4200953,kind_of,off,high,
fr:viande-de-poitrine-de-poulet,Q864693,kind_of,off,high,
fr:viande-de-poulet-rotie,Q864693,kind_of,off,high,
fr:viande-de-poulet-traitee-en-salaison-cuite,Q864693,kind_of,off,high,
fr:viande-de-volaille-traitee-en-salaison,Q18087876,kind_of,off,high,
fr:viande-et-gras-de-porc,Q191768,kind_of,off,high,
fr:viande-bovine-de-race-charolaise,Q192628,kind_of,off,high,
fr:vin-blanc-modifie,white-wine,in_category,off,high,
fr:vin-blanc-reduit,white-wine,in_category,off,high,
Q6163118,Q41354,kind_of,wikidata,high,
Q6163120,Q41354,kind_of,wikidata,high,
Q7931347,sauce,in_category,wikidata,high,
Q847441,sauce,in_category,wikidata,high,
en:vine-spinach,leaf-vegetable,in_category,off,high,
Q68470296,Q20638126,kind_of,wikidata,high,
Q110611167,Q275068,kind_of,wikidata,high,
en:vinegar-cucumbers,Q2735883,kind_of,off,high,
Q12600021,pickle,in_category,wikidata,high,
Q110611166,Q275068,kind_of,wikidata,high,
Q110611165,Q275068,kind_of,wikidata,high,
en:vintage-cheddar,Q217525,kind_of,off,high,
en:violet-carrot,Q81,kind_of,off,high,
Q110611164,juice,in_category,wikidata,high,
Q57656262,Q93165,kind_of,wikidata,high,
en:virginia-peanut,Q3621199,kind_of,off,high,
Q18471219,Q957434,kind_of,wikidata,high,
Q118827797,Q192628,kind_of,wikidata,high,
Q2308476,Q13317,kind_of,wikidata,high,
Q7939018,cheese,in_category,wikidata,high,
Q2611224,meat,in_category,wikidata,high,
Q7939321,sauce,in_category,wikidata,high,
nl:volle-kwark,Q259642,kind_of,off,high,
Q864682,Q796185,kind_of,wikidata,picked,
Q1434098,vegetable-oil,in_category,off,picked,
Q68494107,Q41354,kind_of,wikidata,high,
Q104787073,meat,in_category,wikidata,high,
Q102317893,Q2296872,kind_of,wikidata,high,
Q68437707,Q5726634,kind_of,wikidata,high,
Q3774485,cheese,in_category,wikidata,high,
Q2328259,vegetable-oil,in_category,wikidata,high,
Q107246817,Q275068,kind_of,wikidata,high,
Q7224064,Q8495,kind_of,wikidata,high,
Q126949232,nut,in_category,wikidata,high,
en:water-like-ice-wrap,water,kind_of,off,high,
en:water-spinach,leaf-vegetable,in_category,off,high,
Q107304916,Q275068,kind_of,wikidata,high,
Q104223904,leaf-vegetable,in_category,wikidata,high,
Q38645,Q5881191,kind_of,wikidata,high,
Q2062632,seed,in_category,wikidata,high,
en:watermelon-seed-kernels,seed,in_category,off,high,
Q3819066,seed-oil,in_category,wikidata,high,
Q68189268,Q2987371,kind_of,off,high,
Q96603169,Q16587531,kind_of,wikidata,high,
Q140196007,Q157484,kind_of,wikidata,high,
en:weever,fish,in_category,off,high,
Q5653150,meat,in_category,wikidata,high,
Q15645384,Q1436715,kind_of,wikidata,high,
Q10714691,Q15645384,kind_of,off,high,
en:wheat-breadcrumbs,breadcrumbs,kind_of,off,high,
Q57655538,Q15645384,kind_of,off,high,
en:wheat-flour-t-1050,Q2249305,kind_of,off,high,
en:wheat-flour-preparation,Q2249305,kind_of,off,high,
en:wheat-flour-type-0,Q2249305,kind_of,off,high,
en:wheat-flour-type-1,Q2249305,kind_of,off,high,
en:wheat-flour-type-2,Q2249305,kind_of,off,high,
en:wheat-flour-type-500,Q2249305,kind_of,off,high,
en:wheat-flour-type-550,Q2249305,kind_of,off,high,
en:wheat-flour-type-850-semi-white,Q2249305,kind_of,off,high,
Q41103403,Q15645384,kind_of,off,high,
Q720761,vegetable-oil,in_category,off,picked,
en:wheat-glucose-syrup,Q15645384,kind_of,off,high,
en:wheat-glucose-fructose-syrup,Q15645384,kind_of,off,high,
Q68362677,Q2995529,kind_of,wikidata,high,
en:wheat-grit,Q15645384,kind_of,off,high,
en:wheat-groats,Q15645384,kind_of,off,high,
en:wheat-malt,Q15645384,kind_of,off,picked,
en:wheat-sourdough,Q904889,kind_of,off,picked,
Q18235005,Q15645384,kind_of,off,high,
Q25554286,syrup,in_category,wikidata,high,
Q185009,dairy-product,in_category,wikidata,picked,
Q1943539,cheese,in_category,wikidata,high,
en:whey-permeate,Q185009,kind_of,off,high,
en:whey-product,Q185009,kind_of,off,high,
Q625957,Q13228,kind_of,wikidata,high,
en:whiskey,alcohol,in_category,off,high,
en:whisky,alcohol,in_category,off,high,
Q17064677,sauce,in_category,wikidata,high,
Q2190532,sauce,in_category,wikidata,high,
Q113199286,Q14328596,kind_of,wikidata,high,
en:white-cane-sugar,Q18012503,kind_of,off,high,
en:white-cheddar,Q217525,kind_of,off,high,
Q123160832,cheese,in_category,wikidata,high,
en:white-chicken-meat,Q864693,kind_of,off,high,
en:white-chocolate-powder,chocolate,in_category,off,high,
en:white-dashi,Q275068,kind_of,off,high,
en:white-fish,fish,in_category,off,high,
en:white-fish-fillets,en:white-fish,kind_of,off,high,
en:white-fish-meat,en:white-fish,kind_of,off,high,
Q128305959,Q1209756,kind_of,wikidata,high,
Q3315904,meat,in_category,wikidata,high,
Q1256296,soft-cheese,in_category,wikidata,high,
Q138867136,Q13202263,kind_of,wikidata,high,
Q68365729,root-vegetable,in_category,wikidata,high,
Q10861275,sauce,in_category,wikidata,high,
en:white-scallop,Q7360490,kind_of,off,high,
Q238306,tea,in_category,wikidata,high,
en:white-walnut,nut,in_category,off,high,
en:white-wine-extract,white-wine,in_category,off,high,
en:white-wine-from-france,white-wine,in_category,off,high,
en:white-wine-from-cava,white-wine,in_category,off,high,
en:white-flowered-gourd,vegetable,in_category,off,high,
Q7995732,fish,in_category,wikidata,high,
Q2837127,fruit,in_category,wikidata,high,
en:whitecurrant,Q16128920,kind_of,off,high,
en:whiteleg-shrimp,Q1517781,kind_of,off,high,
en:whiting,en:white-fish,kind_of,off,high,
en:whole-almonds,Q184357,kind_of,off,high,
en:whole-chicken,Q864693,kind_of,off,high,
Q112109007,Q10988133,kind_of,wikidata,high,
en:whole-cream,Q13228,kind_of,off,high,
en:whole-durum-wheat-semolina-pasta,pasta,in_category,off,high,
Q115618816,Q93189,kind_of,wikidata,picked,
en:whole-fresh-eggs,Q115618816,kind_of,off,high,
en:whole-goat-milk,Q1418287,kind_of,off,high,
Q1938952,Q2995529,kind_of,wikidata,high,
en:whole-grain-amaranth-flour,Q27862521,kind_of,off,high,
en:whole-grain-buckwheat-flour,Q27862521,kind_of,off,high,
en:whole-grain-corn-flour,Q27862521,kind_of,off,high,
en:whole-grain-durum-wheat,Q102330562,kind_of,off,high,
en:whole-grain-einkorn-flour,Q27862521,kind_of,off,high,
en:whole-grain-flour-blend,Q36465,kind_of,off,high,
en:whole-grain-ivory-teff-flour,Q27862521,kind_of,off,picked,
en:whole-grain-khorasan-flour,Q27862521,kind_of,off,high,
en:whole-grain-millet-flour,Q27862521,kind_of,off,high,
en:whole-grain-quinoa-flour,Q27862521,kind_of,off,high,
en:whole-grain-teff-flour,Q27862521,kind_of,off,picked,
en:whole-grain-teff-seed,en:teff,kind_of,off,high,
en:whole-grain-triticale-flour,Q27862521,kind_of,off,high,
Q96097894,Q15645384,kind_of,wikidata,high,
en:whole-green-pea-flour,Q36465,kind_of,off,high,
en:whole-liquid-pasteurised-egg,Q115618816,kind_of,off,high,
en:whole-milk-chocolate,milk-chocolate,in_category,off,high,
en:whole-milk-yogurt,Q13317,kind_of,off,high,
Q57657397,Q115618816,kind_of,off,high,
en:whole-sorghum-flour,Q27862521,kind_of,off,high,
en:whole-wheat,Q15645384,kind_of,off,high,
en:wholegrain-maize-semolina,Q10286140,kind_of,off,high,
en:wholemeal-barley,Q61665121,kind_of,off,high,
en:wholemeal-barley-flour,Q27862521,kind_of,off,high,
en:wholemeal-breadcrumbs,breadcrumbs,kind_of,off,high,
en:wholemeal-cereal-flakes,cereal-flakes,in_category,off,high,
en:wholemeal-oat-flour,Q27862521,kind_of,off,high,
en:wholemeal-rye,Q109301486,kind_of,off,high,
Q57271732,Q27862521,kind_of,wikidata,picked,
en:wholemeal-spelt-flour,Q27862521,kind_of,off,high,
Q11571934,Q19862498,kind_of,wikidata,high,
Q123663529,Q81,kind_of,wikidata,high,
Q107246818,Q275068,kind_of,wikidata,high,
wild-garlic,Q21546392,kind_of,off,high,
en:wild-rice,cereal,in_category,off,high,
en:wild-salmon,Q2796766,kind_of,off,high,
Q282,alcohol,in_category,off,high,
Q139941266,fruit,in_category,wikidata,high,
Q18395112,sauce,in_category,wikidata,high,
Q11795630,Q41354,kind_of,wikidata,high,
en:winged-beans,vegetable,in_category,off,high,
Q77046413,Q61665121,kind_of,wikidata,high,
Q2365323,cereal,in_category,wikidata,high,
Q107262078,fruit,in_category,wikidata,high,
Q141155407,Q2995529,kind_of,wikidata,high,
Q2585022,vegetable,in_category,wikidata,high,
Q6977574,Q15645384,kind_of,wikidata,high,
nl:winterpeen,Q81,kind_of,off,high,
en:wood-ear,mushroom,in_category,off,high,
Q3570585,sauce,in_category,wikidata,high,
Q123924322,spice-mix,in_category,wikidata,high,
Q15896214,cooking-oil,in_category,wikidata,high,
Q200430,Q34172,kind_of,wikidata,high,
Q1712540,meat,in_category,wikidata,high,
Q1912004,Q8495,kind_of,wikidata,high,
Q3088300,cheese,in_category,wikidata,high,
Q11567626,Q177378,kind_of,wikidata,high,
en:yambean,root-vegetable,in_category,off,high,
fr:yaourt-brasse-sucre,Q13317,kind_of,off,high,
en:yardlong-beans,Q145909,kind_of,off,high,
en:yautia,root-vegetable,in_category,off,high,
en:yellow-carrot,Q81,kind_of,off,high,
Q16131633,cheese,in_category,wikidata,high,
Q67201117,Q5726634,kind_of,wikidata,high,
en:yellow-grapefruit,Q21552830,kind_of,off,high,
Q67445315,lentil,in_category,wikidata,high,
en:yellow-lentils,lentils,in_category,off,high,
en:yellow-pea,Q29472543,kind_of,off,high,
en:yellow-peach,Q13202263,kind_of,off,high,
Q135739047,Q177378,kind_of,wikidata,high,
en:yellow-tomato,Q20638126,kind_of,off,high,
en:yellowfin-tuna,Q17504707,kind_of,off,high,
en:yellowstripe-scad,fish,in_category,off,high,
fr:yogourt-partiellement-ecreme,Q13317,kind_of,off,high,
Q1609390,Q13317,kind_of,wikidata,high,
en:yogurt-powder,Q13317,kind_of,off,high,
Q12645407,Q10286140,kind_of,wikidata,high,
Q9178190,leaf-vegetable,in_category,wikidata,high,
en:young-green-onion-tops,Q3406628,kind_of,off,high,
Q11703351,Q16128920,kind_of,wikidata,high,
Q3371053,condiment,in_category,wikidata,high,
Q103772657,citrus-fruit,in_category,wikidata,picked,
Q1541119,Q5726634,kind_of,wikidata,high,
Q117771966,cereal,in_category,wikidata,high,
Q10860508,vegetable,in_category,wikidata,high,
Q136747207,Q165308,kind_of,wikidata,high,
Q68353770,vegetable,in_category,wikidata,high,
Q20220348,fruit,in_category,wikidata,high,
Q2462111,bread,in_category,off,high,
Q136537411,vegetable,in_category,wikidata,high,
Q8078183,Q170486,kind_of,wikidata,high,
Q133294866,Q130752177,kind_of,wikidata,high,
Q3347295,chili-pepper,in_category,off,picked,
Q109391488,cheese,in_category,wikidata,high,
Q199402,sauce,in_category,wikidata,high,
Q6027754,dairy-product,in_category,wikidata,high,
fr:echine-de-porc,Q191768,kind_of,off,high,
fr:eclats-de-noisettes,Q578307,kind_of,off,high,
fr:ecorces-d-agrumes,citrus-fruit,in_category,off,high,
fr:epices-moulues,spice,in_category,off,high,
Q298029,Q13228,kind_of,wikidata,high,
Q137294909,Q36465,kind_of,wikidata,high,
Q17221627,vegetable,in_category,wikidata,high,
en:ōhelo-berry,fruit,in_category,off,high,
fr:oeuf-entier-d-elevage-au-sol,Q115618816,kind_of,off,high,
bg:пастьоризирани-цели-яйца,Q115618816,kind_of,off,high,
fr:oeufs-frais-de-poule,Q15260613,kind_of,off,high,
Q388152,en:taproot-vegetable,kind_of,off,high,
Q10413274,Q192628,kind_of,wikidata,high,
Q26710184,sauce,in_category,wikidata,high,
Q10501568,Q170486,kind_of,wikidata,high,
Q12659878,cheese,in_category,wikidata,high,
Q538932,Q185009,kind_of,wikidata,high,
Q21534410,sauce,in_category,wikidata,high,
Q12850403,Q5726634,kind_of,wikidata,high,
Q3594600,Q3088330,kind_of,wikidata,high,
Q35158824,Q89,kind_of,wikidata,high,
Q35159386,Q89,kind_of,wikidata,high,
Q135435296,dairy-product,in_category,wikidata,high,
Q12284060,cheese,in_category,wikidata,high,
Q35159682,Q89,kind_of,wikidata,high,
fr:mangue-importee-en-avion,Q169,kind_of,off,high,
Q35159876,Q89,kind_of,wikidata,high,
Q3322910,goat-cheese,in_category,wikidata,high,
Q27876189,Q36465,kind_of,wikidata,high,
Q27950582,Q5620025,kind_of,wikidata,high,
Q27162488,dairy-product,in_category,wikidata,high,
Q27950567,Q5620025,kind_of,wikidata,high,
Q27919053,dairy-product,in_category,wikidata,high,
Q28666270,Q8495,kind_of,wikidata,high,
Q26868816,Q13228,kind_of,wikidata,high,
Q27919064,dairy-product,in_category,wikidata,high,
Q27494280,condiment,in_category,wikidata,high,
Q20929889,Q89,kind_of,wikidata,high,
Q27876524,Q2249305,kind_of,wikidata,high,
Q36269836,meat,in_category,wikidata,high,
Q33862262,Q61665121,kind_of,wikidata,picked,
bg:пшенично-брашно-тип-450,Q2249305,kind_of,off,high,
bg:свинско-месо-от-врат,Q191768,kind_of,off,high,
Q966327,hot-sauce,in_category,wikidata,picked,
fr:noisettes-decortiquees,Q578307,kind_of,off,high,
Q12185204,Q1753272,kind_of,wikidata,high,
Q25418402,seafood,in_category,wikidata,high,
Q11293739,sauce,in_category,wikidata,high,
Q11318440,chocolate,in_category,wikidata,high,
Q11348710,Q1269205,kind_of,wikidata,high,
Q11348844,cheese,in_category,wikidata,high,
Q10877249,Q5090,kind_of,wikidata,high,
Q11381682,Q10988133,kind_of,wikidata,high,
Q11412390,condiment,in_category,wikidata,high,
Q1591487,cow-s-milk-cheese,in_category,wikidata,picked,
Q11428589,Q20638126,kind_of,wikidata,high,
Q28966859,Q21546392,made_from,read,read,"⚠️ FORM: inherits its category through garlic, never a direct category edge"
Q10716334,Q21546392,made_from,read,read,"⚠️ FORM: inherits its category through garlic, never a direct category edge"
Q7093931,Q3406628,made_from,read,read,"⚠️ FORM: inherits its category through onion, never a direct category edge"
Q21546392,allium,in_category,read,read,direct allium member
Q3406628,allium,in_category,read,read,direct allium member
Q774278,allium,in_category,read,read,direct allium member
Q67206407,allium,in_category,read,read,direct allium member
Q1807269,allium,in_category,read,read,direct allium member

Q15046077,spice,in_category,read,read,"⚠️ USE WINS OVER BOTANY. A rhizome, and a cook reaches for it as a flavoring. 'aromatic' is a ROLE and belongs in library_tags, not a category."
Q734727,spice,in_category,read,read,"⚠️ USE WINS OVER BOTANY. A rhizome, and a cook reaches for it as a flavoring. 'aromatic' is a ROLE and belongs in library_tags, not a category."
en:adzuki-bean,legume,in_category,off,read,"gap resolution: source said 'pulse', which is not a catalog row. Resolved by reading."
Q57271339,Q36465,kind_of,off,read,"gap resolution: source said 'cereal flour', which is not a catalog row. Resolved by reading."
Q25323983,Q36465,kind_of,off,read,"gap resolution: source said 'cereal flour', which is not a catalog row. Resolved by reading."
en:black-sesame,Q12000036,kind_of,off,read,"gap resolution: source said 'sesame', which is not a catalog row. Resolved by reading."
en:black-eyed-pea,legume,in_category,off,read,"gap resolution: source said 'pulse', which is not a catalog row. Resolved by reading."
Q4930073,Q25618328,kind_of,off,read,"gap resolution: source said 'corn', which is not a catalog row. Resolved by reading."
en:brown-beans,legume,in_category,off,read,"gap resolution: source said 'pulse', which is not a catalog row. Resolved by reading."
en:buckwheat-flakes,Q4536337,kind_of,off,read,"gap resolution: source said 'buckwheat', which is not a catalog row. Resolved by reading."
Q11621982,Q4536337,kind_of,off,read,"gap resolution: source said 'buckwheat', which is not a catalog row. Resolved by reading."
en:buckwheat-grit,Q4536337,kind_of,off,read,"gap resolution: source said 'buckwheat', which is not a catalog row. Resolved by reading."
en:buckwheat-husk,Q4536337,kind_of,off,read,"gap resolution: source said 'buckwheat', which is not a catalog row. Resolved by reading."
Q67858763,Q25618328,kind_of,off,read,"gap resolution: source said 'corn', which is not a catalog row. Resolved by reading."
en:carob-bean,legume,in_category,off,read,"gap resolution: source said 'pulse', which is not a catalog row. Resolved by reading."
Q83124,root-vegetable,in_category,off,read,"gap resolution: source said 'tuber', which is not a catalog row. Resolved by reading."
Q864693,poultry,in_category,off,read,"gap resolution: source said 'poultry', which is not a catalog row. Resolved by reading."
Q227997,root-vegetable,in_category,off,read,"gap resolution: source said 'tuber', which is not a catalog row. Resolved by reading."
en:cooked-lamb-brains,Q643419,kind_of,off,read,"gap resolution: source said 'lamb', which is not a catalog row. Resolved by reading."
en:cooked-spelt,Q158767,kind_of,off,read,"gap resolution: source said 'spelt', which is not a catalog row. Resolved by reading."
Q327115,Q25618328,kind_of,off,read,"gap resolution: source said 'corn', which is not a catalog row. Resolved by reading."
Q3936020,Q25618328,kind_of,off,read,"gap resolution: source said 'corn', which is not a catalog row. Resolved by reading."
en:corn-malt,Q25618328,kind_of,off,read,"gap resolution: source said 'corn', which is not a catalog row. Resolved by reading."
en:corn-molasses,Q25618328,kind_of,off,read,"gap resolution: source said 'corn', which is not a catalog row. Resolved by reading."
Q10286140,Q25618328,kind_of,off,read,"gap resolution: source said 'corn', which is not a catalog row. Resolved by reading."
en:dried-broad-bean,legume,in_category,off,read,"gap resolution: source said 'pulse', which is not a catalog row. Resolved by reading."
en:dried-chickpea,legume,in_category,off,read,"gap resolution: source said 'pulse', which is not a catalog row. Resolved by reading."
en:dried-hyacinth-bean,legume,in_category,off,read,"gap resolution: source said 'pulse', which is not a catalog row. Resolved by reading."
en:dried-lentils,legume,in_category,off,read,"gap resolution: source said 'pulse', which is not a catalog row. Resolved by reading."
en:dried-lima-bean,legume,in_category,off,read,"gap resolution: source said 'pulse', which is not a catalog row. Resolved by reading."
Q1377879,Q61503220,kind_of,off,read,"gap resolution: source said 'soya bean', which is not a catalog row. Resolved by reading."
en:eppaw,root-vegetable,in_category,off,read,"gap resolution: source said 'tuber', which is not a catalog row. Resolved by reading."
en:extruded-corn,Q25618328,kind_of,off,read,"gap resolution: source said 'corn', which is not a catalog row. Resolved by reading."
fr:flocons-d-epeautre,Q158767,kind_of,off,read,"gap resolution: source said 'spelt', which is not a catalog row. Resolved by reading."
en:gluten-free-oats,Q24265484,kind_of,off,read,"gap resolution: source said 'oat', which is not a catalog row. Resolved by reading."
en:goose,poultry,in_category,off,read,"gap resolution: source said 'poultry', which is not a catalog row. Resolved by reading."
Q2984308,Q36465,kind_of,off,read,"gap resolution: source said 'cereal flour', which is not a catalog row. Resolved by reading."
en:green-soy-bean,Q61503220,kind_of,off,read,"gap resolution: source said 'soya bean', which is not a catalog row. Resolved by reading."
Q142116,Q158767,kind_of,off,read,"gap resolution: source said 'spelt', which is not a catalog row. Resolved by reading."
en:guinea-hen,poultry,in_category,off,read,"gap resolution: source said 'poultry', which is not a catalog row. Resolved by reading."
fr:haricots-chevriers-verts,legume,in_category,off,read,"gap resolution: source said 'pulse', which is not a catalog row. Resolved by reading."
fr:haricots-coco-roses,legume,in_category,off,read,"gap resolution: source said 'pulse', which is not a catalog row. Resolved by reading."
Q11422173,Q25618328,kind_of,off,read,"gap resolution: source said 'corn', which is not a catalog row. Resolved by reading."
en:high-fat-sesame-flour,Q12000036,kind_of,off,read,"gap resolution: source said 'sesame', which is not a catalog row. Resolved by reading."
en:hulled-soya-bean,Q61503220,kind_of,off,read,"gap resolution: source said 'soya bean', which is not a catalog row. Resolved by reading."
en:hyacinth-bean,legume,in_category,off,read,"gap resolution: source said 'pulse', which is not a catalog row. Resolved by reading."
en:inflated-spelt,Q158767,kind_of,off,read,"gap resolution: source said 'spelt', which is not a catalog row. Resolved by reading."
Q21573184,Q25618328,kind_of,off,read,"gap resolution: source said 'corn', which is not a catalog row. Resolved by reading."
en:ivory-teff-flour,Q36465,kind_of,off,read,"gap resolution: source said 'cereal flour', which is not a catalog row. Resolved by reading."
Q1269,root-vegetable,in_category,off,read,"gap resolution: source said 'tuber', which is not a catalog row. Resolved by reading."
Q55706475,root-vegetable,in_category,off,read,"gap resolution: source said 'tuber', which is not a catalog row. Resolved by reading."
fr:jus-de-cuisson-de-volaille,poultry,in_category,off,read,"gap resolution: source said 'poultry', which is not a catalog row. Resolved by reading."
en:khorasan-wheat-flour,Q36465,kind_of,off,read,"gap resolution: source said 'cereal flour', which is not a catalog row. Resolved by reading."
Q18175531,legume,in_category,off,read,"gap resolution: source said 'pulse', which is not a catalog row. Resolved by reading."
en:lamb-chop-fillet,Q643419,kind_of,off,read,"gap resolution: source said 'lamb', which is not a catalog row. Resolved by reading."
en:lamb-gut,Q643419,kind_of,off,read,"gap resolution: source said 'lamb', which is not a catalog row. Resolved by reading."
en:lamb-hearts,Q643419,kind_of,off,read,"gap resolution: source said 'lamb', which is not a catalog row. Resolved by reading."
en:lamb-kidneys,Q643419,kind_of,off,read,"gap resolution: source said 'lamb', which is not a catalog row. Resolved by reading."
en:lamb-leg,Q643419,kind_of,off,read,"gap resolution: source said 'lamb', which is not a catalog row. Resolved by reading."
en:lamb-livers,Q643419,kind_of,off,read,"gap resolution: source said 'lamb', which is not a catalog row. Resolved by reading."
en:lamb-neck,Q643419,kind_of,off,read,"gap resolution: source said 'lamb', which is not a catalog row. Resolved by reading."
en:lamb-on-skewer,Q643419,kind_of,off,read,"gap resolution: source said 'lamb', which is not a catalog row. Resolved by reading."
en:lamb-rib,Q643419,kind_of,off,read,"gap resolution: source said 'lamb', which is not a catalog row. Resolved by reading."
en:lamb-saddle,Q643419,kind_of,off,read,"gap resolution: source said 'lamb', which is not a catalog row. Resolved by reading."
en:lamb-sweetbread,Q643419,kind_of,off,read,"gap resolution: source said 'lamb', which is not a catalog row. Resolved by reading."
en:low-fat-sesame-flour,Q12000036,kind_of,off,read,"gap resolution: source said 'sesame', which is not a catalog row. Resolved by reading."
Q13582643,legume,in_category,off,read,"gap resolution: source said 'pulse', which is not a catalog row. Resolved by reading."
en:maize-bran,Q25618328,kind_of,off,read,"gap resolution: source said 'corn', which is not a catalog row. Resolved by reading."
en:malt-flour,Q36465,kind_of,off,read,"gap resolution: source said 'cereal flour', which is not a catalog row. Resolved by reading."
en:mature-winged-bean-seed,legume,in_category,off,read,"gap resolution: source said 'pulse', which is not a catalog row. Resolved by reading."
nl:maispoeder,Q25618328,kind_of,off,read,"gap resolution: source said 'corn', which is not a catalog row. Resolved by reading."
en:meat-bean,legume,in_category,off,read,"gap resolution: source said 'pulse', which is not a catalog row. Resolved by reading."
Q57655854,Q36465,kind_of,off,read,"gap resolution: source said 'cereal flour', which is not a catalog row. Resolved by reading."
en:mixed-beans,legume,in_category,off,read,"gap resolution: source said 'pulse', which is not a catalog row. Resolved by reading."
en:mixed-cereal-flour,Q36465,kind_of,off,read,"gap resolution: source said 'cereal flour', which is not a catalog row. Resolved by reading."
en:modified-corn-flour,Q25618328,kind_of,off,read,"gap resolution: source said 'corn', which is not a catalog row. Resolved by reading."
en:moth-bean,legume,in_category,off,read,"gap resolution: source said 'pulse', which is not a catalog row. Resolved by reading."
en:mung-bean,legume,in_category,off,read,"gap resolution: source said 'pulse', which is not a catalog row. Resolved by reading."
Q15818990,Q24265484,kind_of,off,read,"gap resolution: source said 'oat', which is not a catalog row. Resolved by reading."
en:oat-fibre,Q24265484,kind_of,off,read,"gap resolution: source said 'oat', which is not a catalog row. Resolved by reading."
Q13145676,Q36465,kind_of,off,read,"gap resolution: source said 'cereal flour', which is not a catalog row. Resolved by reading."
Q13145676,Q24265484,kind_of,off,read,"gap resolution: source said 'oat', which is not a catalog row. Resolved by reading."
en:oat-grain,Q24265484,kind_of,off,read,"gap resolution: source said 'oat', which is not a catalog row. Resolved by reading."
en:oat-husk-fiber,Q24265484,kind_of,off,read,"gap resolution: source said 'oat', which is not a catalog row. Resolved by reading."
Q107262038,Q24265484,kind_of,off,read,"gap resolution: source said 'oat', which is not a catalog row. Resolved by reading."
en:oat-malt,Q24265484,kind_of,off,read,"gap resolution: source said 'oat', which is not a catalog row. Resolved by reading."
en:okara,Q61503220,kind_of,off,read,"gap resolution: source said 'soya bean', which is not a catalog row. Resolved by reading."
en:organic-corn,Q25618328,kind_of,off,read,"gap resolution: source said 'corn', which is not a catalog row. Resolved by reading."
en:ostrich,poultry,in_category,off,read,"gap resolution: source said 'poultry', which is not a catalog row. Resolved by reading."
en:partially-defatted-sesame-flour,Q12000036,kind_of,off,read,"gap resolution: source said 'sesame', which is not a catalog row. Resolved by reading."
en:partially-defatted-sesame-meal,Q12000036,kind_of,off,read,"gap resolution: source said 'sesame', which is not a catalog row. Resolved by reading."
en:pearled-farro,Q158767,kind_of,off,read,"gap resolution: source said 'spelt', which is not a catalog row. Resolved by reading."
en:pheasant,poultry,in_category,off,read,"gap resolution: source said 'poultry', which is not a catalog row. Resolved by reading."
en:popcorn,Q25618328,kind_of,off,read,"gap resolution: source said 'corn', which is not a catalog row. Resolved by reading."
Q16587531,root-vegetable,in_category,off,read,"gap resolution: source said 'tuber', which is not a catalog row. Resolved by reading."
Q68187791,poultry,in_category,off,read,"gap resolution: source said 'poultry', which is not a catalog row. Resolved by reading."
en:poultry-extract,poultry,in_category,off,read,"gap resolution: source said 'poultry', which is not a catalog row. Resolved by reading."
en:poultry-liver,poultry,in_category,off,read,"gap resolution: source said 'poultry', which is not a catalog row. Resolved by reading."
Q18087876,poultry,in_category,off,read,"gap resolution: source said 'poultry', which is not a catalog row. Resolved by reading."
en:poultry-protein,poultry,in_category,off,read,"gap resolution: source said 'poultry', which is not a catalog row. Resolved by reading."
en:poultry-skin,poultry,in_category,off,read,"gap resolution: source said 'poultry', which is not a catalog row. Resolved by reading."
en:puffed-buckwheat,Q4536337,kind_of,off,read,"gap resolution: source said 'buckwheat', which is not a catalog row. Resolved by reading."
en:puffed-rice-and-corn,Q25618328,kind_of,off,read,"gap resolution: source said 'corn', which is not a catalog row. Resolved by reading."
en:raw-spelt,Q158767,kind_of,off,read,"gap resolution: source said 'spelt', which is not a catalog row. Resolved by reading."
en:raw-winged-bean-tuber,root-vegetable,in_category,off,read,"gap resolution: source said 'tuber', which is not a catalog row. Resolved by reading."
en:rehydrated-nuckwheat,Q4536337,kind_of,off,read,"gap resolution: source said 'buckwheat', which is not a catalog row. Resolved by reading."
Q10658708,Q36465,kind_of,off,read,"gap resolution: source said 'cereal flour', which is not a catalog row. Resolved by reading."
en:semi-wholemeal-flour,Q36465,kind_of,off,read,"gap resolution: source said 'cereal flour', which is not a catalog row. Resolved by reading."
en:sesame-seed-bun,Q12000036,kind_of,off,read,"gap resolution: source said 'sesame', which is not a catalog row. Resolved by reading."
en:sorghum-flour,Q36465,kind_of,off,read,"gap resolution: source said 'cereal flour', which is not a catalog row. Resolved by reading."
en:soy-bran,Q61503220,kind_of,off,read,"gap resolution: source said 'soya bean', which is not a catalog row. Resolved by reading."
en:soya-bean-fiber,Q61503220,kind_of,off,read,"gap resolution: source said 'soya bean', which is not a catalog row. Resolved by reading."
en:spelled-krispies,Q158767,kind_of,off,read,"gap resolution: source said 'spelt', which is not a catalog row. Resolved by reading."
en:spelt-bran,Q158767,kind_of,off,read,"gap resolution: source said 'spelt', which is not a catalog row. Resolved by reading."
en:spelt-flakes,Q158767,kind_of,off,read,"gap resolution: source said 'spelt', which is not a catalog row. Resolved by reading."
Q3066924,Q36465,kind_of,off,read,"gap resolution: source said 'cereal flour', which is not a catalog row. Resolved by reading."
en:spelt-groats,Q158767,kind_of,off,read,"gap resolution: source said 'spelt', which is not a catalog row. Resolved by reading."
en:spelt-sourdough,Q158767,kind_of,off,read,"gap resolution: source said 'spelt', which is not a catalog row. Resolved by reading."
nl:speltschroot,Q158767,kind_of,off,read,"gap resolution: source said 'spelt', which is not a catalog row. Resolved by reading."
Q2265406,legume,in_category,off,read,"gap resolution: source said 'pulse', which is not a catalog row. Resolved by reading."
en:sprouted-buckwheat,Q4536337,kind_of,off,read,"gap resolution: source said 'buckwheat', which is not a catalog row. Resolved by reading."
en:sprouted-soybeans,Q61503220,kind_of,off,read,"gap resolution: source said 'soya bean', which is not a catalog row. Resolved by reading."
en:sprouted-spelt,Q158767,kind_of,off,read,"gap resolution: source said 'spelt', which is not a catalog row. Resolved by reading."
Q37937,root-vegetable,in_category,off,read,"gap resolution: source said 'tuber', which is not a catalog row. Resolved by reading."
fr:sesame-complet,Q12000036,kind_of,off,read,"gap resolution: source said 'sesame', which is not a catalog row. Resolved by reading."
fr:sesame-dore,Q12000036,kind_of,off,read,"gap resolution: source said 'sesame', which is not a catalog row. Resolved by reading."
en:teff-flour,Q36465,kind_of,off,read,"gap resolution: source said 'cereal flour', which is not a catalog row. Resolved by reading."
en:tigernut,root-vegetable,in_category,off,read,"gap resolution: source said 'tuber', which is not a catalog row. Resolved by reading."
en:waxy-corn,Q25618328,kind_of,off,read,"gap resolution: source said 'corn', which is not a catalog row. Resolved by reading."
Q2249305,Q36465,kind_of,off,read,"gap resolution: source said 'cereal flour', which is not a catalog row. Resolved by reading."
en:white-corn,Q25618328,kind_of,off,read,"gap resolution: source said 'corn', which is not a catalog row. Resolved by reading."
en:white-sesame,Q12000036,kind_of,off,read,"gap resolution: source said 'sesame', which is not a catalog row. Resolved by reading."
en:whole-spelt,Q158767,kind_of,off,read,"gap resolution: source said 'spelt', which is not a catalog row. Resolved by reading."
en:wholemeal-buckwheat,Q4536337,kind_of,off,read,"gap resolution: source said 'buckwheat', which is not a catalog row. Resolved by reading."
Q27862521,Q36465,kind_of,off,read,"gap resolution: source said 'cereal flour', which is not a catalog row. Resolved by reading."
en:wholemeal-oat,Q24265484,kind_of,off,read,"gap resolution: source said 'oat', which is not a catalog row. Resolved by reading."
Q8047551,root-vegetable,in_category,off,read,"gap resolution: source said 'tuber', which is not a catalog row. Resolved by reading."
de:maiskölbchen,Q25618328,kind_of,off,read,"gap resolution: source said 'corn', which is not a catalog row. Resolved by reading."
fr:gelatine-de-volaille,poultry,in_category,off,read,"gap resolution: source said 'poultry', which is not a catalog row. Resolved by reading."
en:black-cherry,en:sweet-cherry,kind_of,off,read,gap resolution: source said 'cherry'. NOT a missing row: en:sweet-cherry carries the name 'cherries'. The singular sits on honey (a varietal) and on cherry tomato (a modifier).
en:cherry-paste,en:sweet-cherry,kind_of,off,read,gap resolution: source said 'cherry'. NOT a missing row: en:sweet-cherry carries the name 'cherries'. The singular sits on honey (a varietal) and on cherry tomato (a modifier).
en:cherry-puree,en:sweet-cherry,kind_of,off,read,gap resolution: source said 'cherry'. NOT a missing row: en:sweet-cherry carries the name 'cherries'. The singular sits on honey (a varietal) and on cherry tomato (a modifier).
en:cherry-stem,en:sweet-cherry,kind_of,off,read,gap resolution: source said 'cherry'. NOT a missing row: en:sweet-cherry carries the name 'cherries'. The singular sits on honey (a varietal) and on cherry tomato (a modifier).
en:organic-cherry,en:sweet-cherry,kind_of,off,read,gap resolution: source said 'cherry'. NOT a missing row: en:sweet-cherry carries the name 'cherries'. The singular sits on honey (a varietal) and on cherry tomato (a modifier).
en:pitted-cherry,en:sweet-cherry,kind_of,off,read,gap resolution: source said 'cherry'. NOT a missing row: en:sweet-cherry carries the name 'cherries'. The singular sits on honey (a varietal) and on cherry tomato (a modifier).
en:sour-cherry,en:sweet-cherry,kind_of,off,read,gap resolution: source said 'cherry'. NOT a missing row: en:sweet-cherry carries the name 'cherries'. The singular sits on honey (a varietal) and on cherry tomato (a modifier).
en:white-cherry,en:sweet-cherry,kind_of,off,read,gap resolution: source said 'cherry'. NOT a missing row: en:sweet-cherry carries the name 'cherries'. The singular sits on honey (a varietal) and on cherry tomato (a modifier).
en:wild-cherry,en:sweet-cherry,kind_of,off,read,gap resolution: source said 'cherry'. NOT a missing row: en:sweet-cherry carries the name 'cherries'. The singular sits on honey (a varietal) and on cherry tomato (a modifier).
Q42366457,Q275068,kind_of,possible_parent,read,"gap resolution: source said 'stock', which has no row of its own. 'stock' is a NAME on Q275068, and the chicken-broth entry's curated claim stock_and_broth_are_not_fixed_terms says the two words are used interchangeably."