# hand_removals.csv — Andy's removals, read by build_library.py on every build.
#
# ⚠️ THIS FILE IS THE DECISION. The spreadsheet is regenerated and cannot hold it.
#    Mark "My call" and "My note" in the sheet, then run:  python3.13 harvest_marks.py
#    That writes these rows. Editing by hand works too, the columns are below.
#
# anchor    wikidata | off_taxonomy | wiktextract. The left half of the key.
# id        the source's OWN identifier, verbatim. Q23400, en:cassava. NOT the name.
#           ⚠️ (anchor, id) is unique over all 11,153 entries. The canonical name is
#              NOT: 69 names are used by more than one entry.
# action    drop             the whole entry goes
#           drop_variation   one named variation goes, named in the variation column
#           trim_alias_only  every alias-only variation on that entry goes, one row
#                            instead of listing forty-four
#           fold             ⚠️ the entry's NAMES move onto another row and then it goes.
#                            For a row that is really another row's name: what-the-library-
#                            is-for.md says Latin and other-language names for an ingredient
#                            that already has a common-name row are ALIASES on that row, not
#                            rows of their own. A plain drop would lose them: measured over
#                            the first twelve folds, 1,894 names. Needs `into`.
# variation only for drop_variation. The name to remove, verbatim.
# into      only for fold. The SURVIVING row's id, verbatim. The names land there.
# into_canonical
#           only for fold. The surviving row's name, so a person can read this file. ⚠️ THE
#           BUILD CHECKS IT AGAINST `into` AND REFUSES A MISMATCH rather than trusting it.
#           The ids are opaque Q-numbers and OFF slugs, and a typo in one is invisible.
# reason    ⚠️ REQUIRED. A row with no reason is rejected by the build, the same way
#           ingredient_cuts.OVERRIDES refuses an override without one.
# marked    the date, so a stale decision is visible as stale.
#
# A removal that matches no generated entry is DANGLING. The build lists those every
# run and does not fail, because the commonest cause is a rule already doing the job.
anchor,id,action,variation,reason,marked,into,into_canonical
wikidata,Q36465,drop_variation,Plain flour,"⚠️ THE AMERICAN READING. plain flour is UK for all-purpose flour and that row carries it too, so 3 recipe lines landed on whichever of the two won. The general flour row is not the specific product.",2026-08-25
wikidata,Q27938,drop_variation,green onion,"⚠️ THE AMERICAN READING. green onion is US for scallion and that row carries it too. A Welsh onion is a different Allium and should not answer for it.",2026-08-25
wikidata,Q229385,drop_variation,Japanese soy sauce,"⚠️ THE AMERICAN READING is not what settles this one, the specificity is: Japanese soy sauce IS shōyu and that row carries the name. The general soy sauce row should not answer for one country's product.",2026-08-25
wikidata,Q2845,drop,,"⚠️ NOT A COOKING INGREDIENT IN THIS LIBRARY, and it produced a wrong answer in three separate passes. It is here because Wikidata files Q2845 as both a chemical substance and an ingredient or foodstuff. It carried 311 names, 109 of them English, and acted as a magnet: it held 'flour' at 4 recipe lines, plus urt, zelí, herb, mixed herbs and Kinder Chocolate. Measured before removal: 15 of its names stay reachable on other rows including flour, 296 become unreachable and ZERO of those carry a recipe line. The only two that read as food vocabulary are herb and mixed herbs, both at zero lines and carried by nothing else.",2026-08-25
,hot-dog,drop_variation,"Are hotdogs sandwiches?","⚠️ AN ARTICLE TITLE ABOUT AN ARGUMENT IS NOT A NAME FOR A FOOD. en.wikipedia redirects these at the Hot dog article and the join copied them in as names, so the library offered to answer a recipe line reading Are hotdogs sandwiches?. All twelve are wikipedia_redirect with no language and no other source, and NOTHING IN THE STORE WOULD EVER FLAG THEM: they are well formed English, they are not initialisms, not symbols, not dead languages and not translations. The clearest case yet of a redirect that is not a name.",2026-08-25
,hot-dog,drop_variation,"Hot dog (sandwich)","⚠️ AN ARTICLE TITLE ABOUT AN ARGUMENT IS NOT A NAME FOR A FOOD. en.wikipedia redirects these at the Hot dog article and the join copied them in as names, so the library offered to answer a recipe line reading Are hotdogs sandwiches?. All twelve are wikipedia_redirect with no language and no other source, and NOTHING IN THE STORE WOULD EVER FLAG THEM: they are well formed English, they are not initialisms, not symbols, not dead languages and not translations. The clearest case yet of a redirect that is not a name.",2026-08-25
,hot-dog,drop_variation,"Hot dog is a sandwich","⚠️ AN ARTICLE TITLE ABOUT AN ARGUMENT IS NOT A NAME FOR A FOOD. en.wikipedia redirects these at the Hot dog article and the join copied them in as names, so the library offered to answer a recipe line reading Are hotdogs sandwiches?. All twelve are wikipedia_redirect with no language and no other source, and NOTHING IN THE STORE WOULD EVER FLAG THEM: they are well formed English, they are not initialisms, not symbols, not dead languages and not translations. The clearest case yet of a redirect that is not a name.",2026-08-25
,hot-dog,drop_variation,"Hot dog sandwich","⚠️ AN ARTICLE TITLE ABOUT AN ARGUMENT IS NOT A NAME FOR A FOOD. en.wikipedia redirects these at the Hot dog article and the join copied them in as names, so the library offered to answer a recipe line reading Are hotdogs sandwiches?. All twelve are wikipedia_redirect with no language and no other source, and NOTHING IN THE STORE WOULD EVER FLAG THEM: they are well formed English, they are not initialisms, not symbols, not dead languages and not translations. The clearest case yet of a redirect that is not a name.",2026-08-25
,hot-dog,drop_variation,"Hot dog sandwich debate","⚠️ AN ARTICLE TITLE ABOUT AN ARGUMENT IS NOT A NAME FOR A FOOD. en.wikipedia redirects these at the Hot dog article and the join copied them in as names, so the library offered to answer a recipe line reading Are hotdogs sandwiches?. All twelve are wikipedia_redirect with no language and no other source, and NOTHING IN THE STORE WOULD EVER FLAG THEM: they are well formed English, they are not initialisms, not symbols, not dead languages and not translations. The clearest case yet of a redirect that is not a name.",2026-08-25
,hot-dog,drop_variation,"Hot dogs are not sandwiches","⚠️ AN ARTICLE TITLE ABOUT AN ARGUMENT IS NOT A NAME FOR A FOOD. en.wikipedia redirects these at the Hot dog article and the join copied them in as names, so the library offered to answer a recipe line reading Are hotdogs sandwiches?. All twelve are wikipedia_redirect with no language and no other source, and NOTHING IN THE STORE WOULD EVER FLAG THEM: they are well formed English, they are not initialisms, not symbols, not dead languages and not translations. The clearest case yet of a redirect that is not a name.",2026-08-25
,hot-dog,drop_variation,"Hot dogs are sandwiches","⚠️ AN ARTICLE TITLE ABOUT AN ARGUMENT IS NOT A NAME FOR A FOOD. en.wikipedia redirects these at the Hot dog article and the join copied them in as names, so the library offered to answer a recipe line reading Are hotdogs sandwiches?. All twelve are wikipedia_redirect with no language and no other source, and NOTHING IN THE STORE WOULD EVER FLAG THEM: they are well formed English, they are not initialisms, not symbols, not dead languages and not translations. The clearest case yet of a redirect that is not a name.",2026-08-25
,hot-dog,drop_variation,"Is a hot dog a sandwich?","⚠️ AN ARTICLE TITLE ABOUT AN ARGUMENT IS NOT A NAME FOR A FOOD. en.wikipedia redirects these at the Hot dog article and the join copied them in as names, so the library offered to answer a recipe line reading Are hotdogs sandwiches?. All twelve are wikipedia_redirect with no language and no other source, and NOTHING IN THE STORE WOULD EVER FLAG THEM: they are well formed English, they are not initialisms, not symbols, not dead languages and not translations. The clearest case yet of a redirect that is not a name.",2026-08-25
,hot-dog,drop_variation,"Ketchup on Hot Dogs","⚠️ AN ARTICLE TITLE ABOUT AN ARGUMENT IS NOT A NAME FOR A FOOD. en.wikipedia redirects these at the Hot dog article and the join copied them in as names, so the library offered to answer a recipe line reading Are hotdogs sandwiches?. All twelve are wikipedia_redirect with no language and no other source, and NOTHING IN THE STORE WOULD EVER FLAG THEM: they are well formed English, they are not initialisms, not symbols, not dead languages and not translations. The clearest case yet of a redirect that is not a name.",2026-08-25
,hot-dog,drop_variation,"Ketchup on hot dogs","⚠️ AN ARTICLE TITLE ABOUT AN ARGUMENT IS NOT A NAME FOR A FOOD. en.wikipedia redirects these at the Hot dog article and the join copied them in as names, so the library offered to answer a recipe line reading Are hotdogs sandwiches?. All twelve are wikipedia_redirect with no language and no other source, and NOTHING IN THE STORE WOULD EVER FLAG THEM: they are well formed English, they are not initialisms, not symbols, not dead languages and not translations. The clearest case yet of a redirect that is not a name.",2026-08-25
,hot-dog,drop_variation,"The great hot dog debate","⚠️ AN ARTICLE TITLE ABOUT AN ARGUMENT IS NOT A NAME FOR A FOOD. en.wikipedia redirects these at the Hot dog article and the join copied them in as names, so the library offered to answer a recipe line reading Are hotdogs sandwiches?. All twelve are wikipedia_redirect with no language and no other source, and NOTHING IN THE STORE WOULD EVER FLAG THEM: they are well formed English, they are not initialisms, not symbols, not dead languages and not translations. The clearest case yet of a redirect that is not a name.",2026-08-25
,hot-dog,drop_variation,"World's most expensive hot dog","⚠️ AN ARTICLE TITLE ABOUT AN ARGUMENT IS NOT A NAME FOR A FOOD. en.wikipedia redirects these at the Hot dog article and the join copied them in as names, so the library offered to answer a recipe line reading Are hotdogs sandwiches?. All twelve are wikipedia_redirect with no language and no other source, and NOTHING IN THE STORE WOULD EVER FLAG THEM: they are well formed English, they are not initialisms, not symbols, not dead languages and not translations. The clearest case yet of a redirect that is not a name.",2026-08-25
wikidata,Q151980,drop,,"⚠️ NOT A COOKING INGREDIENT IN THIS LIBRARY, and the family it belongs to has produced nothing but wrong answers. The cannabis family was measured at 23 rows carrying 415 English names, and the ONLY 4 recipe lines it ever answered were the cannabis row holding 'flour', removed already. These 22 rows carry ZERO recipe lines between them. Measured before removal: 659 distinct names, 649 of which become unreachable and 10 of which stay answerable on a surviving row. The 271 English names that lose their only home are strain names (Bubba Kush, Purple Haze), preparation names (Space cake, Weed brownie, THC gummies) and article titles about legality (Cannabis in Japan, Adverse effects of medical cannabis). None is food vocabulary. ⚠️ hashish also held 'overhead costs', 'real costs' and 'shadow prices'. Catalan slang 'costo' for hashish normalizes onto AGROVOC c_1922 'Costo', the Spanish prefLabel for the ECONOMICS concept costs. That is the fourth cross-language homograph traced in this pipeline, after ni/nickel, gula/sugar and Slovene moka putting Turkish coffee on flour.",2026-08-25
wikidata,Q55448359,drop,,"⚠️ NOT A COOKING INGREDIENT IN THIS LIBRARY, and the family it belongs to has produced nothing but wrong answers. The cannabis family was measured at 23 rows carrying 415 English names, and the ONLY 4 recipe lines it ever answered were the cannabis row holding 'flour', removed already. These 22 rows carry ZERO recipe lines between them. Measured before removal: 659 distinct names, 649 of which become unreachable and 10 of which stay answerable on a surviving row. The 271 English names that lose their only home are strain names (Bubba Kush, Purple Haze), preparation names (Space cake, Weed brownie, THC gummies) and article titles about legality (Cannabis in Japan, Adverse effects of medical cannabis). None is food vocabulary. ⚠️ hashish also held 'overhead costs', 'real costs' and 'shadow prices'. Catalan slang 'costo' for hashish normalizes onto AGROVOC c_1922 'Costo', the Spanish prefLabel for the ECONOMICS concept costs. That is the fourth cross-language homograph traced in this pipeline, after ni/nickel, gula/sugar and Slovene moka putting Turkish coffee on flour.",2026-08-25
wikidata,Q1033379,drop,,"⚠️ NOT A COOKING INGREDIENT IN THIS LIBRARY, and the family it belongs to has produced nothing but wrong answers. The cannabis family was measured at 23 rows carrying 415 English names, and the ONLY 4 recipe lines it ever answered were the cannabis row holding 'flour', removed already. These 22 rows carry ZERO recipe lines between them. Measured before removal: 659 distinct names, 649 of which become unreachable and 10 of which stay answerable on a surviving row. The 271 English names that lose their only home are strain names (Bubba Kush, Purple Haze), preparation names (Space cake, Weed brownie, THC gummies) and article titles about legality (Cannabis in Japan, Adverse effects of medical cannabis). None is food vocabulary. ⚠️ hashish also held 'overhead costs', 'real costs' and 'shadow prices'. Catalan slang 'costo' for hashish normalizes onto AGROVOC c_1922 'Costo', the Spanish prefLabel for the ECONOMICS concept costs. That is the fourth cross-language homograph traced in this pipeline, after ni/nickel, gula/sugar and Slovene moka putting Turkish coffee on flour.",2026-08-25
wikidata,Q912666,drop,,"⚠️ NOT A COOKING INGREDIENT IN THIS LIBRARY, and the family it belongs to has produced nothing but wrong answers. The cannabis family was measured at 23 rows carrying 415 English names, and the ONLY 4 recipe lines it ever answered were the cannabis row holding 'flour', removed already. These 22 rows carry ZERO recipe lines between them. Measured before removal: 659 distinct names, 649 of which become unreachable and 10 of which stay answerable on a surviving row. The 271 English names that lose their only home are strain names (Bubba Kush, Purple Haze), preparation names (Space cake, Weed brownie, THC gummies) and article titles about legality (Cannabis in Japan, Adverse effects of medical cannabis). None is food vocabulary. ⚠️ hashish also held 'overhead costs', 'real costs' and 'shadow prices'. Catalan slang 'costo' for hashish normalizes onto AGROVOC c_1922 'Costo', the Spanish prefLabel for the ECONOMICS concept costs. That is the fourth cross-language homograph traced in this pipeline, after ni/nickel, gula/sugar and Slovene moka putting Turkish coffee on flour.",2026-08-25
wikidata,Q282286,drop,,"⚠️ NOT A COOKING INGREDIENT IN THIS LIBRARY, and the family it belongs to has produced nothing but wrong answers. The cannabis family was measured at 23 rows carrying 415 English names, and the ONLY 4 recipe lines it ever answered were the cannabis row holding 'flour', removed already. These 22 rows carry ZERO recipe lines between them. Measured before removal: 659 distinct names, 649 of which become unreachable and 10 of which stay answerable on a surviving row. The 271 English names that lose their only home are strain names (Bubba Kush, Purple Haze), preparation names (Space cake, Weed brownie, THC gummies) and article titles about legality (Cannabis in Japan, Adverse effects of medical cannabis). None is food vocabulary. ⚠️ hashish also held 'overhead costs', 'real costs' and 'shadow prices'. Catalan slang 'costo' for hashish normalizes onto AGROVOC c_1922 'Costo', the Spanish prefLabel for the ECONOMICS concept costs. That is the fourth cross-language homograph traced in this pipeline, after ni/nickel, gula/sugar and Slovene moka putting Turkish coffee on flour.",2026-08-25
wikidata,Q27915389,drop,,"⚠️ NOT A COOKING INGREDIENT IN THIS LIBRARY, and the family it belongs to has produced nothing but wrong answers. The cannabis family was measured at 23 rows carrying 415 English names, and the ONLY 4 recipe lines it ever answered were the cannabis row holding 'flour', removed already. These 22 rows carry ZERO recipe lines between them. Measured before removal: 659 distinct names, 649 of which become unreachable and 10 of which stay answerable on a surviving row. The 271 English names that lose their only home are strain names (Bubba Kush, Purple Haze), preparation names (Space cake, Weed brownie, THC gummies) and article titles about legality (Cannabis in Japan, Adverse effects of medical cannabis). None is food vocabulary. ⚠️ hashish also held 'overhead costs', 'real costs' and 'shadow prices'. Catalan slang 'costo' for hashish normalizes onto AGROVOC c_1922 'Costo', the Spanish prefLabel for the ECONOMICS concept costs. That is the fourth cross-language homograph traced in this pipeline, after ni/nickel, gula/sugar and Slovene moka putting Turkish coffee on flour.",2026-08-25
wikidata,Q30612700,drop,,"⚠️ NOT A COOKING INGREDIENT IN THIS LIBRARY, and the family it belongs to has produced nothing but wrong answers. The cannabis family was measured at 23 rows carrying 415 English names, and the ONLY 4 recipe lines it ever answered were the cannabis row holding 'flour', removed already. These 22 rows carry ZERO recipe lines between them. Measured before removal: 659 distinct names, 649 of which become unreachable and 10 of which stay answerable on a surviving row. The 271 English names that lose their only home are strain names (Bubba Kush, Purple Haze), preparation names (Space cake, Weed brownie, THC gummies) and article titles about legality (Cannabis in Japan, Adverse effects of medical cannabis). None is food vocabulary. ⚠️ hashish also held 'overhead costs', 'real costs' and 'shadow prices'. Catalan slang 'costo' for hashish normalizes onto AGROVOC c_1922 'Costo', the Spanish prefLabel for the ECONOMICS concept costs. That is the fourth cross-language homograph traced in this pipeline, after ni/nickel, gula/sugar and Slovene moka putting Turkish coffee on flour.",2026-08-25
wikidata,Q137342408,drop,,"⚠️ NOT A COOKING INGREDIENT IN THIS LIBRARY, and the family it belongs to has produced nothing but wrong answers. The cannabis family was measured at 23 rows carrying 415 English names, and the ONLY 4 recipe lines it ever answered were the cannabis row holding 'flour', removed already. These 22 rows carry ZERO recipe lines between them. Measured before removal: 659 distinct names, 649 of which become unreachable and 10 of which stay answerable on a surviving row. The 271 English names that lose their only home are strain names (Bubba Kush, Purple Haze), preparation names (Space cake, Weed brownie, THC gummies) and article titles about legality (Cannabis in Japan, Adverse effects of medical cannabis). None is food vocabulary. ⚠️ hashish also held 'overhead costs', 'real costs' and 'shadow prices'. Catalan slang 'costo' for hashish normalizes onto AGROVOC c_1922 'Costo', the Spanish prefLabel for the ECONOMICS concept costs. That is the fourth cross-language homograph traced in this pipeline, after ni/nickel, gula/sugar and Slovene moka putting Turkish coffee on flour.",2026-08-25
wikidata,Q2596647,drop,,"⚠️ NOT A COOKING INGREDIENT IN THIS LIBRARY, and the family it belongs to has produced nothing but wrong answers. The cannabis family was measured at 23 rows carrying 415 English names, and the ONLY 4 recipe lines it ever answered were the cannabis row holding 'flour', removed already. These 22 rows carry ZERO recipe lines between them. Measured before removal: 659 distinct names, 649 of which become unreachable and 10 of which stay answerable on a surviving row. The 271 English names that lose their only home are strain names (Bubba Kush, Purple Haze), preparation names (Space cake, Weed brownie, THC gummies) and article titles about legality (Cannabis in Japan, Adverse effects of medical cannabis). None is food vocabulary. ⚠️ hashish also held 'overhead costs', 'real costs' and 'shadow prices'. Catalan slang 'costo' for hashish normalizes onto AGROVOC c_1922 'Costo', the Spanish prefLabel for the ECONOMICS concept costs. That is the fourth cross-language homograph traced in this pipeline, after ni/nickel, gula/sugar and Slovene moka putting Turkish coffee on flour.",2026-08-25
wikidata,Q7885985,drop,,"⚠️ NOT A COOKING INGREDIENT IN THIS LIBRARY, and the family it belongs to has produced nothing but wrong answers. The cannabis family was measured at 23 rows carrying 415 English names, and the ONLY 4 recipe lines it ever answered were the cannabis row holding 'flour', removed already. These 22 rows carry ZERO recipe lines between them. Measured before removal: 659 distinct names, 649 of which become unreachable and 10 of which stay answerable on a surviving row. The 271 English names that lose their only home are strain names (Bubba Kush, Purple Haze), preparation names (Space cake, Weed brownie, THC gummies) and article titles about legality (Cannabis in Japan, Adverse effects of medical cannabis). None is food vocabulary. ⚠️ hashish also held 'overhead costs', 'real costs' and 'shadow prices'. Catalan slang 'costo' for hashish normalizes onto AGROVOC c_1922 'Costo', the Spanish prefLabel for the ECONOMICS concept costs. That is the fourth cross-language homograph traced in this pipeline, after ni/nickel, gula/sugar and Slovene moka putting Turkish coffee on flour.",2026-08-25
wikidata,Q4835272,drop,,"⚠️ NOT A COOKING INGREDIENT IN THIS LIBRARY, and the family it belongs to has produced nothing but wrong answers. The cannabis family was measured at 23 rows carrying 415 English names, and the ONLY 4 recipe lines it ever answered were the cannabis row holding 'flour', removed already. These 22 rows carry ZERO recipe lines between them. Measured before removal: 659 distinct names, 649 of which become unreachable and 10 of which stay answerable on a surviving row. The 271 English names that lose their only home are strain names (Bubba Kush, Purple Haze), preparation names (Space cake, Weed brownie, THC gummies) and article titles about legality (Cannabis in Japan, Adverse effects of medical cannabis). None is food vocabulary. ⚠️ hashish also held 'overhead costs', 'real costs' and 'shadow prices'. Catalan slang 'costo' for hashish normalizes onto AGROVOC c_1922 'Costo', the Spanish prefLabel for the ECONOMICS concept costs. That is the fourth cross-language homograph traced in this pipeline, after ni/nickel, gula/sugar and Slovene moka putting Turkish coffee on flour.",2026-08-25
wikidata,Q16953911,drop,,"⚠️ NOT A COOKING INGREDIENT IN THIS LIBRARY, and the family it belongs to has produced nothing but wrong answers. The cannabis family was measured at 23 rows carrying 415 English names, and the ONLY 4 recipe lines it ever answered were the cannabis row holding 'flour', removed already. These 22 rows carry ZERO recipe lines between them. Measured before removal: 659 distinct names, 649 of which become unreachable and 10 of which stay answerable on a surviving row. The 271 English names that lose their only home are strain names (Bubba Kush, Purple Haze), preparation names (Space cake, Weed brownie, THC gummies) and article titles about legality (Cannabis in Japan, Adverse effects of medical cannabis). None is food vocabulary. ⚠️ hashish also held 'overhead costs', 'real costs' and 'shadow prices'. Catalan slang 'costo' for hashish normalizes onto AGROVOC c_1922 'Costo', the Spanish prefLabel for the ECONOMICS concept costs. That is the fourth cross-language homograph traced in this pipeline, after ni/nickel, gula/sugar and Slovene moka putting Turkish coffee on flour.",2026-08-25
wikidata,Q6830151,drop,,"⚠️ A REAL FOOD REMOVED ON A FAMILY JUDGEMENT, not a mistake about what it is. Hemp seed, hemp oil, hemp flour, hemp milk and hemp seed paste are foods, they are sold as foods, and they were flagged as real when the cannabis family was first read. They carry ZERO recipe lines in this corpus and they sit inside a 23-row family that produced nothing but wrong answers, so the whole family goes together rather than leaving a rump nobody trusts. ⚠️ MEASURED BEFORE REMOVAL AND ACCEPTED, NOT OVERLOOKED: every name on these ten rows loses its only home. That includes hemp, hemp seed, hempseed, hemp hearts, hemp oil, hemp flour, hemp milk, chènevis (the French culinary word), Cañamón, 火麻仁 and Cannabis sativa, which no surviving row carries. Reversing this means restoring these ten ids by hand. It is not re-derivable from the sources, because the sources still supply them.",2026-08-25
wikidata,Q1575477,drop,,"⚠️ A REAL FOOD REMOVED ON A FAMILY JUDGEMENT, not a mistake about what it is. Hemp seed, hemp oil, hemp flour, hemp milk and hemp seed paste are foods, they are sold as foods, and they were flagged as real when the cannabis family was first read. They carry ZERO recipe lines in this corpus and they sit inside a 23-row family that produced nothing but wrong answers, so the whole family goes together rather than leaving a rump nobody trusts. ⚠️ MEASURED BEFORE REMOVAL AND ACCEPTED, NOT OVERLOOKED: every name on these ten rows loses its only home. That includes hemp, hemp seed, hempseed, hemp hearts, hemp oil, hemp flour, hemp milk, chènevis (the French culinary word), Cañamón, 火麻仁 and Cannabis sativa, which no surviving row carries. Reversing this means restoring these ten ids by hand. It is not re-derivable from the sources, because the sources still supply them.",2026-08-25
wikidata,Q13099103,drop,,"⚠️ A REAL FOOD REMOVED ON A FAMILY JUDGEMENT, not a mistake about what it is. Hemp seed, hemp oil, hemp flour, hemp milk and hemp seed paste are foods, they are sold as foods, and they were flagged as real when the cannabis family was first read. They carry ZERO recipe lines in this corpus and they sit inside a 23-row family that produced nothing but wrong answers, so the whole family goes together rather than leaving a rump nobody trusts. ⚠️ MEASURED BEFORE REMOVAL AND ACCEPTED, NOT OVERLOOKED: every name on these ten rows loses its only home. That includes hemp, hemp seed, hempseed, hemp hearts, hemp oil, hemp flour, hemp milk, chènevis (the French culinary word), Cañamón, 火麻仁 and Cannabis sativa, which no surviving row carries. Reversing this means restoring these ten ids by hand. It is not re-derivable from the sources, because the sources still supply them.",2026-08-25
wikidata,Q107246629,drop,,"⚠️ A REAL FOOD REMOVED ON A FAMILY JUDGEMENT, not a mistake about what it is. Hemp seed, hemp oil, hemp flour, hemp milk and hemp seed paste are foods, they are sold as foods, and they were flagged as real when the cannabis family was first read. They carry ZERO recipe lines in this corpus and they sit inside a 23-row family that produced nothing but wrong answers, so the whole family goes together rather than leaving a rump nobody trusts. ⚠️ MEASURED BEFORE REMOVAL AND ACCEPTED, NOT OVERLOOKED: every name on these ten rows loses its only home. That includes hemp, hemp seed, hempseed, hemp hearts, hemp oil, hemp flour, hemp milk, chènevis (the French culinary word), Cañamón, 火麻仁 and Cannabis sativa, which no surviving row carries. Reversing this means restoring these ten ids by hand. It is not re-derivable from the sources, because the sources still supply them.",2026-08-25
wikidata,Q117231920,drop,,"⚠️ A REAL FOOD REMOVED ON A FAMILY JUDGEMENT, not a mistake about what it is. Hemp seed, hemp oil, hemp flour, hemp milk and hemp seed paste are foods, they are sold as foods, and they were flagged as real when the cannabis family was first read. They carry ZERO recipe lines in this corpus and they sit inside a 23-row family that produced nothing but wrong answers, so the whole family goes together rather than leaving a rump nobody trusts. ⚠️ MEASURED BEFORE REMOVAL AND ACCEPTED, NOT OVERLOOKED: every name on these ten rows loses its only home. That includes hemp, hemp seed, hempseed, hemp hearts, hemp oil, hemp flour, hemp milk, chènevis (the French culinary word), Cañamón, 火麻仁 and Cannabis sativa, which no surviving row carries. Reversing this means restoring these ten ids by hand. It is not re-derivable from the sources, because the sources still supply them.",2026-08-25
off_taxonomy,en:hemp,drop,,"⚠️ A REAL FOOD REMOVED ON A FAMILY JUDGEMENT, not a mistake about what it is. Hemp seed, hemp oil, hemp flour, hemp milk and hemp seed paste are foods, they are sold as foods, and they were flagged as real when the cannabis family was first read. They carry ZERO recipe lines in this corpus and they sit inside a 23-row family that produced nothing but wrong answers, so the whole family goes together rather than leaving a rump nobody trusts. ⚠️ MEASURED BEFORE REMOVAL AND ACCEPTED, NOT OVERLOOKED: every name on these ten rows loses its only home. That includes hemp, hemp seed, hempseed, hemp hearts, hemp oil, hemp flour, hemp milk, chènevis (the French culinary word), Cañamón, 火麻仁 and Cannabis sativa, which no surviving row carries. Reversing this means restoring these ten ids by hand. It is not re-derivable from the sources, because the sources still supply them.",2026-08-25
off_taxonomy,en:hemp-flour,drop,,"⚠️ A REAL FOOD REMOVED ON A FAMILY JUDGEMENT, not a mistake about what it is. Hemp seed, hemp oil, hemp flour, hemp milk and hemp seed paste are foods, they are sold as foods, and they were flagged as real when the cannabis family was first read. They carry ZERO recipe lines in this corpus and they sit inside a 23-row family that produced nothing but wrong answers, so the whole family goes together rather than leaving a rump nobody trusts. ⚠️ MEASURED BEFORE REMOVAL AND ACCEPTED, NOT OVERLOOKED: every name on these ten rows loses its only home. That includes hemp, hemp seed, hempseed, hemp hearts, hemp oil, hemp flour, hemp milk, chènevis (the French culinary word), Cañamón, 火麻仁 and Cannabis sativa, which no surviving row carries. Reversing this means restoring these ten ids by hand. It is not re-derivable from the sources, because the sources still supply them.",2026-08-25
off_taxonomy,en:hemp-seed-flour,drop,,"⚠️ A REAL FOOD REMOVED ON A FAMILY JUDGEMENT, not a mistake about what it is. Hemp seed, hemp oil, hemp flour, hemp milk and hemp seed paste are foods, they are sold as foods, and they were flagged as real when the cannabis family was first read. They carry ZERO recipe lines in this corpus and they sit inside a 23-row family that produced nothing but wrong answers, so the whole family goes together rather than leaving a rump nobody trusts. ⚠️ MEASURED BEFORE REMOVAL AND ACCEPTED, NOT OVERLOOKED: every name on these ten rows loses its only home. That includes hemp, hemp seed, hempseed, hemp hearts, hemp oil, hemp flour, hemp milk, chènevis (the French culinary word), Cañamón, 火麻仁 and Cannabis sativa, which no surviving row carries. Reversing this means restoring these ten ids by hand. It is not re-derivable from the sources, because the sources still supply them.",2026-08-25
off_taxonomy,en:hemp-seed-paste,drop,,"⚠️ A REAL FOOD REMOVED ON A FAMILY JUDGEMENT, not a mistake about what it is. Hemp seed, hemp oil, hemp flour, hemp milk and hemp seed paste are foods, they are sold as foods, and they were flagged as real when the cannabis family was first read. They carry ZERO recipe lines in this corpus and they sit inside a 23-row family that produced nothing but wrong answers, so the whole family goes together rather than leaving a rump nobody trusts. ⚠️ MEASURED BEFORE REMOVAL AND ACCEPTED, NOT OVERLOOKED: every name on these ten rows loses its only home. That includes hemp, hemp seed, hempseed, hemp hearts, hemp oil, hemp flour, hemp milk, chènevis (the French culinary word), Cañamón, 火麻仁 and Cannabis sativa, which no surviving row carries. Reversing this means restoring these ten ids by hand. It is not re-derivable from the sources, because the sources still supply them.",2026-08-25
off_taxonomy,en:cold-pressed-hemp-oil,drop,,"⚠️ A REAL FOOD REMOVED ON A FAMILY JUDGEMENT, not a mistake about what it is. Hemp seed, hemp oil, hemp flour, hemp milk and hemp seed paste are foods, they are sold as foods, and they were flagged as real when the cannabis family was first read. They carry ZERO recipe lines in this corpus and they sit inside a 23-row family that produced nothing but wrong answers, so the whole family goes together rather than leaving a rump nobody trusts. ⚠️ MEASURED BEFORE REMOVAL AND ACCEPTED, NOT OVERLOOKED: every name on these ten rows loses its only home. That includes hemp, hemp seed, hempseed, hemp hearts, hemp oil, hemp flour, hemp milk, chènevis (the French culinary word), Cañamón, 火麻仁 and Cannabis sativa, which no surviving row carries. Reversing this means restoring these ten ids by hand. It is not re-derivable from the sources, because the sources still supply them.",2026-08-25
wikidata,Q107246707,drop_variation,Marijuana wine,"⚠️ A DRUG NAME LEFT BEHIND ON A REAL ROW AFTER THE FAMILY WAS CUT, and the same shape as the twelve hot dog debate titles. en.wikipedia redirects 'Marijuana wine' at the Fruit wine article and the join copied it in as a name, so the pomegranate wine row answered for it. The row itself is fine and stays. The 22-row cannabis removal only reached ROWS, and this is the one drug name sitting on a row that is not one. It carries 0 recipe lines and no other row holds it, so it becomes unreachable, which is correct.",2026-08-25
,lungo,drop_variation,caffè latte,"⚠️ WIKIDATA'S OWN ALIAS IS WRONG AND IT ARRIVES WITH THE SEED. Q59048 (lungo) carries 'caffè latte' and 'caffe latte' as DUTCH aliases. A latte is espresso in a glass of steamed milk and a lungo is a long pull of black coffee, so they are not the same drink in any language. Left in, a line reading caffè latte would answer with a lungo. ⚠️ 'latte' itself already sits on the milk row through the Italian name match, so this row is not the right home for any of it.",2026-08-25
,lungo,drop_variation,caffe latte,"⚠️ WIKIDATA'S OWN ALIAS IS WRONG AND IT ARRIVES WITH THE SEED. The unaccented spelling of the caffè latte alias on Q59048, removed for the same reason. See the row above.",2026-08-25
,cappuccino,drop_variation,Babyccino,"⚠️ A MISSPELLING OF babycino THAT LANDED ON cappuccino, and it has no reachable home. en.wikipedia redirects both Babycino and Babyccino at the Cappuccino article, so seeding cappuccino on that article (which is where the 25 useful cappuccino misspellings live) brings Babyccino with it. Babycino itself resolved correctly to its own row under rule 5, because that row is seeded on Q4838470 which states the name. Babyccino is stated by nothing except the Cappuccino redirect set, so there is no seed that reaches it without dragging cappuccino's whole set onto a drink that contains no coffee. ⚠️ MEASURED AND ACCEPTED: this name becomes unreachable, at 0 recipe lines. Leaving it was the worse option, since a babycino is steamed milk foam and answering it with a cappuccino is the exact error the babycino row was created to fix.",2026-08-25
wikidata,Q180289,drop_variation,babyccino,"⚠️ THE SECOND HALF OF THE Babyccino REMOVAL. Dropping the name off cappuccino only moved it to espresso, which is the same error one row over. The espresso row carries it TWICE under two strings: 'babyccino' as a Wikidata alias on Q180289, and 'Babyccino' as an en.wikipedia redirect, so both are named here. apply_removals matches the variation string exactly, which is correct and means a capitalized twin needs its own line. A babycino is steamed milk foam with no coffee in it. Measured and accepted: the misspelling is now unreachable, at 0 recipe lines. The correctly spelled Babycino resolves to its own row.",2026-08-25
wikidata,Q180289,drop_variation,Babyccino,"⚠️ THE SECOND HALF OF THE Babyccino REMOVAL. Dropping the name off cappuccino only moved it to espresso, which is the same error one row over. The espresso row carries it TWICE under two strings: 'babyccino' as a Wikidata alias on Q180289, and 'Babyccino' as an en.wikipedia redirect, so both are named here. apply_removals matches the variation string exactly, which is correct and means a capitalized twin needs its own line. A babycino is steamed milk foam with no coffee in it. Measured and accepted: the misspelling is now unreachable, at 0 recipe lines. The correctly spelled Babycino resolves to its own row.",2026-08-25
wikidata,Q180289,drop_variation,Coffee in Italy,"⚠️ AN ARTICLE TITLE ABOUT A CATEGORY OR A COUNTRY IS NOT A NAME FOR A FOOD, the same shape as the twelve hot dog debate titles. en.wikipedia files these at or near the Espresso article and the join copied them in as names, so the library offered to answer a recipe line reading 'Coffee in Italy'. All three are wikipedia_redirect with no language, they carry 0 recipe lines, and ⚠️ NOTHING IN THE STORE WOULD EVER FLAG THEM: well formed English, not initialisms, not symbols, not dead languages, not translations. Left behind after the six espresso drinks were extracted, because extraction takes concepts and these are not concepts. 'Italian coffee' without 'culture' is NOT removed. It is a Wikidata label in English and Dutch and it is a plausible way to write the drink.",2026-08-25
wikidata,Q180289,drop_variation,Italian coffee culture,"⚠️ AN ARTICLE TITLE ABOUT A CATEGORY OR A COUNTRY IS NOT A NAME FOR A FOOD, the same shape as the twelve hot dog debate titles. en.wikipedia files these at or near the Espresso article and the join copied them in as names, so the library offered to answer a recipe line reading 'Coffee in Italy'. All three are wikipedia_redirect with no language, they carry 0 recipe lines, and ⚠️ NOTHING IN THE STORE WOULD EVER FLAG THEM: well formed English, not initialisms, not symbols, not dead languages, not translations. Left behind after the six espresso drinks were extracted, because extraction takes concepts and these are not concepts. 'Italian coffee' without 'culture' is NOT removed. It is a Wikidata label in English and Dutch and it is a plausible way to write the drink.",2026-08-25
wikidata,Q180289,drop_variation,Espresso-based drinks,"⚠️ AN ARTICLE TITLE ABOUT A CATEGORY OR A COUNTRY IS NOT A NAME FOR A FOOD, the same shape as the twelve hot dog debate titles. en.wikipedia files these at or near the Espresso article and the join copied them in as names, so the library offered to answer a recipe line reading 'Coffee in Italy'. All three are wikipedia_redirect with no language, they carry 0 recipe lines, and ⚠️ NOTHING IN THE STORE WOULD EVER FLAG THEM: well formed English, not initialisms, not symbols, not dead languages, not translations. Left behind after the six espresso drinks were extracted, because extraction takes concepts and these are not concepts. 'Italian coffee' without 'culture' is NOT removed. It is a Wikidata label in English and Dutch and it is a plausible way to write the drink.",2026-08-25
wikidata,Q180289,drop_variation,Piper methysticum,"⚠️ THE FIFTH CROSS-LANGUAGE HOMOGRAPH, and it put a psychoactive plant on a coffee row. Croatian and Slovene 'kava' means coffee, and AGROVOC's 'kava' is Piper methysticum, the Pacific root drunk as a sedative. The two normalized into one bucket. Same mechanism as Slovene moka putting Turkish coffee on flour and Catalan costo putting economics terms on hashish. ⚠️ MEASURED: the espresso row is not the only home. 'kava' also sits on the coffee row (Q8486), which this removal does NOT reach, so the plant still answers there and that is recorded rather than fixed.",2026-08-25
wikidata,Q180289,drop_variation,kava,"⚠️ THE FIFTH CROSS-LANGUAGE HOMOGRAPH, and it put a psychoactive plant on a coffee row. Croatian and Slovene 'kava' means coffee, and AGROVOC's 'kava' is Piper methysticum, the Pacific root drunk as a sedative. The two normalized into one bucket. Same mechanism as Slovene moka putting Turkish coffee on flour and Catalan costo putting economics terms on hashish. ⚠️ MEASURED: the espresso row is not the only home. 'kava' also sits on the coffee row (Q8486), which this removal does NOT reach, so the plant still answers there and that is recorded rather than fixed.",2026-08-25
wikidata,Q5592614,drop,,"⚠️ A MANGO CULTIVAR ANSWERING TO THE BARE WORD 'graham', found while checking the never-became-a-row class. Wikidata Q5592614 is Mangifera indica 'Graham' and its English label is the bare word. Wiktionary's English, Finnish, Polish and Romanian 'graham' all mean wholemeal flour, so the row is a mango carrying a European word for a flour, which is a NINTH cross-language homograph. ⚠️ MEASURED AND STATED PLAINLY: this is a LATENT wrong answer, not a live one. No recipe line in the corpus says 'graham'. The one line that exists says 'graham crackers', which reached nothing at all until the graham cracker row was authored in the same pass. The row goes because it carries 0 recipe lines and its other three names (Mangifera indica 'Graham', Xoài Graham) are register forms nobody types. After it, 'graham' is unreachable, which is an honest blank rather than a mango.",2026-08-25
wikidata,Q281405,drop_variation,L'Oshi Palav,"⚠️ AN EIGHTH CROSS-LANGUAGE HOMOGRAPH, AND THE FIRST THREE-WAY ONE. The bucket is 'polo' and three unrelated concepts sit in it. Wikidata Q281405 carries 'Polo' as its TONGAN label, and Polo is a chili pepper variety. Q485796 carries 'polo' as its TALYSH label, and that is the rice dish, pilaf. Q855373 carries 'Polo' in Galician and 'polo' in Spanish, and that is an ice lolly. Neither of the other two is anchored in Tongan, so nothing in the pipeline could see the collision. The pilaf names then arrived on the Tabasco pepper row in about 25 languages. Same mechanism as ni/nickel, gula/sugar, Slovene moka putting Turkish coffee on flour, Catalan costo putting economics on hashish, kava on espresso and German Kapuziner putting cappuccino on a birch bolete. ⚠️ MEASURED: 0 recipe lines on any of these names, and pilaf is not otherwise in the library, so the concept becomes unreachable rather than moving. That is correct here, since a Tabasco pepper row is not where anyone should find pilaf.",2026-08-25
wikidata,Q281405,drop_variation,Oshi Palav,"⚠️ AN EIGHTH CROSS-LANGUAGE HOMOGRAPH, AND THE FIRST THREE-WAY ONE. The bucket is 'polo' and three unrelated concepts sit in it. Wikidata Q281405 carries 'Polo' as its TONGAN label, and Polo is a chili pepper variety. Q485796 carries 'polo' as its TALYSH label, and that is the rice dish, pilaf. Q855373 carries 'Polo' in Galician and 'polo' in Spanish, and that is an ice lolly. Neither of the other two is anchored in Tongan, so nothing in the pipeline could see the collision. The pilaf names then arrived on the Tabasco pepper row in about 25 languages. Same mechanism as ni/nickel, gula/sugar, Slovene moka putting Turkish coffee on flour, Catalan costo putting economics on hashish, kava on espresso and German Kapuziner putting cappuccino on a birch bolete. ⚠️ MEASURED: 0 recipe lines on any of these names, and pilaf is not otherwise in the library, so the concept becomes unreachable rather than moving. That is correct here, since a Tabasco pepper row is not where anyone should find pilaf.",2026-08-25
wikidata,Q281405,drop_variation,Pilaf,"⚠️ AN EIGHTH CROSS-LANGUAGE HOMOGRAPH, AND THE FIRST THREE-WAY ONE. The bucket is 'polo' and three unrelated concepts sit in it. Wikidata Q281405 carries 'Polo' as its TONGAN label, and Polo is a chili pepper variety. Q485796 carries 'polo' as its TALYSH label, and that is the rice dish, pilaf. Q855373 carries 'Polo' in Galician and 'polo' in Spanish, and that is an ice lolly. Neither of the other two is anchored in Tongan, so nothing in the pipeline could see the collision. The pilaf names then arrived on the Tabasco pepper row in about 25 languages. Same mechanism as ni/nickel, gula/sugar, Slovene moka putting Turkish coffee on flour, Catalan costo putting economics on hashish, kava on espresso and German Kapuziner putting cappuccino on a birch bolete. ⚠️ MEASURED: 0 recipe lines on any of these names, and pilaf is not otherwise in the library, so the concept becomes unreachable rather than moving. That is correct here, since a Tabasco pepper row is not where anyone should find pilaf.",2026-08-25
wikidata,Q281405,drop_variation,Pilap,"⚠️ AN EIGHTH CROSS-LANGUAGE HOMOGRAPH, AND THE FIRST THREE-WAY ONE. The bucket is 'polo' and three unrelated concepts sit in it. Wikidata Q281405 carries 'Polo' as its TONGAN label, and Polo is a chili pepper variety. Q485796 carries 'polo' as its TALYSH label, and that is the rice dish, pilaf. Q855373 carries 'Polo' in Galician and 'polo' in Spanish, and that is an ice lolly. Neither of the other two is anchored in Tongan, so nothing in the pipeline could see the collision. The pilaf names then arrived on the Tabasco pepper row in about 25 languages. Same mechanism as ni/nickel, gula/sugar, Slovene moka putting Turkish coffee on flour, Catalan costo putting economics on hashish, kava on espresso and German Kapuziner putting cappuccino on a birch bolete. ⚠️ MEASURED: 0 recipe lines on any of these names, and pilaf is not otherwise in the library, so the concept becomes unreachable rather than moving. That is correct here, since a Tabasco pepper row is not where anyone should find pilaf.",2026-08-25
wikidata,Q281405,drop_variation,Pilav,"⚠️ AN EIGHTH CROSS-LANGUAGE HOMOGRAPH, AND THE FIRST THREE-WAY ONE. The bucket is 'polo' and three unrelated concepts sit in it. Wikidata Q281405 carries 'Polo' as its TONGAN label, and Polo is a chili pepper variety. Q485796 carries 'polo' as its TALYSH label, and that is the rice dish, pilaf. Q855373 carries 'Polo' in Galician and 'polo' in Spanish, and that is an ice lolly. Neither of the other two is anchored in Tongan, so nothing in the pipeline could see the collision. The pilaf names then arrived on the Tabasco pepper row in about 25 languages. Same mechanism as ni/nickel, gula/sugar, Slovene moka putting Turkish coffee on flour, Catalan costo putting economics on hashish, kava on espresso and German Kapuziner putting cappuccino on a birch bolete. ⚠️ MEASURED: 0 recipe lines on any of these names, and pilaf is not otherwise in the library, so the concept becomes unreachable rather than moving. That is correct here, since a Tabasco pepper row is not where anyone should find pilaf.",2026-08-25
wikidata,Q281405,drop_variation,Pilaw,"⚠️ AN EIGHTH CROSS-LANGUAGE HOMOGRAPH, AND THE FIRST THREE-WAY ONE. The bucket is 'polo' and three unrelated concepts sit in it. Wikidata Q281405 carries 'Polo' as its TONGAN label, and Polo is a chili pepper variety. Q485796 carries 'polo' as its TALYSH label, and that is the rice dish, pilaf. Q855373 carries 'Polo' in Galician and 'polo' in Spanish, and that is an ice lolly. Neither of the other two is anchored in Tongan, so nothing in the pipeline could see the collision. The pilaf names then arrived on the Tabasco pepper row in about 25 languages. Same mechanism as ni/nickel, gula/sugar, Slovene moka putting Turkish coffee on flour, Catalan costo putting economics on hashish, kava on espresso and German Kapuziner putting cappuccino on a birch bolete. ⚠️ MEASURED: 0 recipe lines on any of these names, and pilaf is not otherwise in the library, so the concept becomes unreachable rather than moving. That is correct here, since a Tabasco pepper row is not where anyone should find pilaf.",2026-08-25
wikidata,Q281405,drop_variation,Plov,"⚠️ AN EIGHTH CROSS-LANGUAGE HOMOGRAPH, AND THE FIRST THREE-WAY ONE. The bucket is 'polo' and three unrelated concepts sit in it. Wikidata Q281405 carries 'Polo' as its TONGAN label, and Polo is a chili pepper variety. Q485796 carries 'polo' as its TALYSH label, and that is the rice dish, pilaf. Q855373 carries 'Polo' in Galician and 'polo' in Spanish, and that is an ice lolly. Neither of the other two is anchored in Tongan, so nothing in the pipeline could see the collision. The pilaf names then arrived on the Tabasco pepper row in about 25 languages. Same mechanism as ni/nickel, gula/sugar, Slovene moka putting Turkish coffee on flour, Catalan costo putting economics on hashish, kava on espresso and German Kapuziner putting cappuccino on a birch bolete. ⚠️ MEASURED: 0 recipe lines on any of these names, and pilaf is not otherwise in the library, so the concept becomes unreachable rather than moving. That is correct here, since a Tabasco pepper row is not where anyone should find pilaf.",2026-08-25
wikidata,Q281405,drop_variation,Polo,"⚠️ AN EIGHTH CROSS-LANGUAGE HOMOGRAPH, AND THE FIRST THREE-WAY ONE. The bucket is 'polo' and three unrelated concepts sit in it. Wikidata Q281405 carries 'Polo' as its TONGAN label, and Polo is a chili pepper variety. Q485796 carries 'polo' as its TALYSH label, and that is the rice dish, pilaf. Q855373 carries 'Polo' in Galician and 'polo' in Spanish, and that is an ice lolly. Neither of the other two is anchored in Tongan, so nothing in the pipeline could see the collision. The pilaf names then arrived on the Tabasco pepper row in about 25 languages. Same mechanism as ni/nickel, gula/sugar, Slovene moka putting Turkish coffee on flour, Catalan costo putting economics on hashish, kava on espresso and German Kapuziner putting cappuccino on a birch bolete. ⚠️ MEASURED: 0 recipe lines on any of these names, and pilaf is not otherwise in the library, so the concept becomes unreachable rather than moving. That is correct here, since a Tabasco pepper row is not where anyone should find pilaf.",2026-08-25
wikidata,Q281405,drop_variation,oshi palav,"⚠️ AN EIGHTH CROSS-LANGUAGE HOMOGRAPH, AND THE FIRST THREE-WAY ONE. The bucket is 'polo' and three unrelated concepts sit in it. Wikidata Q281405 carries 'Polo' as its TONGAN label, and Polo is a chili pepper variety. Q485796 carries 'polo' as its TALYSH label, and that is the rice dish, pilaf. Q855373 carries 'Polo' in Galician and 'polo' in Spanish, and that is an ice lolly. Neither of the other two is anchored in Tongan, so nothing in the pipeline could see the collision. The pilaf names then arrived on the Tabasco pepper row in about 25 languages. Same mechanism as ni/nickel, gula/sugar, Slovene moka putting Turkish coffee on flour, Catalan costo putting economics on hashish, kava on espresso and German Kapuziner putting cappuccino on a birch bolete. ⚠️ MEASURED: 0 recipe lines on any of these names, and pilaf is not otherwise in the library, so the concept becomes unreachable rather than moving. That is correct here, since a Tabasco pepper row is not where anyone should find pilaf.",2026-08-25
wikidata,Q281405,drop_variation,oşi palov,"⚠️ AN EIGHTH CROSS-LANGUAGE HOMOGRAPH, AND THE FIRST THREE-WAY ONE. The bucket is 'polo' and three unrelated concepts sit in it. Wikidata Q281405 carries 'Polo' as its TONGAN label, and Polo is a chili pepper variety. Q485796 carries 'polo' as its TALYSH label, and that is the rice dish, pilaf. Q855373 carries 'Polo' in Galician and 'polo' in Spanish, and that is an ice lolly. Neither of the other two is anchored in Tongan, so nothing in the pipeline could see the collision. The pilaf names then arrived on the Tabasco pepper row in about 25 languages. Same mechanism as ni/nickel, gula/sugar, Slovene moka putting Turkish coffee on flour, Catalan costo putting economics on hashish, kava on espresso and German Kapuziner putting cappuccino on a birch bolete. ⚠️ MEASURED: 0 recipe lines on any of these names, and pilaf is not otherwise in the library, so the concept becomes unreachable rather than moving. That is correct here, since a Tabasco pepper row is not where anyone should find pilaf.",2026-08-25
wikidata,Q281405,drop_variation,palov,"⚠️ AN EIGHTH CROSS-LANGUAGE HOMOGRAPH, AND THE FIRST THREE-WAY ONE. The bucket is 'polo' and three unrelated concepts sit in it. Wikidata Q281405 carries 'Polo' as its TONGAN label, and Polo is a chili pepper variety. Q485796 carries 'polo' as its TALYSH label, and that is the rice dish, pilaf. Q855373 carries 'Polo' in Galician and 'polo' in Spanish, and that is an ice lolly. Neither of the other two is anchored in Tongan, so nothing in the pipeline could see the collision. The pilaf names then arrived on the Tabasco pepper row in about 25 languages. Same mechanism as ni/nickel, gula/sugar, Slovene moka putting Turkish coffee on flour, Catalan costo putting economics on hashish, kava on espresso and German Kapuziner putting cappuccino on a birch bolete. ⚠️ MEASURED: 0 recipe lines on any of these names, and pilaf is not otherwise in the library, so the concept becomes unreachable rather than moving. That is correct here, since a Tabasco pepper row is not where anyone should find pilaf.",2026-08-25
wikidata,Q281405,drop_variation,pilaf,"⚠️ AN EIGHTH CROSS-LANGUAGE HOMOGRAPH, AND THE FIRST THREE-WAY ONE. The bucket is 'polo' and three unrelated concepts sit in it. Wikidata Q281405 carries 'Polo' as its TONGAN label, and Polo is a chili pepper variety. Q485796 carries 'polo' as its TALYSH label, and that is the rice dish, pilaf. Q855373 carries 'Polo' in Galician and 'polo' in Spanish, and that is an ice lolly. Neither of the other two is anchored in Tongan, so nothing in the pipeline could see the collision. The pilaf names then arrived on the Tabasco pepper row in about 25 languages. Same mechanism as ni/nickel, gula/sugar, Slovene moka putting Turkish coffee on flour, Catalan costo putting economics on hashish, kava on espresso and German Kapuziner putting cappuccino on a birch bolete. ⚠️ MEASURED: 0 recipe lines on any of these names, and pilaf is not otherwise in the library, so the concept becomes unreachable rather than moving. That is correct here, since a Tabasco pepper row is not where anyone should find pilaf.",2026-08-25
wikidata,Q281405,drop_variation,pilaf (comida),"⚠️ AN EIGHTH CROSS-LANGUAGE HOMOGRAPH, AND THE FIRST THREE-WAY ONE. The bucket is 'polo' and three unrelated concepts sit in it. Wikidata Q281405 carries 'Polo' as its TONGAN label, and Polo is a chili pepper variety. Q485796 carries 'polo' as its TALYSH label, and that is the rice dish, pilaf. Q855373 carries 'Polo' in Galician and 'polo' in Spanish, and that is an ice lolly. Neither of the other two is anchored in Tongan, so nothing in the pipeline could see the collision. The pilaf names then arrived on the Tabasco pepper row in about 25 languages. Same mechanism as ni/nickel, gula/sugar, Slovene moka putting Turkish coffee on flour, Catalan costo putting economics on hashish, kava on espresso and German Kapuziner putting cappuccino on a birch bolete. ⚠️ MEASURED: 0 recipe lines on any of these names, and pilaf is not otherwise in the library, so the concept becomes unreachable rather than moving. That is correct here, since a Tabasco pepper row is not where anyone should find pilaf.",2026-08-25
wikidata,Q281405,drop_variation,pilaff,"⚠️ AN EIGHTH CROSS-LANGUAGE HOMOGRAPH, AND THE FIRST THREE-WAY ONE. The bucket is 'polo' and three unrelated concepts sit in it. Wikidata Q281405 carries 'Polo' as its TONGAN label, and Polo is a chili pepper variety. Q485796 carries 'polo' as its TALYSH label, and that is the rice dish, pilaf. Q855373 carries 'Polo' in Galician and 'polo' in Spanish, and that is an ice lolly. Neither of the other two is anchored in Tongan, so nothing in the pipeline could see the collision. The pilaf names then arrived on the Tabasco pepper row in about 25 languages. Same mechanism as ni/nickel, gula/sugar, Slovene moka putting Turkish coffee on flour, Catalan costo putting economics on hashish, kava on espresso and German Kapuziner putting cappuccino on a birch bolete. ⚠️ MEASURED: 0 recipe lines on any of these names, and pilaf is not otherwise in the library, so the concept becomes unreachable rather than moving. That is correct here, since a Tabasco pepper row is not where anyone should find pilaf.",2026-08-25
wikidata,Q281405,drop_variation,pilaffris,"⚠️ AN EIGHTH CROSS-LANGUAGE HOMOGRAPH, AND THE FIRST THREE-WAY ONE. The bucket is 'polo' and three unrelated concepts sit in it. Wikidata Q281405 carries 'Polo' as its TONGAN label, and Polo is a chili pepper variety. Q485796 carries 'polo' as its TALYSH label, and that is the rice dish, pilaf. Q855373 carries 'Polo' in Galician and 'polo' in Spanish, and that is an ice lolly. Neither of the other two is anchored in Tongan, so nothing in the pipeline could see the collision. The pilaf names then arrived on the Tabasco pepper row in about 25 languages. Same mechanism as ni/nickel, gula/sugar, Slovene moka putting Turkish coffee on flour, Catalan costo putting economics on hashish, kava on espresso and German Kapuziner putting cappuccino on a birch bolete. ⚠️ MEASURED: 0 recipe lines on any of these names, and pilaf is not otherwise in the library, so the concept becomes unreachable rather than moving. That is correct here, since a Tabasco pepper row is not where anyone should find pilaf.",2026-08-25
wikidata,Q281405,drop_variation,pilafo,"⚠️ AN EIGHTH CROSS-LANGUAGE HOMOGRAPH, AND THE FIRST THREE-WAY ONE. The bucket is 'polo' and three unrelated concepts sit in it. Wikidata Q281405 carries 'Polo' as its TONGAN label, and Polo is a chili pepper variety. Q485796 carries 'polo' as its TALYSH label, and that is the rice dish, pilaf. Q855373 carries 'Polo' in Galician and 'polo' in Spanish, and that is an ice lolly. Neither of the other two is anchored in Tongan, so nothing in the pipeline could see the collision. The pilaf names then arrived on the Tabasco pepper row in about 25 languages. Same mechanism as ni/nickel, gula/sugar, Slovene moka putting Turkish coffee on flour, Catalan costo putting economics on hashish, kava on espresso and German Kapuziner putting cappuccino on a birch bolete. ⚠️ MEASURED: 0 recipe lines on any of these names, and pilaf is not otherwise in the library, so the concept becomes unreachable rather than moving. That is correct here, since a Tabasco pepper row is not where anyone should find pilaf.",2026-08-25
wikidata,Q281405,drop_variation,pilahvi,"⚠️ AN EIGHTH CROSS-LANGUAGE HOMOGRAPH, AND THE FIRST THREE-WAY ONE. The bucket is 'polo' and three unrelated concepts sit in it. Wikidata Q281405 carries 'Polo' as its TONGAN label, and Polo is a chili pepper variety. Q485796 carries 'polo' as its TALYSH label, and that is the rice dish, pilaf. Q855373 carries 'Polo' in Galician and 'polo' in Spanish, and that is an ice lolly. Neither of the other two is anchored in Tongan, so nothing in the pipeline could see the collision. The pilaf names then arrived on the Tabasco pepper row in about 25 languages. Same mechanism as ni/nickel, gula/sugar, Slovene moka putting Turkish coffee on flour, Catalan costo putting economics on hashish, kava on espresso and German Kapuziner putting cappuccino on a birch bolete. ⚠️ MEASURED: 0 recipe lines on any of these names, and pilaf is not otherwise in the library, so the concept becomes unreachable rather than moving. That is correct here, since a Tabasco pepper row is not where anyone should find pilaf.",2026-08-25
wikidata,Q281405,drop_variation,pilau,"⚠️ AN EIGHTH CROSS-LANGUAGE HOMOGRAPH, AND THE FIRST THREE-WAY ONE. The bucket is 'polo' and three unrelated concepts sit in it. Wikidata Q281405 carries 'Polo' as its TONGAN label, and Polo is a chili pepper variety. Q485796 carries 'polo' as its TALYSH label, and that is the rice dish, pilaf. Q855373 carries 'Polo' in Galician and 'polo' in Spanish, and that is an ice lolly. Neither of the other two is anchored in Tongan, so nothing in the pipeline could see the collision. The pilaf names then arrived on the Tabasco pepper row in about 25 languages. Same mechanism as ni/nickel, gula/sugar, Slovene moka putting Turkish coffee on flour, Catalan costo putting economics on hashish, kava on espresso and German Kapuziner putting cappuccino on a birch bolete. ⚠️ MEASURED: 0 recipe lines on any of these names, and pilaf is not otherwise in the library, so the concept becomes unreachable rather than moving. That is correct here, since a Tabasco pepper row is not where anyone should find pilaf.",2026-08-25
wikidata,Q281405,drop_variation,pilav,"⚠️ AN EIGHTH CROSS-LANGUAGE HOMOGRAPH, AND THE FIRST THREE-WAY ONE. The bucket is 'polo' and three unrelated concepts sit in it. Wikidata Q281405 carries 'Polo' as its TONGAN label, and Polo is a chili pepper variety. Q485796 carries 'polo' as its TALYSH label, and that is the rice dish, pilaf. Q855373 carries 'Polo' in Galician and 'polo' in Spanish, and that is an ice lolly. Neither of the other two is anchored in Tongan, so nothing in the pipeline could see the collision. The pilaf names then arrived on the Tabasco pepper row in about 25 languages. Same mechanism as ni/nickel, gula/sugar, Slovene moka putting Turkish coffee on flour, Catalan costo putting economics on hashish, kava on espresso and German Kapuziner putting cappuccino on a birch bolete. ⚠️ MEASURED: 0 recipe lines on any of these names, and pilaf is not otherwise in the library, so the concept becomes unreachable rather than moving. That is correct here, since a Tabasco pepper row is not where anyone should find pilaf.",2026-08-25
wikidata,Q281405,drop_variation,pilaw,"⚠️ AN EIGHTH CROSS-LANGUAGE HOMOGRAPH, AND THE FIRST THREE-WAY ONE. The bucket is 'polo' and three unrelated concepts sit in it. Wikidata Q281405 carries 'Polo' as its TONGAN label, and Polo is a chili pepper variety. Q485796 carries 'polo' as its TALYSH label, and that is the rice dish, pilaf. Q855373 carries 'Polo' in Galician and 'polo' in Spanish, and that is an ice lolly. Neither of the other two is anchored in Tongan, so nothing in the pipeline could see the collision. The pilaf names then arrived on the Tabasco pepper row in about 25 languages. Same mechanism as ni/nickel, gula/sugar, Slovene moka putting Turkish coffee on flour, Catalan costo putting economics on hashish, kava on espresso and German Kapuziner putting cappuccino on a birch bolete. ⚠️ MEASURED: 0 recipe lines on any of these names, and pilaf is not otherwise in the library, so the concept becomes unreachable rather than moving. That is correct here, since a Tabasco pepper row is not where anyone should find pilaf.",2026-08-25
wikidata,Q281405,drop_variation,pirinç pilavı,"⚠️ AN EIGHTH CROSS-LANGUAGE HOMOGRAPH, AND THE FIRST THREE-WAY ONE. The bucket is 'polo' and three unrelated concepts sit in it. Wikidata Q281405 carries 'Polo' as its TONGAN label, and Polo is a chili pepper variety. Q485796 carries 'polo' as its TALYSH label, and that is the rice dish, pilaf. Q855373 carries 'Polo' in Galician and 'polo' in Spanish, and that is an ice lolly. Neither of the other two is anchored in Tongan, so nothing in the pipeline could see the collision. The pilaf names then arrived on the Tabasco pepper row in about 25 languages. Same mechanism as ni/nickel, gula/sugar, Slovene moka putting Turkish coffee on flour, Catalan costo putting economics on hashish, kava on espresso and German Kapuziner putting cappuccino on a birch bolete. ⚠️ MEASURED: 0 recipe lines on any of these names, and pilaf is not otherwise in the library, so the concept becomes unreachable rather than moving. That is correct here, since a Tabasco pepper row is not where anyone should find pilaf.",2026-08-25
wikidata,Q281405,drop_variation,plov,"⚠️ AN EIGHTH CROSS-LANGUAGE HOMOGRAPH, AND THE FIRST THREE-WAY ONE. The bucket is 'polo' and three unrelated concepts sit in it. Wikidata Q281405 carries 'Polo' as its TONGAN label, and Polo is a chili pepper variety. Q485796 carries 'polo' as its TALYSH label, and that is the rice dish, pilaf. Q855373 carries 'Polo' in Galician and 'polo' in Spanish, and that is an ice lolly. Neither of the other two is anchored in Tongan, so nothing in the pipeline could see the collision. The pilaf names then arrived on the Tabasco pepper row in about 25 languages. Same mechanism as ni/nickel, gula/sugar, Slovene moka putting Turkish coffee on flour, Catalan costo putting economics on hashish, kava on espresso and German Kapuziner putting cappuccino on a birch bolete. ⚠️ MEASURED: 0 recipe lines on any of these names, and pilaf is not otherwise in the library, so the concept becomes unreachable rather than moving. That is correct here, since a Tabasco pepper row is not where anyone should find pilaf.",2026-08-25
wikidata,Q281405,drop_variation,plovas,"⚠️ AN EIGHTH CROSS-LANGUAGE HOMOGRAPH, AND THE FIRST THREE-WAY ONE. The bucket is 'polo' and three unrelated concepts sit in it. Wikidata Q281405 carries 'Polo' as its TONGAN label, and Polo is a chili pepper variety. Q485796 carries 'polo' as its TALYSH label, and that is the rice dish, pilaf. Q855373 carries 'Polo' in Galician and 'polo' in Spanish, and that is an ice lolly. Neither of the other two is anchored in Tongan, so nothing in the pipeline could see the collision. The pilaf names then arrived on the Tabasco pepper row in about 25 languages. Same mechanism as ni/nickel, gula/sugar, Slovene moka putting Turkish coffee on flour, Catalan costo putting economics on hashish, kava on espresso and German Kapuziner putting cappuccino on a birch bolete. ⚠️ MEASURED: 0 recipe lines on any of these names, and pilaf is not otherwise in the library, so the concept becomes unreachable rather than moving. That is correct here, since a Tabasco pepper row is not where anyone should find pilaf.",2026-08-25
wikidata,Q281405,drop_variation,plovlar,"⚠️ AN EIGHTH CROSS-LANGUAGE HOMOGRAPH, AND THE FIRST THREE-WAY ONE. The bucket is 'polo' and three unrelated concepts sit in it. Wikidata Q281405 carries 'Polo' as its TONGAN label, and Polo is a chili pepper variety. Q485796 carries 'polo' as its TALYSH label, and that is the rice dish, pilaf. Q855373 carries 'Polo' in Galician and 'polo' in Spanish, and that is an ice lolly. Neither of the other two is anchored in Tongan, so nothing in the pipeline could see the collision. The pilaf names then arrived on the Tabasco pepper row in about 25 languages. Same mechanism as ni/nickel, gula/sugar, Slovene moka putting Turkish coffee on flour, Catalan costo putting economics on hashish, kava on espresso and German Kapuziner putting cappuccino on a birch bolete. ⚠️ MEASURED: 0 recipe lines on any of these names, and pilaf is not otherwise in the library, so the concept becomes unreachable rather than moving. That is correct here, since a Tabasco pepper row is not where anyone should find pilaf.",2026-08-25
wikidata,Q281405,drop_variation,plovs,"⚠️ AN EIGHTH CROSS-LANGUAGE HOMOGRAPH, AND THE FIRST THREE-WAY ONE. The bucket is 'polo' and three unrelated concepts sit in it. Wikidata Q281405 carries 'Polo' as its TONGAN label, and Polo is a chili pepper variety. Q485796 carries 'polo' as its TALYSH label, and that is the rice dish, pilaf. Q855373 carries 'Polo' in Galician and 'polo' in Spanish, and that is an ice lolly. Neither of the other two is anchored in Tongan, so nothing in the pipeline could see the collision. The pilaf names then arrived on the Tabasco pepper row in about 25 languages. Same mechanism as ni/nickel, gula/sugar, Slovene moka putting Turkish coffee on flour, Catalan costo putting economics on hashish, kava on espresso and German Kapuziner putting cappuccino on a birch bolete. ⚠️ MEASURED: 0 recipe lines on any of these names, and pilaf is not otherwise in the library, so the concept becomes unreachable rather than moving. That is correct here, since a Tabasco pepper row is not where anyone should find pilaf.",2026-08-25
wikidata,Q281405,drop_variation,polao,"⚠️ AN EIGHTH CROSS-LANGUAGE HOMOGRAPH, AND THE FIRST THREE-WAY ONE. The bucket is 'polo' and three unrelated concepts sit in it. Wikidata Q281405 carries 'Polo' as its TONGAN label, and Polo is a chili pepper variety. Q485796 carries 'polo' as its TALYSH label, and that is the rice dish, pilaf. Q855373 carries 'Polo' in Galician and 'polo' in Spanish, and that is an ice lolly. Neither of the other two is anchored in Tongan, so nothing in the pipeline could see the collision. The pilaf names then arrived on the Tabasco pepper row in about 25 languages. Same mechanism as ni/nickel, gula/sugar, Slovene moka putting Turkish coffee on flour, Catalan costo putting economics on hashish, kava on espresso and German Kapuziner putting cappuccino on a birch bolete. ⚠️ MEASURED: 0 recipe lines on any of these names, and pilaf is not otherwise in the library, so the concept becomes unreachable rather than moving. That is correct here, since a Tabasco pepper row is not where anyone should find pilaf.",2026-08-25
wikidata,Q281405,drop_variation,polo,"⚠️ AN EIGHTH CROSS-LANGUAGE HOMOGRAPH, AND THE FIRST THREE-WAY ONE. The bucket is 'polo' and three unrelated concepts sit in it. Wikidata Q281405 carries 'Polo' as its TONGAN label, and Polo is a chili pepper variety. Q485796 carries 'polo' as its TALYSH label, and that is the rice dish, pilaf. Q855373 carries 'Polo' in Galician and 'polo' in Spanish, and that is an ice lolly. Neither of the other two is anchored in Tongan, so nothing in the pipeline could see the collision. The pilaf names then arrived on the Tabasco pepper row in about 25 languages. Same mechanism as ni/nickel, gula/sugar, Slovene moka putting Turkish coffee on flour, Catalan costo putting economics on hashish, kava on espresso and German Kapuziner putting cappuccino on a birch bolete. ⚠️ MEASURED: 0 recipe lines on any of these names, and pilaf is not otherwise in the library, so the concept becomes unreachable rather than moving. That is correct here, since a Tabasco pepper row is not where anyone should find pilaf.",2026-08-25
wikidata,Q281405,drop_variation,pulao,"⚠️ AN EIGHTH CROSS-LANGUAGE HOMOGRAPH, AND THE FIRST THREE-WAY ONE. The bucket is 'polo' and three unrelated concepts sit in it. Wikidata Q281405 carries 'Polo' as its TONGAN label, and Polo is a chili pepper variety. Q485796 carries 'polo' as its TALYSH label, and that is the rice dish, pilaf. Q855373 carries 'Polo' in Galician and 'polo' in Spanish, and that is an ice lolly. Neither of the other two is anchored in Tongan, so nothing in the pipeline could see the collision. The pilaf names then arrived on the Tabasco pepper row in about 25 languages. Same mechanism as ni/nickel, gula/sugar, Slovene moka putting Turkish coffee on flour, Catalan costo putting economics on hashish, kava on espresso and German Kapuziner putting cappuccino on a birch bolete. ⚠️ MEASURED: 0 recipe lines on any of these names, and pilaf is not otherwise in the library, so the concept becomes unreachable rather than moving. That is correct here, since a Tabasco pepper row is not where anyone should find pilaf.",2026-08-25
wikidata,Q281405,drop_variation,riz pilaf,"⚠️ AN EIGHTH CROSS-LANGUAGE HOMOGRAPH, AND THE FIRST THREE-WAY ONE. The bucket is 'polo' and three unrelated concepts sit in it. Wikidata Q281405 carries 'Polo' as its TONGAN label, and Polo is a chili pepper variety. Q485796 carries 'polo' as its TALYSH label, and that is the rice dish, pilaf. Q855373 carries 'Polo' in Galician and 'polo' in Spanish, and that is an ice lolly. Neither of the other two is anchored in Tongan, so nothing in the pipeline could see the collision. The pilaf names then arrived on the Tabasco pepper row in about 25 languages. Same mechanism as ni/nickel, gula/sugar, Slovene moka putting Turkish coffee on flour, Catalan costo putting economics on hashish, kava on espresso and German Kapuziner putting cappuccino on a birch bolete. ⚠️ MEASURED: 0 recipe lines on any of these names, and pilaf is not otherwise in the library, so the concept becomes unreachable rather than moving. That is correct here, since a Tabasco pepper row is not where anyone should find pilaf.",2026-08-25
wikidata,Q1548030,drop_variation,Paprika,"⚠️ A GROUND SPICE MERGED INTO A FRESH VEGETABLE, and a recipe asks for them separately. paprika (Q3127593) already exists and ALREADY CARRIES this name, so this is a MOVE rather than a deletion: after the drop the name resolves to the spice row alone. ⚠️ MEASURED: 'paprika' carries 4 recipe lines, and until now they landed on whichever of bell pepper and paprika won the lookup. ⚠️ NOT DROPPED, and the reason is in the report: Green paprika, Red paprika, Yellow paprika and Pimentão doce sit ONLY on bell pepper, so dropping them would delete rather than move, and in Dutch, German and Portuguese usage they name the FRESH VEGETABLE, which is the row they are already on.",2026-08-25
wikidata,Q1548030,drop_variation,Pimentón,"⚠️ A GROUND SPICE MERGED INTO A FRESH VEGETABLE, and a recipe asks for them separately. paprika (Q3127593) already exists and ALREADY CARRIES this name, so this is a MOVE rather than a deletion: after the drop the name resolves to the spice row alone. ⚠️ MEASURED: 'paprika' carries 4 recipe lines, and until now they landed on whichever of bell pepper and paprika won the lookup. ⚠️ NOT DROPPED, and the reason is in the report: Green paprika, Red paprika, Yellow paprika and Pimentão doce sit ONLY on bell pepper, so dropping them would delete rather than move, and in Dutch, German and Portuguese usage they name the FRESH VEGETABLE, which is the row they are already on.",2026-08-25
wikidata,Q1548030,drop_variation,Pimenton,"⚠️ A GROUND SPICE MERGED INTO A FRESH VEGETABLE, and a recipe asks for them separately. paprika (Q3127593) already exists and ALREADY CARRIES this name, so this is a MOVE rather than a deletion: after the drop the name resolves to the spice row alone. ⚠️ MEASURED: 'paprika' carries 4 recipe lines, and until now they landed on whichever of bell pepper and paprika won the lookup. ⚠️ NOT DROPPED, and the reason is in the report: Green paprika, Red paprika, Yellow paprika and Pimentão doce sit ONLY on bell pepper, so dropping them would delete rather than move, and in Dutch, German and Portuguese usage they name the FRESH VEGETABLE, which is the row they are already on.",2026-08-25
wikidata,Q1548030,drop_variation,Colorau,"⚠️ A GROUND SPICE MERGED INTO A FRESH VEGETABLE, and a recipe asks for them separately. paprika (Q3127593) already exists and ALREADY CARRIES this name, so this is a MOVE rather than a deletion: after the drop the name resolves to the spice row alone. ⚠️ MEASURED: 'paprika' carries 4 recipe lines, and until now they landed on whichever of bell pepper and paprika won the lookup. ⚠️ NOT DROPPED, and the reason is in the report: Green paprika, Red paprika, Yellow paprika and Pimentão doce sit ONLY on bell pepper, so dropping them would delete rather than move, and in Dutch, German and Portuguese usage they name the FRESH VEGETABLE, which is the row they are already on.",2026-08-25
wikidata,Q1898118,drop_variation,Garibaldi biscuit,"⚠️ NOT A NAME FOR A DRIED GRAPE. The sultana row is the Thompson Seedless synonym set and these two arrived with it. A Garibaldi biscuit is a currant-filled biscuit, which is a product made WITH the fruit rather than a name for it, and Sultaniye wine is a wine from the Sultaniye grape. Wikidata states the first as an English LABEL and en.wikipedia supplies the second as a redirect, so both read as real names to every rule in the store. ⚠️ MEASURED: 0 recipe lines each, and no other row carries either, so both become unreachable. Same shape as the twelve hot dog debate titles, one step further out: not a topic about the food, but a DIFFERENT food reached through it.",2026-08-25
wikidata,Q1898118,drop_variation,Sultaniye wine,"⚠️ NOT A NAME FOR A DRIED GRAPE. The sultana row is the Thompson Seedless synonym set and these two arrived with it. A Garibaldi biscuit is a currant-filled biscuit, which is a product made WITH the fruit rather than a name for it, and Sultaniye wine is a wine from the Sultaniye grape. Wikidata states the first as an English LABEL and en.wikipedia supplies the second as a redirect, so both read as real names to every rule in the store. ⚠️ MEASURED: 0 recipe lines each, and no other row carries either, so both become unreachable. Same shape as the twelve hot dog debate titles, one step further out: not a topic about the food, but a DIFFERENT food reached through it.",2026-08-25
wikidata,Q115618436,drop_variation,Largest Pizza,"⚠️ AN ARTICLE TITLE ABOUT A TOPIC IS NOT A NAME FOR A FOOD. Seven shape rules, each measured separately and each shipped only at 100 percent on everything read. The population is names on a kept row supplied ONLY by an en.wikipedia redirect, 13,223 of them. ⚠️ EVERY MECHANICAL CUT BEFORE THIS ONE KEYS ON A PROPERTY THESE DO NOT HAVE. They are well formed English, not initialisms, not symbols, not dead languages, not translations. The only thing they share is that they describe a topic rather than name a food, so the rule has to key on SHAPE. Recall was 11 of the 12 hot dog debate titles removed by hand, the miss being 'Ketchup on hot dogs'. Total 0 recipe lines, so nothing this removes was answering anything. THIS RULE: a list or a superlative. 'List of Mexican cheeses' is an index, not a cheese.",2026-08-25
wikidata,Q5620025,drop_variation,List of brined cheeses,"⚠️ AN ARTICLE TITLE ABOUT A TOPIC IS NOT A NAME FOR A FOOD. Seven shape rules, each measured separately and each shipped only at 100 percent on everything read. The population is names on a kept row supplied ONLY by an en.wikipedia redirect, 13,223 of them. ⚠️ EVERY MECHANICAL CUT BEFORE THIS ONE KEYS ON A PROPERTY THESE DO NOT HAVE. They are well formed English, not initialisms, not symbols, not dead languages, not translations. The only thing they share is that they describe a topic rather than name a food, so the rule has to key on SHAPE. Recall was 11 of the 12 hot dog debate titles removed by hand, the miss being 'Ketchup on hot dogs'. Total 0 recipe lines, so nothing this removes was answering anything. THIS RULE: a list or a superlative. 'List of Mexican cheeses' is an index, not a cheese.",2026-08-25
wikidata,Q654236,drop_variation,List of choice edible fungi,"⚠️ AN ARTICLE TITLE ABOUT A TOPIC IS NOT A NAME FOR A FOOD. Seven shape rules, each measured separately and each shipped only at 100 percent on everything read. The population is names on a kept row supplied ONLY by an en.wikipedia redirect, 13,223 of them. ⚠️ EVERY MECHANICAL CUT BEFORE THIS ONE KEYS ON A PROPERTY THESE DO NOT HAVE. They are well formed English, not initialisms, not symbols, not dead languages, not translations. The only thing they share is that they describe a topic rather than name a food, so the rule has to key on SHAPE. Recall was 11 of the 12 hot dog debate titles removed by hand, the miss being 'Ketchup on hot dogs'. Total 0 recipe lines, so nothing this removes was answering anything. THIS RULE: a list or a superlative. 'List of Mexican cheeses' is an index, not a cheese.",2026-08-25
wikidata,Q167296,drop_variation,List of ciders by country,"⚠️ AN ARTICLE TITLE ABOUT A TOPIC IS NOT A NAME FOR A FOOD. Seven shape rules, each measured separately and each shipped only at 100 percent on everything read. The population is names on a kept row supplied ONLY by an en.wikipedia redirect, 13,223 of them. ⚠️ EVERY MECHANICAL CUT BEFORE THIS ONE KEYS ON A PROPERTY THESE DO NOT HAVE. They are well formed English, not initialisms, not symbols, not dead languages, not translations. The only thing they share is that they describe a topic rather than name a food, so the rule has to key on SHAPE. Recall was 11 of the 12 hot dog debate titles removed by hand, the miss being 'Ketchup on hot dogs'. Total 0 recipe lines, so nothing this removes was answering anything. THIS RULE: a list or a superlative. 'List of Mexican cheeses' is an index, not a cheese.",2026-08-25
wikidata,Q2574750,drop_variation,List of citrus hybrids and cultivars,"⚠️ AN ARTICLE TITLE ABOUT A TOPIC IS NOT A NAME FOR A FOOD. Seven shape rules, each measured separately and each shipped only at 100 percent on everything read. The population is names on a kept row supplied ONLY by an en.wikipedia redirect, 13,223 of them. ⚠️ EVERY MECHANICAL CUT BEFORE THIS ONE KEYS ON A PROPERTY THESE DO NOT HAVE. They are well formed English, not initialisms, not symbols, not dead languages, not translations. The only thing they share is that they describe a topic rather than name a food, so the rule has to key on SHAPE. Recall was 11 of the 12 hot dog debate titles removed by hand, the miss being 'Ketchup on hot dogs'. Total 0 recipe lines, so nothing this removes was answering anything. THIS RULE: a list or a superlative. 'List of Mexican cheeses' is an index, not a cheese.",2026-08-25
wikidata,Q2903446,drop_variation,List of common edible cocktail garnishes,"⚠️ AN ARTICLE TITLE ABOUT A TOPIC IS NOT A NAME FOR A FOOD. Seven shape rules, each measured separately and each shipped only at 100 percent on everything read. The population is names on a kept row supplied ONLY by an en.wikipedia redirect, 13,223 of them. ⚠️ EVERY MECHANICAL CUT BEFORE THIS ONE KEYS ON A PROPERTY THESE DO NOT HAVE. They are well formed English, not initialisms, not symbols, not dead languages, not translations. The only thing they share is that they describe a topic rather than name a food, so the rule has to key on SHAPE. Recall was 11 of the 12 hot dog debate titles removed by hand, the miss being 'Ketchup on hot dogs'. Total 0 recipe lines, so nothing this removes was answering anything. THIS RULE: a list or a superlative. 'List of Mexican cheeses' is an index, not a cheese.",2026-08-25
wikidata,Q2903446,drop_variation,List of common inedible cocktail garnishes,"⚠️ AN ARTICLE TITLE ABOUT A TOPIC IS NOT A NAME FOR A FOOD. Seven shape rules, each measured separately and each shipped only at 100 percent on everything read. The population is names on a kept row supplied ONLY by an en.wikipedia redirect, 13,223 of them. ⚠️ EVERY MECHANICAL CUT BEFORE THIS ONE KEYS ON A PROPERTY THESE DO NOT HAVE. They are well formed English, not initialisms, not symbols, not dead languages, not translations. The only thing they share is that they describe a topic rather than name a food, so the rule has to key on SHAPE. Recall was 11 of the 12 hot dog debate titles removed by hand, the miss being 'Ketchup on hot dogs'. Total 0 recipe lines, so nothing this removes was answering anything. THIS RULE: a list or a superlative. 'List of Mexican cheeses' is an index, not a cheese.",2026-08-25
off_taxonomy,en:tea-leaf,drop_variation,List of countries by tea production,"⚠️ AN ARTICLE TITLE ABOUT A TOPIC IS NOT A NAME FOR A FOOD. Seven shape rules, each measured separately and each shipped only at 100 percent on everything read. The population is names on a kept row supplied ONLY by an en.wikipedia redirect, 13,223 of them. ⚠️ EVERY MECHANICAL CUT BEFORE THIS ONE KEYS ON A PROPERTY THESE DO NOT HAVE. They are well formed English, not initialisms, not symbols, not dead languages, not translations. The only thing they share is that they describe a topic rather than name a food, so the rule has to key on SHAPE. Recall was 11 of the 12 hot dog debate titles removed by hand, the miss being 'Ketchup on hot dogs'. Total 0 recipe lines, so nothing this removes was answering anything. THIS RULE: a list or a superlative. 'List of Mexican cheeses' is an index, not a cheese.",2026-08-25
wikidata,Q2046560,drop_variation,List of dips,"⚠️ AN ARTICLE TITLE ABOUT A TOPIC IS NOT A NAME FOR A FOOD. Seven shape rules, each measured separately and each shipped only at 100 percent on everything read. The population is names on a kept row supplied ONLY by an en.wikipedia redirect, 13,223 of them. ⚠️ EVERY MECHANICAL CUT BEFORE THIS ONE KEYS ON A PROPERTY THESE DO NOT HAVE. They are well formed English, not initialisms, not symbols, not dead languages, not translations. The only thing they share is that they describe a topic rather than name a food, so the rule has to key on SHAPE. Recall was 11 of the 12 hot dog debate titles removed by hand, the miss being 'Ketchup on hot dogs'. Total 0 recipe lines, so nothing this removes was answering anything. THIS RULE: a list or a superlative. 'List of Mexican cheeses' is an index, not a cheese.",2026-08-25
wikidata,Q542042,drop_variation,List of duck dishes,"⚠️ AN ARTICLE TITLE ABOUT A TOPIC IS NOT A NAME FOR A FOOD. Seven shape rules, each measured separately and each shipped only at 100 percent on everything read. The population is names on a kept row supplied ONLY by an en.wikipedia redirect, 13,223 of them. ⚠️ EVERY MECHANICAL CUT BEFORE THIS ONE KEYS ON A PROPERTY THESE DO NOT HAVE. They are well formed English, not initialisms, not symbols, not dead languages, not translations. The only thing they share is that they describe a topic rather than name a food, so the rule has to key on SHAPE. Recall was 11 of the 12 hot dog debate titles removed by hand, the miss being 'Ketchup on hot dogs'. Total 0 recipe lines, so nothing this removes was answering anything. THIS RULE: a list or a superlative. 'List of Mexican cheeses' is an index, not a cheese.",2026-08-25
wikidata,Q18560070,drop_variation,List of embotits,"⚠️ AN ARTICLE TITLE ABOUT A TOPIC IS NOT A NAME FOR A FOOD. Seven shape rules, each measured separately and each shipped only at 100 percent on everything read. The population is names on a kept row supplied ONLY by an en.wikipedia redirect, 13,223 of them. ⚠️ EVERY MECHANICAL CUT BEFORE THIS ONE KEYS ON A PROPERTY THESE DO NOT HAVE. They are well formed English, not initialisms, not symbols, not dead languages, not translations. The only thing they share is that they describe a topic rather than name a food, so the rule has to key on SHAPE. Recall was 11 of the 12 hot dog debate titles removed by hand, the miss being 'Ketchup on hot dogs'. Total 0 recipe lines, so nothing this removes was answering anything. THIS RULE: a list or a superlative. 'List of Mexican cheeses' is an index, not a cheese.",2026-08-25
wikidata,Q18560070,drop_variation,List of embutidos,"⚠️ AN ARTICLE TITLE ABOUT A TOPIC IS NOT A NAME FOR A FOOD. Seven shape rules, each measured separately and each shipped only at 100 percent on everything read. The population is names on a kept row supplied ONLY by an en.wikipedia redirect, 13,223 of them. ⚠️ EVERY MECHANICAL CUT BEFORE THIS ONE KEYS ON A PROPERTY THESE DO NOT HAVE. They are well formed English, not initialisms, not symbols, not dead languages, not translations. The only thing they share is that they describe a topic rather than name a food, so the rule has to key on SHAPE. Recall was 11 of the 12 hot dog debate titles removed by hand, the miss being 'Ketchup on hot dogs'. Total 0 recipe lines, so nothing this removes was answering anything. THIS RULE: a list or a superlative. 'List of Mexican cheeses' is an index, not a cheese.",2026-08-25
wikidata,Q18560070,drop_variation,List of enchidos,"⚠️ AN ARTICLE TITLE ABOUT A TOPIC IS NOT A NAME FOR A FOOD. Seven shape rules, each measured separately and each shipped only at 100 percent on everything read. The population is names on a kept row supplied ONLY by an en.wikipedia redirect, 13,223 of them. ⚠️ EVERY MECHANICAL CUT BEFORE THIS ONE KEYS ON A PROPERTY THESE DO NOT HAVE. They are well formed English, not initialisms, not symbols, not dead languages, not translations. The only thing they share is that they describe a topic rather than name a food, so the rule has to key on SHAPE. Recall was 11 of the 12 hot dog debate titles removed by hand, the miss being 'Ketchup on hot dogs'. Total 0 recipe lines, so nothing this removes was answering anything. THIS RULE: a list or a superlative. 'List of Mexican cheeses' is an index, not a cheese.",2026-08-25
wikidata,Q3506176,drop_variation,List of fermented milk products,"⚠️ AN ARTICLE TITLE ABOUT A TOPIC IS NOT A NAME FOR A FOOD. Seven shape rules, each measured separately and each shipped only at 100 percent on everything read. The population is names on a kept row supplied ONLY by an en.wikipedia redirect, 13,223 of them. ⚠️ EVERY MECHANICAL CUT BEFORE THIS ONE KEYS ON A PROPERTY THESE DO NOT HAVE. They are well formed English, not initialisms, not symbols, not dead languages, not translations. The only thing they share is that they describe a topic rather than name a food, so the rule has to key on SHAPE. Recall was 11 of the 12 hot dog debate titles removed by hand, the miss being 'Ketchup on hot dogs'. Total 0 recipe lines, so nothing this removes was answering anything. THIS RULE: a list or a superlative. 'List of Mexican cheeses' is an index, not a cheese.",2026-08-25
wikidata,Q753009,drop_variation,List of food dyes,"⚠️ AN ARTICLE TITLE ABOUT A TOPIC IS NOT A NAME FOR A FOOD. Seven shape rules, each measured separately and each shipped only at 100 percent on everything read. The population is names on a kept row supplied ONLY by an en.wikipedia redirect, 13,223 of them. ⚠️ EVERY MECHANICAL CUT BEFORE THIS ONE KEYS ON A PROPERTY THESE DO NOT HAVE. They are well formed English, not initialisms, not symbols, not dead languages, not translations. The only thing they share is that they describe a topic rather than name a food, so the rule has to key on SHAPE. Recall was 11 of the 12 hot dog debate titles removed by hand, the miss being 'Ketchup on hot dogs'. Total 0 recipe lines, so nothing this removes was answering anything. THIS RULE: a list or a superlative. 'List of Mexican cheeses' is an index, not a cheese.",2026-08-25
wikidata,Q178359,drop_variation,List of gravies,"⚠️ AN ARTICLE TITLE ABOUT A TOPIC IS NOT A NAME FOR A FOOD. Seven shape rules, each measured separately and each shipped only at 100 percent on everything read. The population is names on a kept row supplied ONLY by an en.wikipedia redirect, 13,223 of them. ⚠️ EVERY MECHANICAL CUT BEFORE THIS ONE KEYS ON A PROPERTY THESE DO NOT HAVE. They are well formed English, not initialisms, not symbols, not dead languages, not translations. The only thing they share is that they describe a topic rather than name a food, so the rule has to key on SHAPE. Recall was 11 of the 12 hot dog debate titles removed by hand, the miss being 'Ketchup on hot dogs'. Total 0 recipe lines, so nothing this removes was answering anything. THIS RULE: a list or a superlative. 'List of Mexican cheeses' is an index, not a cheese.",2026-08-25
wikidata,Q195,drop_variation,List of health effects of chocolate,"⚠️ AN ARTICLE TITLE ABOUT A TOPIC IS NOT A NAME FOR A FOOD. Seven shape rules, each measured separately and each shipped only at 100 percent on everything read. The population is names on a kept row supplied ONLY by an en.wikipedia redirect, 13,223 of them. ⚠️ EVERY MECHANICAL CUT BEFORE THIS ONE KEYS ON A PROPERTY THESE DO NOT HAVE. They are well formed English, not initialisms, not symbols, not dead languages, not translations. The only thing they share is that they describe a topic rather than name a food, so the rule has to key on SHAPE. Recall was 11 of the 12 hot dog debate titles removed by hand, the miss being 'Ketchup on hot dogs'. Total 0 recipe lines, so nothing this removes was answering anything. THIS RULE: a list or a superlative. 'List of Mexican cheeses' is an index, not a cheese.",2026-08-25
wikidata,Q141898,drop_variation,List of kimchi varieties,"⚠️ AN ARTICLE TITLE ABOUT A TOPIC IS NOT A NAME FOR A FOOD. Seven shape rules, each measured separately and each shipped only at 100 percent on everything read. The population is names on a kept row supplied ONLY by an en.wikipedia redirect, 13,223 of them. ⚠️ EVERY MECHANICAL CUT BEFORE THIS ONE KEYS ON A PROPERTY THESE DO NOT HAVE. They are well formed English, not initialisms, not symbols, not dead languages, not translations. The only thing they share is that they describe a topic rather than name a food, so the rule has to key on SHAPE. Recall was 11 of the 12 hot dog debate titles removed by hand, the miss being 'Ketchup on hot dogs'. Total 0 recipe lines, so nothing this removes was answering anything. THIS RULE: a list or a superlative. 'List of Mexican cheeses' is an index, not a cheese.",2026-08-25
wikidata,Q5881191,drop_variation,List of melons,"⚠️ AN ARTICLE TITLE ABOUT A TOPIC IS NOT A NAME FOR A FOOD. Seven shape rules, each measured separately and each shipped only at 100 percent on everything read. The population is names on a kept row supplied ONLY by an en.wikipedia redirect, 13,223 of them. ⚠️ EVERY MECHANICAL CUT BEFORE THIS ONE KEYS ON A PROPERTY THESE DO NOT HAVE. They are well formed English, not initialisms, not symbols, not dead languages, not translations. The only thing they share is that they describe a topic rather than name a food, so the rule has to key on SHAPE. Recall was 11 of the 12 hot dog debate titles removed by hand, the miss being 'Ketchup on hot dogs'. Total 0 recipe lines, so nothing this removes was answering anything. THIS RULE: a list or a superlative. 'List of Mexican cheeses' is an index, not a cheese.",2026-08-25
wikidata,Q5089436,drop_variation,List of Mexican cheeses,"⚠️ AN ARTICLE TITLE ABOUT A TOPIC IS NOT A NAME FOR A FOOD. Seven shape rules, each measured separately and each shipped only at 100 percent on everything read. The population is names on a kept row supplied ONLY by an en.wikipedia redirect, 13,223 of them. ⚠️ EVERY MECHANICAL CUT BEFORE THIS ONE KEYS ON A PROPERTY THESE DO NOT HAVE. They are well formed English, not initialisms, not symbols, not dead languages, not translations. The only thing they share is that they describe a topic rather than name a food, so the rule has to key on SHAPE. Recall was 11 of the 12 hot dog debate titles removed by hand, the miss being 'Ketchup on hot dogs'. Total 0 recipe lines, so nothing this removes was answering anything. THIS RULE: a list or a superlative. 'List of Mexican cheeses' is an index, not a cheese.",2026-08-25
wikidata,Q5089436,drop_variation,List of mexican cheeses,"⚠️ AN ARTICLE TITLE ABOUT A TOPIC IS NOT A NAME FOR A FOOD. Seven shape rules, each measured separately and each shipped only at 100 percent on everything read. The population is names on a kept row supplied ONLY by an en.wikipedia redirect, 13,223 of them. ⚠️ EVERY MECHANICAL CUT BEFORE THIS ONE KEYS ON A PROPERTY THESE DO NOT HAVE. They are well formed English, not initialisms, not symbols, not dead languages, not translations. The only thing they share is that they describe a topic rather than name a food, so the rule has to key on SHAPE. Recall was 11 of the 12 hot dog debate titles removed by hand, the miss being 'Ketchup on hot dogs'. Total 0 recipe lines, so nothing this removes was answering anything. THIS RULE: a list or a superlative. 'List of Mexican cheeses' is an index, not a cheese.",2026-08-25
wikidata,Q22907764,drop_variation,List of pickled fruits,"⚠️ AN ARTICLE TITLE ABOUT A TOPIC IS NOT A NAME FOR A FOOD. Seven shape rules, each measured separately and each shipped only at 100 percent on everything read. The population is names on a kept row supplied ONLY by an en.wikipedia redirect, 13,223 of them. ⚠️ EVERY MECHANICAL CUT BEFORE THIS ONE KEYS ON A PROPERTY THESE DO NOT HAVE. They are well formed English, not initialisms, not symbols, not dead languages, not translations. The only thing they share is that they describe a topic rather than name a food, so the rule has to key on SHAPE. Recall was 11 of the 12 hot dog debate titles removed by hand, the miss being 'Ketchup on hot dogs'. Total 0 recipe lines, so nothing this removes was answering anything. THIS RULE: a list or a superlative. 'List of Mexican cheeses' is an index, not a cheese.",2026-08-25
wikidata,Q13179,drop_variation,List of raspberry cultivars,"⚠️ AN ARTICLE TITLE ABOUT A TOPIC IS NOT A NAME FOR A FOOD. Seven shape rules, each measured separately and each shipped only at 100 percent on everything read. The population is names on a kept row supplied ONLY by an en.wikipedia redirect, 13,223 of them. ⚠️ EVERY MECHANICAL CUT BEFORE THIS ONE KEYS ON A PROPERTY THESE DO NOT HAVE. They are well formed English, not initialisms, not symbols, not dead languages, not translations. The only thing they share is that they describe a topic rather than name a food, so the rule has to key on SHAPE. Recall was 11 of the 12 hot dog debate titles removed by hand, the miss being 'Ketchup on hot dogs'. Total 0 recipe lines, so nothing this removes was answering anything. THIS RULE: a list or a superlative. 'List of Mexican cheeses' is an index, not a cheese.",2026-08-25
wikidata,Q13179,drop_variation,List of raspberry varieties,"⚠️ AN ARTICLE TITLE ABOUT A TOPIC IS NOT A NAME FOR A FOOD. Seven shape rules, each measured separately and each shipped only at 100 percent on everything read. The population is names on a kept row supplied ONLY by an en.wikipedia redirect, 13,223 of them. ⚠️ EVERY MECHANICAL CUT BEFORE THIS ONE KEYS ON A PROPERTY THESE DO NOT HAVE. They are well formed English, not initialisms, not symbols, not dead languages, not translations. The only thing they share is that they describe a topic rather than name a food, so the rule has to key on SHAPE. Recall was 11 of the 12 hot dog debate titles removed by hand, the miss being 'Ketchup on hot dogs'. Total 0 recipe lines, so nothing this removes was answering anything. THIS RULE: a list or a superlative. 'List of Mexican cheeses' is an index, not a cheese.",2026-08-25
wikidata,Q60429771,drop_variation,List of relishes,"⚠️ AN ARTICLE TITLE ABOUT A TOPIC IS NOT A NAME FOR A FOOD. Seven shape rules, each measured separately and each shipped only at 100 percent on everything read. The population is names on a kept row supplied ONLY by an en.wikipedia redirect, 13,223 of them. ⚠️ EVERY MECHANICAL CUT BEFORE THIS ONE KEYS ON A PROPERTY THESE DO NOT HAVE. They are well formed English, not initialisms, not symbols, not dead languages, not translations. The only thing they share is that they describe a topic rather than name a food, so the rule has to key on SHAPE. Recall was 11 of the 12 hot dog debate titles removed by hand, the miss being 'Ketchup on hot dogs'. Total 0 recipe lines, so nothing this removes was answering anything. THIS RULE: a list or a superlative. 'List of Mexican cheeses' is an index, not a cheese.",2026-08-25
wikidata,Q1322949,drop_variation,List of rice noodles,"⚠️ AN ARTICLE TITLE ABOUT A TOPIC IS NOT A NAME FOR A FOOD. Seven shape rules, each measured separately and each shipped only at 100 percent on everything read. The population is names on a kept row supplied ONLY by an en.wikipedia redirect, 13,223 of them. ⚠️ EVERY MECHANICAL CUT BEFORE THIS ONE KEYS ON A PROPERTY THESE DO NOT HAVE. They are well formed English, not initialisms, not symbols, not dead languages, not translations. The only thing they share is that they describe a topic rather than name a food, so the rule has to key on SHAPE. Recall was 11 of the 12 hot dog debate titles removed by hand, the miss being 'Ketchup on hot dogs'. Total 0 recipe lines, so nothing this removes was answering anything. THIS RULE: a list or a superlative. 'List of Mexican cheeses' is an index, not a cheese.",2026-08-25
wikidata,Q20136,drop_variation,List of root vegetables,"⚠️ AN ARTICLE TITLE ABOUT A TOPIC IS NOT A NAME FOR A FOOD. Seven shape rules, each measured separately and each shipped only at 100 percent on everything read. The population is names on a kept row supplied ONLY by an en.wikipedia redirect, 13,223 of them. ⚠️ EVERY MECHANICAL CUT BEFORE THIS ONE KEYS ON A PROPERTY THESE DO NOT HAVE. They are well formed English, not initialisms, not symbols, not dead languages, not translations. The only thing they share is that they describe a topic rather than name a food, so the rule has to key on SHAPE. Recall was 11 of the 12 hot dog debate titles removed by hand, the miss being 'Ketchup on hot dogs'. Total 0 recipe lines, so nothing this removes was answering anything. THIS RULE: a list or a superlative. 'List of Mexican cheeses' is an index, not a cheese.",2026-08-25
wikidata,Q844144,drop_variation,List of tropical fruittrees,"⚠️ AN ARTICLE TITLE ABOUT A TOPIC IS NOT A NAME FOR A FOOD. Seven shape rules, each measured separately and each shipped only at 100 percent on everything read. The population is names on a kept row supplied ONLY by an en.wikipedia redirect, 13,223 of them. ⚠️ EVERY MECHANICAL CUT BEFORE THIS ONE KEYS ON A PROPERTY THESE DO NOT HAVE. They are well formed English, not initialisms, not symbols, not dead languages, not translations. The only thing they share is that they describe a topic rather than name a food, so the rule has to key on SHAPE. Recall was 11 of the 12 hot dog debate titles removed by hand, the miss being 'Ketchup on hot dogs'. Total 0 recipe lines, so nothing this removes was answering anything. THIS RULE: a list or a superlative. 'List of Mexican cheeses' is an index, not a cheese.",2026-08-25
wikidata,Q20136,drop_variation,List of underground vegetables,"⚠️ AN ARTICLE TITLE ABOUT A TOPIC IS NOT A NAME FOR A FOOD. Seven shape rules, each measured separately and each shipped only at 100 percent on everything read. The population is names on a kept row supplied ONLY by an en.wikipedia redirect, 13,223 of them. ⚠️ EVERY MECHANICAL CUT BEFORE THIS ONE KEYS ON A PROPERTY THESE DO NOT HAVE. They are well formed English, not initialisms, not symbols, not dead languages, not translations. The only thing they share is that they describe a topic rather than name a food, so the rule has to key on SHAPE. Recall was 11 of the 12 hot dog debate titles removed by hand, the miss being 'Ketchup on hot dogs'. Total 0 recipe lines, so nothing this removes was answering anything. THIS RULE: a list or a superlative. 'List of Mexican cheeses' is an index, not a cheese.",2026-08-25
wikidata,Q8047551,drop_variation,List of yam diseases,"⚠️ AN ARTICLE TITLE ABOUT A TOPIC IS NOT A NAME FOR A FOOD. Seven shape rules, each measured separately and each shipped only at 100 percent on everything read. The population is names on a kept row supplied ONLY by an en.wikipedia redirect, 13,223 of them. ⚠️ EVERY MECHANICAL CUT BEFORE THIS ONE KEYS ON A PROPERTY THESE DO NOT HAVE. They are well formed English, not initialisms, not symbols, not dead languages, not translations. The only thing they share is that they describe a topic rather than name a food, so the rule has to key on SHAPE. Recall was 11 of the 12 hot dog debate titles removed by hand, the miss being 'Ketchup on hot dogs'. Total 0 recipe lines, so nothing this removes was answering anything. THIS RULE: a list or a superlative. 'List of Mexican cheeses' is an index, not a cheese.",2026-08-25
wikidata,Q131419,drop_variation,World's most expensive hot dog,"⚠️ AN ARTICLE TITLE ABOUT A TOPIC IS NOT A NAME FOR A FOOD. Seven shape rules, each measured separately and each shipped only at 100 percent on everything read. The population is names on a kept row supplied ONLY by an en.wikipedia redirect, 13,223 of them. ⚠️ EVERY MECHANICAL CUT BEFORE THIS ONE KEYS ON A PROPERTY THESE DO NOT HAVE. They are well formed English, not initialisms, not symbols, not dead languages, not translations. The only thing they share is that they describe a topic rather than name a food, so the rule has to key on SHAPE. Recall was 11 of the 12 hot dog debate titles removed by hand, the miss being 'Ketchup on hot dogs'. Total 0 recipe lines, so nothing this removes was answering anything. THIS RULE: a list or a superlative. 'List of Mexican cheeses' is an index, not a cheese.",2026-08-25
wikidata,Q7372,drop_variation,Evolutionary history of sharks,"⚠️ AN ARTICLE TITLE ABOUT A TOPIC IS NOT A NAME FOR A FOOD. Seven shape rules, each measured separately and each shipped only at 100 percent on everything read. The population is names on a kept row supplied ONLY by an en.wikipedia redirect, 13,223 of them. ⚠️ EVERY MECHANICAL CUT BEFORE THIS ONE KEYS ON A PROPERTY THESE DO NOT HAVE. They are well formed English, not initialisms, not symbols, not dead languages, not translations. The only thing they share is that they describe a topic rather than name a food, so the rule has to key on SHAPE. Recall was 11 of the 12 hot dog debate titles removed by hand, the miss being 'Ketchup on hot dogs'. Total 0 recipe lines, so nothing this removes was answering anything. THIS RULE: a history. 'History of pasta' is an article about pasta, not a pasta.",2026-08-25
wikidata,Q11411983,drop_variation,History of banana production in Taiwan,"⚠️ AN ARTICLE TITLE ABOUT A TOPIC IS NOT A NAME FOR A FOOD. Seven shape rules, each measured separately and each shipped only at 100 percent on everything read. The population is names on a kept row supplied ONLY by an en.wikipedia redirect, 13,223 of them. ⚠️ EVERY MECHANICAL CUT BEFORE THIS ONE KEYS ON A PROPERTY THESE DO NOT HAVE. They are well formed English, not initialisms, not symbols, not dead languages, not translations. The only thing they share is that they describe a topic rather than name a food, so the rule has to key on SHAPE. Recall was 11 of the 12 hot dog debate titles removed by hand, the miss being 'Ketchup on hot dogs'. Total 0 recipe lines, so nothing this removes was answering anything. THIS RULE: a history. 'History of pasta' is an article about pasta, not a pasta.",2026-08-25
wikidata,Q47722,drop_variation,History of broccoli,"⚠️ AN ARTICLE TITLE ABOUT A TOPIC IS NOT A NAME FOR A FOOD. Seven shape rules, each measured separately and each shipped only at 100 percent on everything read. The population is names on a kept row supplied ONLY by an en.wikipedia redirect, 13,223 of them. ⚠️ EVERY MECHANICAL CUT BEFORE THIS ONE KEYS ON A PROPERTY THESE DO NOT HAVE. They are well formed English, not initialisms, not symbols, not dead languages, not translations. The only thing they share is that they describe a topic rather than name a food, so the rule has to key on SHAPE. Recall was 11 of the 12 hot dog debate titles removed by hand, the miss being 'Ketchup on hot dogs'. Total 0 recipe lines, so nothing this removes was answering anything. THIS RULE: a history. 'History of pasta' is an article about pasta, not a pasta.",2026-08-25
wikidata,Q29330,drop_variation,History of cake,"⚠️ AN ARTICLE TITLE ABOUT A TOPIC IS NOT A NAME FOR A FOOD. Seven shape rules, each measured separately and each shipped only at 100 percent on everything read. The population is names on a kept row supplied ONLY by an en.wikipedia redirect, 13,223 of them. ⚠️ EVERY MECHANICAL CUT BEFORE THIS ONE KEYS ON A PROPERTY THESE DO NOT HAVE. They are well formed English, not initialisms, not symbols, not dead languages, not translations. The only thing they share is that they describe a topic rather than name a food, so the rule has to key on SHAPE. Recall was 11 of the 12 hot dog debate titles removed by hand, the miss being 'Ketchup on hot dogs'. Total 0 recipe lines, so nothing this removes was answering anything. THIS RULE: a history. 'History of pasta' is an article about pasta, not a pasta.",2026-08-25
off_taxonomy,en:black-carrot,drop_variation,History of carrots,"⚠️ AN ARTICLE TITLE ABOUT A TOPIC IS NOT A NAME FOR A FOOD. Seven shape rules, each measured separately and each shipped only at 100 percent on everything read. The population is names on a kept row supplied ONLY by an en.wikipedia redirect, 13,223 of them. ⚠️ EVERY MECHANICAL CUT BEFORE THIS ONE KEYS ON A PROPERTY THESE DO NOT HAVE. They are well formed English, not initialisms, not symbols, not dead languages, not translations. The only thing they share is that they describe a topic rather than name a food, so the rule has to key on SHAPE. Recall was 11 of the 12 hot dog debate titles removed by hand, the miss being 'Ketchup on hot dogs'. Total 0 recipe lines, so nothing this removes was answering anything. THIS RULE: a history. 'History of pasta' is an article about pasta, not a pasta.",2026-08-25
wikidata,Q165199,drop_variation,History of chili peppers,"⚠️ AN ARTICLE TITLE ABOUT A TOPIC IS NOT A NAME FOR A FOOD. Seven shape rules, each measured separately and each shipped only at 100 percent on everything read. The population is names on a kept row supplied ONLY by an en.wikipedia redirect, 13,223 of them. ⚠️ EVERY MECHANICAL CUT BEFORE THIS ONE KEYS ON A PROPERTY THESE DO NOT HAVE. They are well formed English, not initialisms, not symbols, not dead languages, not translations. The only thing they share is that they describe a topic rather than name a food, so the rule has to key on SHAPE. Recall was 11 of the 12 hot dog debate titles removed by hand, the miss being 'Ketchup on hot dogs'. Total 0 recipe lines, so nothing this removes was answering anything. THIS RULE: a history. 'History of pasta' is an article about pasta, not a pasta.",2026-08-25
wikidata,Q13270,drop_variation,History of cookies,"⚠️ AN ARTICLE TITLE ABOUT A TOPIC IS NOT A NAME FOR A FOOD. Seven shape rules, each measured separately and each shipped only at 100 percent on everything read. The population is names on a kept row supplied ONLY by an en.wikipedia redirect, 13,223 of them. ⚠️ EVERY MECHANICAL CUT BEFORE THIS ONE KEYS ON A PROPERTY THESE DO NOT HAVE. They are well formed English, not initialisms, not symbols, not dead languages, not translations. The only thing they share is that they describe a topic rather than name a food, so the rule has to key on SHAPE. Recall was 11 of the 12 hot dog debate titles removed by hand, the miss being 'Ketchup on hot dogs'. Total 0 recipe lines, so nothing this removes was answering anything. THIS RULE: a history. 'History of pasta' is an article about pasta, not a pasta.",2026-08-25
wikidata,Q1144935,drop_variation,History of curry,"⚠️ AN ARTICLE TITLE ABOUT A TOPIC IS NOT A NAME FOR A FOOD. Seven shape rules, each measured separately and each shipped only at 100 percent on everything read. The population is names on a kept row supplied ONLY by an en.wikipedia redirect, 13,223 of them. ⚠️ EVERY MECHANICAL CUT BEFORE THIS ONE KEYS ON A PROPERTY THESE DO NOT HAVE. They are well formed English, not initialisms, not symbols, not dead languages, not translations. The only thing they share is that they describe a topic rather than name a food, so the rule has to key on SHAPE. Recall was 11 of the 12 hot dog debate titles removed by hand, the miss being 'Ketchup on hot dogs'. Total 0 recipe lines, so nothing this removes was answering anything. THIS RULE: a history. 'History of pasta' is an article about pasta, not a pasta.",2026-08-25
wikidata,Q955945,drop_variation,History of dried cherries,"⚠️ AN ARTICLE TITLE ABOUT A TOPIC IS NOT A NAME FOR A FOOD. Seven shape rules, each measured separately and each shipped only at 100 percent on everything read. The population is names on a kept row supplied ONLY by an en.wikipedia redirect, 13,223 of them. ⚠️ EVERY MECHANICAL CUT BEFORE THIS ONE KEYS ON A PROPERTY THESE DO NOT HAVE. They are well formed English, not initialisms, not symbols, not dead languages, not translations. The only thing they share is that they describe a topic rather than name a food, so the rule has to key on SHAPE. Recall was 11 of the 12 hot dog debate titles removed by hand, the miss being 'Ketchup on hot dogs'. Total 0 recipe lines, so nothing this removes was answering anything. THIS RULE: a history. 'History of pasta' is an article about pasta, not a pasta.",2026-08-25
wikidata,Q12533094,drop_variation,History of eggplant,"⚠️ AN ARTICLE TITLE ABOUT A TOPIC IS NOT A NAME FOR A FOOD. Seven shape rules, each measured separately and each shipped only at 100 percent on everything read. The population is names on a kept row supplied ONLY by an en.wikipedia redirect, 13,223 of them. ⚠️ EVERY MECHANICAL CUT BEFORE THIS ONE KEYS ON A PROPERTY THESE DO NOT HAVE. They are well formed English, not initialisms, not symbols, not dead languages, not translations. The only thing they share is that they describe a topic rather than name a food, so the rule has to key on SHAPE. Recall was 11 of the 12 hot dog debate titles removed by hand, the miss being 'Ketchup on hot dogs'. Total 0 recipe lines, so nothing this removes was answering anything. THIS RULE: a history. 'History of pasta' is an article about pasta, not a pasta.",2026-08-25
wikidata,Q104158392,drop_variation,History of French mother sauces,"⚠️ AN ARTICLE TITLE ABOUT A TOPIC IS NOT A NAME FOR A FOOD. Seven shape rules, each measured separately and each shipped only at 100 percent on everything read. The population is names on a kept row supplied ONLY by an en.wikipedia redirect, 13,223 of them. ⚠️ EVERY MECHANICAL CUT BEFORE THIS ONE KEYS ON A PROPERTY THESE DO NOT HAVE. They are well formed English, not initialisms, not symbols, not dead languages, not translations. The only thing they share is that they describe a topic rather than name a food, so the rule has to key on SHAPE. Recall was 11 of the 12 hot dog debate titles removed by hand, the miss being 'Ketchup on hot dogs'. Total 0 recipe lines, so nothing this removes was answering anything. THIS RULE: a history. 'History of pasta' is an article about pasta, not a pasta.",2026-08-25
wikidata,Q128470835,drop_variation,History of grapes,"⚠️ AN ARTICLE TITLE ABOUT A TOPIC IS NOT A NAME FOR A FOOD. Seven shape rules, each measured separately and each shipped only at 100 percent on everything read. The population is names on a kept row supplied ONLY by an en.wikipedia redirect, 13,223 of them. ⚠️ EVERY MECHANICAL CUT BEFORE THIS ONE KEYS ON A PROPERTY THESE DO NOT HAVE. They are well formed English, not initialisms, not symbols, not dead languages, not translations. The only thing they share is that they describe a topic rather than name a food, so the rule has to key on SHAPE. Recall was 11 of the 12 hot dog debate titles removed by hand, the miss being 'Ketchup on hot dogs'. Total 0 recipe lines, so nothing this removes was answering anything. THIS RULE: a history. 'History of pasta' is an article about pasta, not a pasta.",2026-08-25
wikidata,Q13233,drop_variation,History of ice cream,"⚠️ AN ARTICLE TITLE ABOUT A TOPIC IS NOT A NAME FOR A FOOD. Seven shape rules, each measured separately and each shipped only at 100 percent on everything read. The population is names on a kept row supplied ONLY by an en.wikipedia redirect, 13,223 of them. ⚠️ EVERY MECHANICAL CUT BEFORE THIS ONE KEYS ON A PROPERTY THESE DO NOT HAVE. They are well formed English, not initialisms, not symbols, not dead languages, not translations. The only thing they share is that they describe a topic rather than name a food, so the rule has to key on SHAPE. Recall was 11 of the 12 hot dog debate titles removed by hand, the miss being 'Ketchup on hot dogs'. Total 0 recipe lines, so nothing this removes was answering anything. THIS RULE: a history. 'History of pasta' is an article about pasta, not a pasta.",2026-08-25
wikidata,Q902318,drop_variation,History of iodised salt,"⚠️ AN ARTICLE TITLE ABOUT A TOPIC IS NOT A NAME FOR A FOOD. Seven shape rules, each measured separately and each shipped only at 100 percent on everything read. The population is names on a kept row supplied ONLY by an en.wikipedia redirect, 13,223 of them. ⚠️ EVERY MECHANICAL CUT BEFORE THIS ONE KEYS ON A PROPERTY THESE DO NOT HAVE. They are well formed English, not initialisms, not symbols, not dead languages, not translations. The only thing they share is that they describe a topic rather than name a food, so the rule has to key on SHAPE. Recall was 11 of the 12 hot dog debate titles removed by hand, the miss being 'Ketchup on hot dogs'. Total 0 recipe lines, so nothing this removes was answering anything. THIS RULE: a history. 'History of pasta' is an article about pasta, not a pasta.",2026-08-25
wikidata,Q816663,drop_variation,History of jollof rice,"⚠️ AN ARTICLE TITLE ABOUT A TOPIC IS NOT A NAME FOR A FOOD. Seven shape rules, each measured separately and each shipped only at 100 percent on everything read. The population is names on a kept row supplied ONLY by an en.wikipedia redirect, 13,223 of them. ⚠️ EVERY MECHANICAL CUT BEFORE THIS ONE KEYS ON A PROPERTY THESE DO NOT HAVE. They are well formed English, not initialisms, not symbols, not dead languages, not translations. The only thing they share is that they describe a topic rather than name a food, so the rule has to key on SHAPE. Recall was 11 of the 12 hot dog debate titles removed by hand, the miss being 'Ketchup on hot dogs'. Total 0 recipe lines, so nothing this removes was answering anything. THIS RULE: a history. 'History of pasta' is an article about pasta, not a pasta.",2026-08-25
off_taxonomy,en:nachos,drop_variation,History of nachos,"⚠️ AN ARTICLE TITLE ABOUT A TOPIC IS NOT A NAME FOR A FOOD. Seven shape rules, each measured separately and each shipped only at 100 percent on everything read. The population is names on a kept row supplied ONLY by an en.wikipedia redirect, 13,223 of them. ⚠️ EVERY MECHANICAL CUT BEFORE THIS ONE KEYS ON A PROPERTY THESE DO NOT HAVE. They are well formed English, not initialisms, not symbols, not dead languages, not translations. The only thing they share is that they describe a topic rather than name a food, so the rule has to key on SHAPE. Recall was 11 of the 12 hot dog debate titles removed by hand, the miss being 'Ketchup on hot dogs'. Total 0 recipe lines, so nothing this removes was answering anything. THIS RULE: a history. 'History of pasta' is an article about pasta, not a pasta.",2026-08-25
wikidata,Q192874,drop_variation,History of noodles,"⚠️ AN ARTICLE TITLE ABOUT A TOPIC IS NOT A NAME FOR A FOOD. Seven shape rules, each measured separately and each shipped only at 100 percent on everything read. The population is names on a kept row supplied ONLY by an en.wikipedia redirect, 13,223 of them. ⚠️ EVERY MECHANICAL CUT BEFORE THIS ONE KEYS ON A PROPERTY THESE DO NOT HAVE. They are well formed English, not initialisms, not symbols, not dead languages, not translations. The only thing they share is that they describe a topic rather than name a food, so the rule has to key on SHAPE. Recall was 11 of the 12 hot dog debate titles removed by hand, the miss being 'Ketchup on hot dogs'. Total 0 recipe lines, so nothing this removes was answering anything. THIS RULE: a history. 'History of pasta' is an article about pasta, not a pasta.",2026-08-25
,pasta,drop_variation,History of pasta,"⚠️ AN ARTICLE TITLE ABOUT A TOPIC IS NOT A NAME FOR A FOOD. Seven shape rules, each measured separately and each shipped only at 100 percent on everything read. The population is names on a kept row supplied ONLY by an en.wikipedia redirect, 13,223 of them. ⚠️ EVERY MECHANICAL CUT BEFORE THIS ONE KEYS ON A PROPERTY THESE DO NOT HAVE. They are well formed English, not initialisms, not symbols, not dead languages, not translations. The only thing they share is that they describe a topic rather than name a food, so the rule has to key on SHAPE. Recall was 11 of the 12 hot dog debate titles removed by hand, the miss being 'Ketchup on hot dogs'. Total 0 recipe lines, so nothing this removes was answering anything. THIS RULE: a history. 'History of pasta' is an article about pasta, not a pasta.",2026-08-25
wikidata,Q170219,drop_variation,History of sake,"⚠️ AN ARTICLE TITLE ABOUT A TOPIC IS NOT A NAME FOR A FOOD. Seven shape rules, each measured separately and each shipped only at 100 percent on everything read. The population is names on a kept row supplied ONLY by an en.wikipedia redirect, 13,223 of them. ⚠️ EVERY MECHANICAL CUT BEFORE THIS ONE KEYS ON A PROPERTY THESE DO NOT HAVE. They are well formed English, not initialisms, not symbols, not dead languages, not translations. The only thing they share is that they describe a topic rather than name a food, so the rule has to key on SHAPE. Recall was 11 of the 12 hot dog debate titles removed by hand, the miss being 'Ketchup on hot dogs'. Total 0 recipe lines, so nothing this removes was answering anything. THIS RULE: a history. 'History of pasta' is an article about pasta, not a pasta.",2026-08-25
wikidata,Q229385,drop_variation,History of soy sauce,"⚠️ AN ARTICLE TITLE ABOUT A TOPIC IS NOT A NAME FOR A FOOD. Seven shape rules, each measured separately and each shipped only at 100 percent on everything read. The population is names on a kept row supplied ONLY by an en.wikipedia redirect, 13,223 of them. ⚠️ EVERY MECHANICAL CUT BEFORE THIS ONE KEYS ON A PROPERTY THESE DO NOT HAVE. They are well formed English, not initialisms, not symbols, not dead languages, not translations. The only thing they share is that they describe a topic rather than name a food, so the rule has to key on SHAPE. Recall was 11 of the 12 hot dog debate titles removed by hand, the miss being 'Ketchup on hot dogs'. Total 0 recipe lines, so nothing this removes was answering anything. THIS RULE: a history. 'History of pasta' is an article about pasta, not a pasta.",2026-08-25
wikidata,Q321263,drop_variation,History of Spumante,"⚠️ AN ARTICLE TITLE ABOUT A TOPIC IS NOT A NAME FOR A FOOD. Seven shape rules, each measured separately and each shipped only at 100 percent on everything read. The population is names on a kept row supplied ONLY by an en.wikipedia redirect, 13,223 of them. ⚠️ EVERY MECHANICAL CUT BEFORE THIS ONE KEYS ON A PROPERTY THESE DO NOT HAVE. They are well formed English, not initialisms, not symbols, not dead languages, not translations. The only thing they share is that they describe a topic rather than name a food, so the rule has to key on SHAPE. Recall was 11 of the 12 hot dog debate titles removed by hand, the miss being 'Ketchup on hot dogs'. Total 0 recipe lines, so nothing this removes was answering anything. THIS RULE: a history. 'History of pasta' is an article about pasta, not a pasta.",2026-08-25
wikidata,Q37937,drop_variation,History of sweet potatoes,"⚠️ AN ARTICLE TITLE ABOUT A TOPIC IS NOT A NAME FOR A FOOD. Seven shape rules, each measured separately and each shipped only at 100 percent on everything read. The population is names on a kept row supplied ONLY by an en.wikipedia redirect, 13,223 of them. ⚠️ EVERY MECHANICAL CUT BEFORE THIS ONE KEYS ON A PROPERTY THESE DO NOT HAVE. They are well formed English, not initialisms, not symbols, not dead languages, not translations. The only thing they share is that they describe a topic rather than name a food, so the rule has to key on SHAPE. Recall was 11 of the 12 hot dog debate titles removed by hand, the miss being 'Ketchup on hot dogs'. Total 0 recipe lines, so nothing this removes was answering anything. THIS RULE: a history. 'History of pasta' is an article about pasta, not a pasta.",2026-08-25
wikidata,Q585246,drop_variation,History of tacos,"⚠️ AN ARTICLE TITLE ABOUT A TOPIC IS NOT A NAME FOR A FOOD. Seven shape rules, each measured separately and each shipped only at 100 percent on everything read. The population is names on a kept row supplied ONLY by an en.wikipedia redirect, 13,223 of them. ⚠️ EVERY MECHANICAL CUT BEFORE THIS ONE KEYS ON A PROPERTY THESE DO NOT HAVE. They are well formed English, not initialisms, not symbols, not dead languages, not translations. The only thing they share is that they describe a topic rather than name a food, so the rule has to key on SHAPE. Recall was 11 of the 12 hot dog debate titles removed by hand, the miss being 'Ketchup on hot dogs'. Total 0 recipe lines, so nothing this removes was answering anything. THIS RULE: a history. 'History of pasta' is an article about pasta, not a pasta.",2026-08-25
wikidata,Q227997,drop_variation,History of taro,"⚠️ AN ARTICLE TITLE ABOUT A TOPIC IS NOT A NAME FOR A FOOD. Seven shape rules, each measured separately and each shipped only at 100 percent on everything read. The population is names on a kept row supplied ONLY by an en.wikipedia redirect, 13,223 of them. ⚠️ EVERY MECHANICAL CUT BEFORE THIS ONE KEYS ON A PROPERTY THESE DO NOT HAVE. They are well formed English, not initialisms, not symbols, not dead languages, not translations. The only thing they share is that they describe a topic rather than name a food, so the rule has to key on SHAPE. Recall was 11 of the 12 hot dog debate titles removed by hand, the miss being 'Ketchup on hot dogs'. Total 0 recipe lines, so nothing this removes was answering anything. THIS RULE: a history. 'History of pasta' is an article about pasta, not a pasta.",2026-08-25
wikidata,Q13241,drop_variation,History of vanilla,"⚠️ AN ARTICLE TITLE ABOUT A TOPIC IS NOT A NAME FOR A FOOD. Seven shape rules, each measured separately and each shipped only at 100 percent on everything read. The population is names on a kept row supplied ONLY by an en.wikipedia redirect, 13,223 of them. ⚠️ EVERY MECHANICAL CUT BEFORE THIS ONE KEYS ON A PROPERTY THESE DO NOT HAVE. They are well formed English, not initialisms, not symbols, not dead languages, not translations. The only thing they share is that they describe a topic rather than name a food, so the rule has to key on SHAPE. Recall was 11 of the 12 hot dog debate titles removed by hand, the miss being 'Ketchup on hot dogs'. Total 0 recipe lines, so nothing this removes was answering anything. THIS RULE: a history. 'History of pasta' is an article about pasta, not a pasta.",2026-08-25
wikidata,Q12071938,drop_variation,History of vanilla ice cream,"⚠️ AN ARTICLE TITLE ABOUT A TOPIC IS NOT A NAME FOR A FOOD. Seven shape rules, each measured separately and each shipped only at 100 percent on everything read. The population is names on a kept row supplied ONLY by an en.wikipedia redirect, 13,223 of them. ⚠️ EVERY MECHANICAL CUT BEFORE THIS ONE KEYS ON A PROPERTY THESE DO NOT HAVE. They are well formed English, not initialisms, not symbols, not dead languages, not translations. The only thing they share is that they describe a topic rather than name a food, so the rule has to key on SHAPE. Recall was 11 of the 12 hot dog debate titles removed by hand, the miss being 'Ketchup on hot dogs'. Total 0 recipe lines, so nothing this removes was answering anything. THIS RULE: a history. 'History of pasta' is an article about pasta, not a pasta.",2026-08-25
wikidata,Q15645384,drop_variation,History of wheat cultivation,"⚠️ AN ARTICLE TITLE ABOUT A TOPIC IS NOT A NAME FOR A FOOD. Seven shape rules, each measured separately and each shipped only at 100 percent on everything read. The population is names on a kept row supplied ONLY by an en.wikipedia redirect, 13,223 of them. ⚠️ EVERY MECHANICAL CUT BEFORE THIS ONE KEYS ON A PROPERTY THESE DO NOT HAVE. They are well formed English, not initialisms, not symbols, not dead languages, not translations. The only thing they share is that they describe a topic rather than name a food, so the rule has to key on SHAPE. Recall was 11 of the 12 hot dog debate titles removed by hand, the miss being 'Ketchup on hot dogs'. Total 0 recipe lines, so nothing this removes was answering anything. THIS RULE: a history. 'History of pasta' is an article about pasta, not a pasta.",2026-08-25
wikidata,Q585246,drop_variation,Taco history,"⚠️ AN ARTICLE TITLE ABOUT A TOPIC IS NOT A NAME FOR A FOOD. Seven shape rules, each measured separately and each shipped only at 100 percent on everything read. The population is names on a kept row supplied ONLY by an en.wikipedia redirect, 13,223 of them. ⚠️ EVERY MECHANICAL CUT BEFORE THIS ONE KEYS ON A PROPERTY THESE DO NOT HAVE. They are well formed English, not initialisms, not symbols, not dead languages, not translations. The only thing they share is that they describe a topic rather than name a food, so the rule has to key on SHAPE. Recall was 11 of the 12 hot dog debate titles removed by hand, the miss being 'Ketchup on hot dogs'. Total 0 recipe lines, so nothing this removes was answering anything. THIS RULE: a history. 'History of pasta' is an article about pasta, not a pasta.",2026-08-25
,pasta,drop_variation,The History of Pasta,"⚠️ AN ARTICLE TITLE ABOUT A TOPIC IS NOT A NAME FOR A FOOD. Seven shape rules, each measured separately and each shipped only at 100 percent on everything read. The population is names on a kept row supplied ONLY by an en.wikipedia redirect, 13,223 of them. ⚠️ EVERY MECHANICAL CUT BEFORE THIS ONE KEYS ON A PROPERTY THESE DO NOT HAVE. They are well formed English, not initialisms, not symbols, not dead languages, not translations. The only thing they share is that they describe a topic rather than name a food, so the rule has to key on SHAPE. Recall was 11 of the 12 hot dog debate titles removed by hand, the miss being 'Ketchup on hot dogs'. Total 0 recipe lines, so nothing this removes was answering anything. THIS RULE: a history. 'History of pasta' is an article about pasta, not a pasta.",2026-08-25
wikidata,Q107262071,drop_variation,Anthropology of meat eating,"⚠️ AN ARTICLE TITLE ABOUT A TOPIC IS NOT A NAME FOR A FOOD. Seven shape rules, each measured separately and each shipped only at 100 percent on everything read. The population is names on a kept row supplied ONLY by an en.wikipedia redirect, 13,223 of them. ⚠️ EVERY MECHANICAL CUT BEFORE THIS ONE KEYS ON A PROPERTY THESE DO NOT HAVE. They are well formed English, not initialisms, not symbols, not dead languages, not translations. The only thing they share is that they describe a topic rather than name a food, so the rule has to key on SHAPE. Recall was 11 of the 12 hot dog debate titles removed by hand, the miss being 'Ketchup on hot dogs'. Total 0 recipe lines, so nothing this removes was answering anything. THIS RULE: an event or an activity. 'Pancake race' and 'Meat eating' are things people DO.",2026-08-25
wikidata,Q167296,drop_variation,Cider festival,"⚠️ AN ARTICLE TITLE ABOUT A TOPIC IS NOT A NAME FOR A FOOD. Seven shape rules, each measured separately and each shipped only at 100 percent on everything read. The population is names on a kept row supplied ONLY by an en.wikipedia redirect, 13,223 of them. ⚠️ EVERY MECHANICAL CUT BEFORE THIS ONE KEYS ON A PROPERTY THESE DO NOT HAVE. They are well formed English, not initialisms, not symbols, not dead languages, not translations. The only thing they share is that they describe a topic rather than name a food, so the rule has to key on SHAPE. Recall was 11 of the 12 hot dog debate titles removed by hand, the miss being 'Ketchup on hot dogs'. Total 0 recipe lines, so nothing this removes was answering anything. THIS RULE: an event or an activity. 'Pancake race' and 'Meat eating' are things people DO.",2026-08-25
wikidata,Q826031,drop_variation,Dog eating,"⚠️ AN ARTICLE TITLE ABOUT A TOPIC IS NOT A NAME FOR A FOOD. Seven shape rules, each measured separately and each shipped only at 100 percent on everything read. The population is names on a kept row supplied ONLY by an en.wikipedia redirect, 13,223 of them. ⚠️ EVERY MECHANICAL CUT BEFORE THIS ONE KEYS ON A PROPERTY THESE DO NOT HAVE. They are well formed English, not initialisms, not symbols, not dead languages, not translations. The only thing they share is that they describe a topic rather than name a food, so the rule has to key on SHAPE. Recall was 11 of the 12 hot dog debate titles removed by hand, the miss being 'Ketchup on hot dogs'. Total 0 recipe lines, so nothing this removes was answering anything. THIS RULE: an event or an activity. 'Pancake race' and 'Meat eating' are things people DO.",2026-08-25
wikidata,Q826031,drop_variation,Dog-eating,"⚠️ AN ARTICLE TITLE ABOUT A TOPIC IS NOT A NAME FOR A FOOD. Seven shape rules, each measured separately and each shipped only at 100 percent on everything read. The population is names on a kept row supplied ONLY by an en.wikipedia redirect, 13,223 of them. ⚠️ EVERY MECHANICAL CUT BEFORE THIS ONE KEYS ON A PROPERTY THESE DO NOT HAVE. They are well formed English, not initialisms, not symbols, not dead languages, not translations. The only thing they share is that they describe a topic rather than name a food, so the rule has to key on SHAPE. Recall was 11 of the 12 hot dog debate titles removed by hand, the miss being 'Ketchup on hot dogs'. Total 0 recipe lines, so nothing this removes was answering anything. THIS RULE: an event or an activity. 'Pancake race' and 'Meat eating' are things people DO.",2026-08-25
wikidata,Q3270297,drop_variation,Giant vegetable competition,"⚠️ AN ARTICLE TITLE ABOUT A TOPIC IS NOT A NAME FOR A FOOD. Seven shape rules, each measured separately and each shipped only at 100 percent on everything read. The population is names on a kept row supplied ONLY by an en.wikipedia redirect, 13,223 of them. ⚠️ EVERY MECHANICAL CUT BEFORE THIS ONE KEYS ON A PROPERTY THESE DO NOT HAVE. They are well formed English, not initialisms, not symbols, not dead languages, not translations. The only thing they share is that they describe a topic rather than name a food, so the rule has to key on SHAPE. Recall was 11 of the 12 hot dog debate titles removed by hand, the miss being 'Ketchup on hot dogs'. Total 0 recipe lines, so nothing this removes was answering anything. THIS RULE: an event or an activity. 'Pancake race' and 'Meat eating' are things people DO.",2026-08-25
wikidata,Q3270297,drop_variation,Giant vegetable contest,"⚠️ AN ARTICLE TITLE ABOUT A TOPIC IS NOT A NAME FOR A FOOD. Seven shape rules, each measured separately and each shipped only at 100 percent on everything read. The population is names on a kept row supplied ONLY by an en.wikipedia redirect, 13,223 of them. ⚠️ EVERY MECHANICAL CUT BEFORE THIS ONE KEYS ON A PROPERTY THESE DO NOT HAVE. They are well formed English, not initialisms, not symbols, not dead languages, not translations. The only thing they share is that they describe a topic rather than name a food, so the rule has to key on SHAPE. Recall was 11 of the 12 hot dog debate titles removed by hand, the miss being 'Ketchup on hot dogs'. Total 0 recipe lines, so nothing this removes was answering anything. THIS RULE: an event or an activity. 'Pancake race' and 'Meat eating' are things people DO.",2026-08-25
wikidata,Q192935,drop_variation,Health benefits of eating seafood,"⚠️ AN ARTICLE TITLE ABOUT A TOPIC IS NOT A NAME FOR A FOOD. Seven shape rules, each measured separately and each shipped only at 100 percent on everything read. The population is names on a kept row supplied ONLY by an en.wikipedia redirect, 13,223 of them. ⚠️ EVERY MECHANICAL CUT BEFORE THIS ONE KEYS ON A PROPERTY THESE DO NOT HAVE. They are well formed English, not initialisms, not symbols, not dead languages, not translations. The only thing they share is that they describe a topic rather than name a food, so the rule has to key on SHAPE. Recall was 11 of the 12 hot dog debate titles removed by hand, the miss being 'Ketchup on hot dogs'. Total 0 recipe lines, so nothing this removes was answering anything. THIS RULE: an event or an activity. 'Pancake race' and 'Meat eating' are things people DO.",2026-08-25
wikidata,Q600396,drop_variation,Health hazards of eating fish,"⚠️ AN ARTICLE TITLE ABOUT A TOPIC IS NOT A NAME FOR A FOOD. Seven shape rules, each measured separately and each shipped only at 100 percent on everything read. The population is names on a kept row supplied ONLY by an en.wikipedia redirect, 13,223 of them. ⚠️ EVERY MECHANICAL CUT BEFORE THIS ONE KEYS ON A PROPERTY THESE DO NOT HAVE. They are well formed English, not initialisms, not symbols, not dead languages, not translations. The only thing they share is that they describe a topic rather than name a food, so the rule has to key on SHAPE. Recall was 11 of the 12 hot dog debate titles removed by hand, the miss being 'Ketchup on hot dogs'. Total 0 recipe lines, so nothing this removes was answering anything. THIS RULE: an event or an activity. 'Pancake race' and 'Meat eating' are things people DO.",2026-08-25
wikidata,Q192935,drop_variation,Health hazards of eating seafood,"⚠️ AN ARTICLE TITLE ABOUT A TOPIC IS NOT A NAME FOR A FOOD. Seven shape rules, each measured separately and each shipped only at 100 percent on everything read. The population is names on a kept row supplied ONLY by an en.wikipedia redirect, 13,223 of them. ⚠️ EVERY MECHANICAL CUT BEFORE THIS ONE KEYS ON A PROPERTY THESE DO NOT HAVE. They are well formed English, not initialisms, not symbols, not dead languages, not translations. The only thing they share is that they describe a topic rather than name a food, so the rule has to key on SHAPE. Recall was 11 of the 12 hot dog debate titles removed by hand, the miss being 'Ketchup on hot dogs'. Total 0 recipe lines, so nothing this removes was answering anything. THIS RULE: an event or an activity. 'Pancake race' and 'Meat eating' are things people DO.",2026-08-25
wikidata,Q1124327,drop_variation,Horse eating,"⚠️ AN ARTICLE TITLE ABOUT A TOPIC IS NOT A NAME FOR A FOOD. Seven shape rules, each measured separately and each shipped only at 100 percent on everything read. The population is names on a kept row supplied ONLY by an en.wikipedia redirect, 13,223 of them. ⚠️ EVERY MECHANICAL CUT BEFORE THIS ONE KEYS ON A PROPERTY THESE DO NOT HAVE. They are well formed English, not initialisms, not symbols, not dead languages, not translations. The only thing they share is that they describe a topic rather than name a food, so the rule has to key on SHAPE. Recall was 11 of the 12 hot dog debate titles removed by hand, the miss being 'Ketchup on hot dogs'. Total 0 recipe lines, so nothing this removes was answering anything. THIS RULE: an event or an activity. 'Pancake race' and 'Meat eating' are things people DO.",2026-08-25
wikidata,Q1795395,drop_variation,Kangaroo eating,"⚠️ AN ARTICLE TITLE ABOUT A TOPIC IS NOT A NAME FOR A FOOD. Seven shape rules, each measured separately and each shipped only at 100 percent on everything read. The population is names on a kept row supplied ONLY by an en.wikipedia redirect, 13,223 of them. ⚠️ EVERY MECHANICAL CUT BEFORE THIS ONE KEYS ON A PROPERTY THESE DO NOT HAVE. They are well formed English, not initialisms, not symbols, not dead languages, not translations. The only thing they share is that they describe a topic rather than name a food, so the rule has to key on SHAPE. Recall was 11 of the 12 hot dog debate titles removed by hand, the miss being 'Ketchup on hot dogs'. Total 0 recipe lines, so nothing this removes was answering anything. THIS RULE: an event or an activity. 'Pancake race' and 'Meat eating' are things people DO.",2026-08-25
wikidata,Q107262071,drop_variation,Meat eating,"⚠️ AN ARTICLE TITLE ABOUT A TOPIC IS NOT A NAME FOR A FOOD. Seven shape rules, each measured separately and each shipped only at 100 percent on everything read. The population is names on a kept row supplied ONLY by an en.wikipedia redirect, 13,223 of them. ⚠️ EVERY MECHANICAL CUT BEFORE THIS ONE KEYS ON A PROPERTY THESE DO NOT HAVE. They are well formed English, not initialisms, not symbols, not dead languages, not translations. The only thing they share is that they describe a topic rather than name a food, so the rule has to key on SHAPE. Recall was 11 of the 12 hot dog debate titles removed by hand, the miss being 'Ketchup on hot dogs'. Total 0 recipe lines, so nothing this removes was answering anything. THIS RULE: an event or an activity. 'Pancake race' and 'Meat eating' are things people DO.",2026-08-25
wikidata,Q1141370,drop_variation,Monkey Brain eating,"⚠️ AN ARTICLE TITLE ABOUT A TOPIC IS NOT A NAME FOR A FOOD. Seven shape rules, each measured separately and each shipped only at 100 percent on everything read. The population is names on a kept row supplied ONLY by an en.wikipedia redirect, 13,223 of them. ⚠️ EVERY MECHANICAL CUT BEFORE THIS ONE KEYS ON A PROPERTY THESE DO NOT HAVE. They are well formed English, not initialisms, not symbols, not dead languages, not translations. The only thing they share is that they describe a topic rather than name a food, so the rule has to key on SHAPE. Recall was 11 of the 12 hot dog debate titles removed by hand, the miss being 'Ketchup on hot dogs'. Total 0 recipe lines, so nothing this removes was answering anything. THIS RULE: an event or an activity. 'Pancake race' and 'Meat eating' are things people DO.",2026-08-25
,pancake,drop_variation,Pancake race,"⚠️ AN ARTICLE TITLE ABOUT A TOPIC IS NOT A NAME FOR A FOOD. Seven shape rules, each measured separately and each shipped only at 100 percent on everything read. The population is names on a kept row supplied ONLY by an en.wikipedia redirect, 13,223 of them. ⚠️ EVERY MECHANICAL CUT BEFORE THIS ONE KEYS ON A PROPERTY THESE DO NOT HAVE. They are well formed English, not initialisms, not symbols, not dead languages, not translations. The only thing they share is that they describe a topic rather than name a food, so the rule has to key on SHAPE. Recall was 11 of the 12 hot dog debate titles removed by hand, the miss being 'Ketchup on hot dogs'. Total 0 recipe lines, so nothing this removes was answering anything. THIS RULE: an event or an activity. 'Pancake race' and 'Meat eating' are things people DO.",2026-08-25
wikidata,Q626292,drop_variation,Artificial sweetener debate,"⚠️ AN ARTICLE TITLE ABOUT A TOPIC IS NOT A NAME FOR A FOOD. Seven shape rules, each measured separately and each shipped only at 100 percent on everything read. The population is names on a kept row supplied ONLY by an en.wikipedia redirect, 13,223 of them. ⚠️ EVERY MECHANICAL CUT BEFORE THIS ONE KEYS ON A PROPERTY THESE DO NOT HAVE. They are well formed English, not initialisms, not symbols, not dead languages, not translations. The only thing they share is that they describe a topic rather than name a food, so the rule has to key on SHAPE. Recall was 11 of the 12 hot dog debate titles removed by hand, the miss being 'Ketchup on hot dogs'. Total 0 recipe lines, so nothing this removes was answering anything. THIS RULE: a sentence making a claim. 'Hot dogs are sandwiches' is an argument.",2026-08-25
wikidata,Q131419,drop_variation,Hot dog is a sandwich,"⚠️ AN ARTICLE TITLE ABOUT A TOPIC IS NOT A NAME FOR A FOOD. Seven shape rules, each measured separately and each shipped only at 100 percent on everything read. The population is names on a kept row supplied ONLY by an en.wikipedia redirect, 13,223 of them. ⚠️ EVERY MECHANICAL CUT BEFORE THIS ONE KEYS ON A PROPERTY THESE DO NOT HAVE. They are well formed English, not initialisms, not symbols, not dead languages, not translations. The only thing they share is that they describe a topic rather than name a food, so the rule has to key on SHAPE. Recall was 11 of the 12 hot dog debate titles removed by hand, the miss being 'Ketchup on hot dogs'. Total 0 recipe lines, so nothing this removes was answering anything. THIS RULE: a sentence making a claim. 'Hot dogs are sandwiches' is an argument.",2026-08-25
wikidata,Q131419,drop_variation,Hot dog sandwich debate,"⚠️ AN ARTICLE TITLE ABOUT A TOPIC IS NOT A NAME FOR A FOOD. Seven shape rules, each measured separately and each shipped only at 100 percent on everything read. The population is names on a kept row supplied ONLY by an en.wikipedia redirect, 13,223 of them. ⚠️ EVERY MECHANICAL CUT BEFORE THIS ONE KEYS ON A PROPERTY THESE DO NOT HAVE. They are well formed English, not initialisms, not symbols, not dead languages, not translations. The only thing they share is that they describe a topic rather than name a food, so the rule has to key on SHAPE. Recall was 11 of the 12 hot dog debate titles removed by hand, the miss being 'Ketchup on hot dogs'. Total 0 recipe lines, so nothing this removes was answering anything. THIS RULE: a sentence making a claim. 'Hot dogs are sandwiches' is an argument.",2026-08-25
wikidata,Q131419,drop_variation,Hot dogs are not sandwiches,"⚠️ AN ARTICLE TITLE ABOUT A TOPIC IS NOT A NAME FOR A FOOD. Seven shape rules, each measured separately and each shipped only at 100 percent on everything read. The population is names on a kept row supplied ONLY by an en.wikipedia redirect, 13,223 of them. ⚠️ EVERY MECHANICAL CUT BEFORE THIS ONE KEYS ON A PROPERTY THESE DO NOT HAVE. They are well formed English, not initialisms, not symbols, not dead languages, not translations. The only thing they share is that they describe a topic rather than name a food, so the rule has to key on SHAPE. Recall was 11 of the 12 hot dog debate titles removed by hand, the miss being 'Ketchup on hot dogs'. Total 0 recipe lines, so nothing this removes was answering anything. THIS RULE: a sentence making a claim. 'Hot dogs are sandwiches' is an argument.",2026-08-25
wikidata,Q131419,drop_variation,Hot dogs are sandwiches,"⚠️ AN ARTICLE TITLE ABOUT A TOPIC IS NOT A NAME FOR A FOOD. Seven shape rules, each measured separately and each shipped only at 100 percent on everything read. The population is names on a kept row supplied ONLY by an en.wikipedia redirect, 13,223 of them. ⚠️ EVERY MECHANICAL CUT BEFORE THIS ONE KEYS ON A PROPERTY THESE DO NOT HAVE. They are well formed English, not initialisms, not symbols, not dead languages, not translations. The only thing they share is that they describe a topic rather than name a food, so the rule has to key on SHAPE. Recall was 11 of the 12 hot dog debate titles removed by hand, the miss being 'Ketchup on hot dogs'. Total 0 recipe lines, so nothing this removes was answering anything. THIS RULE: a sentence making a claim. 'Hot dogs are sandwiches' is an argument.",2026-08-25
wikidata,Q195,drop_variation,How chocolate is made,"⚠️ AN ARTICLE TITLE ABOUT A TOPIC IS NOT A NAME FOR A FOOD. Seven shape rules, each measured separately and each shipped only at 100 percent on everything read. The population is names on a kept row supplied ONLY by an en.wikipedia redirect, 13,223 of them. ⚠️ EVERY MECHANICAL CUT BEFORE THIS ONE KEYS ON A PROPERTY THESE DO NOT HAVE. They are well formed English, not initialisms, not symbols, not dead languages, not translations. The only thing they share is that they describe a topic rather than name a food, so the rule has to key on SHAPE. Recall was 11 of the 12 hot dog debate titles removed by hand, the miss being 'Ketchup on hot dogs'. Total 0 recipe lines, so nothing this removes was answering anything. THIS RULE: a sentence making a claim. 'Hot dogs are sandwiches' is an argument.",2026-08-25
wikidata,Q131419,drop_variation,The great hot dog debate,"⚠️ AN ARTICLE TITLE ABOUT A TOPIC IS NOT A NAME FOR A FOOD. Seven shape rules, each measured separately and each shipped only at 100 percent on everything read. The population is names on a kept row supplied ONLY by an en.wikipedia redirect, 13,223 of them. ⚠️ EVERY MECHANICAL CUT BEFORE THIS ONE KEYS ON A PROPERTY THESE DO NOT HAVE. They are well formed English, not initialisms, not symbols, not dead languages, not translations. The only thing they share is that they describe a topic rather than name a food, so the rule has to key on SHAPE. Recall was 11 of the 12 hot dog debate titles removed by hand, the miss being 'Ketchup on hot dogs'. Total 0 recipe lines, so nothing this removes was answering anything. THIS RULE: a sentence making a claim. 'Hot dogs are sandwiches' is an argument.",2026-08-25
wikidata,Q131419,drop_variation,Are hotdogs sandwiches?,"⚠️ AN ARTICLE TITLE ABOUT A TOPIC IS NOT A NAME FOR A FOOD. Seven shape rules, each measured separately and each shipped only at 100 percent on everything read. The population is names on a kept row supplied ONLY by an en.wikipedia redirect, 13,223 of them. ⚠️ EVERY MECHANICAL CUT BEFORE THIS ONE KEYS ON A PROPERTY THESE DO NOT HAVE. They are well formed English, not initialisms, not symbols, not dead languages, not translations. The only thing they share is that they describe a topic rather than name a food, so the rule has to key on SHAPE. Recall was 11 of the 12 hot dog debate titles removed by hand, the miss being 'Ketchup on hot dogs'. Total 0 recipe lines, so nothing this removes was answering anything. THIS RULE: a question. Nothing a cook writes on a shopping list ends in a question mark.",2026-08-25
wikidata,Q131419,drop_variation,Is a hot dog a sandwich?,"⚠️ AN ARTICLE TITLE ABOUT A TOPIC IS NOT A NAME FOR A FOOD. Seven shape rules, each measured separately and each shipped only at 100 percent on everything read. The population is names on a kept row supplied ONLY by an en.wikipedia redirect, 13,223 of them. ⚠️ EVERY MECHANICAL CUT BEFORE THIS ONE KEYS ON A PROPERTY THESE DO NOT HAVE. They are well formed English, not initialisms, not symbols, not dead languages, not translations. The only thing they share is that they describe a topic rather than name a food, so the rule has to key on SHAPE. Recall was 11 of the 12 hot dog debate titles removed by hand, the miss being 'Ketchup on hot dogs'. Total 0 recipe lines, so nothing this removes was answering anything. THIS RULE: a question. Nothing a cook writes on a shopping list ends in a question mark.",2026-08-25
wikidata,Q11567676,drop_variation,All Japan Yakiniku Association,"⚠️ AN ARTICLE TITLE ABOUT A TOPIC IS NOT A NAME FOR A FOOD. Seven shape rules, each measured separately and each shipped only at 100 percent on everything read. The population is names on a kept row supplied ONLY by an en.wikipedia redirect, 13,223 of them. ⚠️ EVERY MECHANICAL CUT BEFORE THIS ONE KEYS ON A PROPERTY THESE DO NOT HAVE. They are well formed English, not initialisms, not symbols, not dead languages, not translations. The only thing they share is that they describe a topic rather than name a food, so the rule has to key on SHAPE. Recall was 11 of the 12 hot dog debate titles removed by hand, the miss being 'Ketchup on hot dogs'. Total 0 recipe lines, so nothing this removes was answering anything. THIS RULE: an organization. ⚠️ NARROWED FROM THE MEASURED FORM AND IT COSTS THREE CORRECT CATCHES. The wider version included 'Foods', which also took 'Raw Foods' and 'Live Foods', both real. So Birds Eye Foods, Birdseye Frozen Foods and Sriracha sauce (Huy Fong Foods) are LEFT IN rather than taken by a rule at 82 percent.",2026-08-25
wikidata,Q118906653,drop_variation,Big Mac Museum,"⚠️ AN ARTICLE TITLE ABOUT A TOPIC IS NOT A NAME FOR A FOOD. Seven shape rules, each measured separately and each shipped only at 100 percent on everything read. The population is names on a kept row supplied ONLY by an en.wikipedia redirect, 13,223 of them. ⚠️ EVERY MECHANICAL CUT BEFORE THIS ONE KEYS ON A PROPERTY THESE DO NOT HAVE. They are well formed English, not initialisms, not symbols, not dead languages, not translations. The only thing they share is that they describe a topic rather than name a food, so the rule has to key on SHAPE. Recall was 11 of the 12 hot dog debate titles removed by hand, the miss being 'Ketchup on hot dogs'. Total 0 recipe lines, so nothing this removes was answering anything. THIS RULE: an organization. ⚠️ NARROWED FROM THE MEASURED FORM AND IT COSTS THREE CORRECT CATCHES. The wider version included 'Foods', which also took 'Raw Foods' and 'Live Foods', both real. So Birds Eye Foods, Birdseye Frozen Foods and Sriracha sauce (Huy Fong Foods) are LEFT IN rather than taken by a rule at 82 percent.",2026-08-25
wikidata,Q722338,drop_variation,Instituto do Vinho do Porto,"⚠️ AN ARTICLE TITLE ABOUT A TOPIC IS NOT A NAME FOR A FOOD. Seven shape rules, each measured separately and each shipped only at 100 percent on everything read. The population is names on a kept row supplied ONLY by an en.wikipedia redirect, 13,223 of them. ⚠️ EVERY MECHANICAL CUT BEFORE THIS ONE KEYS ON A PROPERTY THESE DO NOT HAVE. They are well formed English, not initialisms, not symbols, not dead languages, not translations. The only thing they share is that they describe a topic rather than name a food, so the rule has to key on SHAPE. Recall was 11 of the 12 hot dog debate titles removed by hand, the miss being 'Ketchup on hot dogs'. Total 0 recipe lines, so nothing this removes was answering anything. THIS RULE: an organization. ⚠️ NARROWED FROM THE MEASURED FORM AND IT COSTS THREE CORRECT CATCHES. The wider version included 'Foods', which also took 'Raw Foods' and 'Live Foods', both real. So Birds Eye Foods, Birdseye Frozen Foods and Sriracha sauce (Huy Fong Foods) are LEFT IN rather than taken by a rule at 82 percent.",2026-08-25
wikidata,Q722338,drop_variation,Instituto dos Vinhos do Douro e do Porto,"⚠️ AN ARTICLE TITLE ABOUT A TOPIC IS NOT A NAME FOR A FOOD. Seven shape rules, each measured separately and each shipped only at 100 percent on everything read. The population is names on a kept row supplied ONLY by an en.wikipedia redirect, 13,223 of them. ⚠️ EVERY MECHANICAL CUT BEFORE THIS ONE KEYS ON A PROPERTY THESE DO NOT HAVE. They are well formed English, not initialisms, not symbols, not dead languages, not translations. The only thing they share is that they describe a topic rather than name a food, so the rule has to key on SHAPE. Recall was 11 of the 12 hot dog debate titles removed by hand, the miss being 'Ketchup on hot dogs'. Total 0 recipe lines, so nothing this removes was answering anything. THIS RULE: an organization. ⚠️ NARROWED FROM THE MEASURED FORM AND IT COSTS THREE CORRECT CATCHES. The wider version included 'Foods', which also took 'Raw Foods' and 'Live Foods', both real. So Birds Eye Foods, Birdseye Frozen Foods and Sriracha sauce (Huy Fong Foods) are LEFT IN rather than taken by a rule at 82 percent.",2026-08-25
wikidata,Q722338,drop_variation,Instituto dos Vinhos do Douro e Porto,"⚠️ AN ARTICLE TITLE ABOUT A TOPIC IS NOT A NAME FOR A FOOD. Seven shape rules, each measured separately and each shipped only at 100 percent on everything read. The population is names on a kept row supplied ONLY by an en.wikipedia redirect, 13,223 of them. ⚠️ EVERY MECHANICAL CUT BEFORE THIS ONE KEYS ON A PROPERTY THESE DO NOT HAVE. They are well formed English, not initialisms, not symbols, not dead languages, not translations. The only thing they share is that they describe a topic rather than name a food, so the rule has to key on SHAPE. Recall was 11 of the 12 hot dog debate titles removed by hand, the miss being 'Ketchup on hot dogs'. Total 0 recipe lines, so nothing this removes was answering anything. THIS RULE: an organization. ⚠️ NARROWED FROM THE MEASURED FORM AND IT COSTS THREE CORRECT CATCHES. The wider version included 'Foods', which also took 'Raw Foods' and 'Live Foods', both real. So Birds Eye Foods, Birdseye Frozen Foods and Sriracha sauce (Huy Fong Foods) are LEFT IN rather than taken by a rule at 82 percent.",2026-08-25
wikidata,Q281405,drop_variation,McIlhenny Company,"⚠️ AN ARTICLE TITLE ABOUT A TOPIC IS NOT A NAME FOR A FOOD. Seven shape rules, each measured separately and each shipped only at 100 percent on everything read. The population is names on a kept row supplied ONLY by an en.wikipedia redirect, 13,223 of them. ⚠️ EVERY MECHANICAL CUT BEFORE THIS ONE KEYS ON A PROPERTY THESE DO NOT HAVE. They are well formed English, not initialisms, not symbols, not dead languages, not translations. The only thing they share is that they describe a topic rather than name a food, so the rule has to key on SHAPE. Recall was 11 of the 12 hot dog debate titles removed by hand, the miss being 'Ketchup on hot dogs'. Total 0 recipe lines, so nothing this removes was answering anything. THIS RULE: an organization. ⚠️ NARROWED FROM THE MEASURED FORM AND IT COSTS THREE CORRECT CATCHES. The wider version included 'Foods', which also took 'Raw Foods' and 'Live Foods', both real. So Birds Eye Foods, Birdseye Frozen Foods and Sriracha sauce (Huy Fong Foods) are LEFT IN rather than taken by a rule at 82 percent.",2026-08-25
wikidata,Q11587,drop_variation,Bleach (brand),"⚠️ AN ARTICLE TITLE ABOUT A TOPIC IS NOT A NAME FOR A FOOD. Seven shape rules, each measured separately and each shipped only at 100 percent on everything read. The population is names on a kept row supplied ONLY by an en.wikipedia redirect, 13,223 of them. ⚠️ EVERY MECHANICAL CUT BEFORE THIS ONE KEYS ON A PROPERTY THESE DO NOT HAVE. They are well formed English, not initialisms, not symbols, not dead languages, not translations. The only thing they share is that they describe a topic rather than name a food, so the rule has to key on SHAPE. Recall was 11 of the 12 hot dog debate titles removed by hand, the miss being 'Ketchup on hot dogs'. Total 0 recipe lines, so nothing this removes was answering anything. THIS RULE: a venue or a trademark. ⚠️ NARROWED TWICE. The first form keyed on 'mix' and took Cake mix, Seasoning mix, Chili mix, Herb mix, Whipped topping mix and Pancake mix, which are PRODUCTS ON A SHELF and stay. The second keyed on bare 'brand' and took 'Brand flakes', an en.wikipedia misspelling redirect for bran flakes, which is a useful match. 'brand' now fires only as '(brand)' or before a capitalized word.",2026-08-25
wikidata,Q23930012,drop_variation,Il Vero Alfredo (restaurant),"⚠️ AN ARTICLE TITLE ABOUT A TOPIC IS NOT A NAME FOR A FOOD. Seven shape rules, each measured separately and each shipped only at 100 percent on everything read. The population is names on a kept row supplied ONLY by an en.wikipedia redirect, 13,223 of them. ⚠️ EVERY MECHANICAL CUT BEFORE THIS ONE KEYS ON A PROPERTY THESE DO NOT HAVE. They are well formed English, not initialisms, not symbols, not dead languages, not translations. The only thing they share is that they describe a topic rather than name a food, so the rule has to key on SHAPE. Recall was 11 of the 12 hot dog debate titles removed by hand, the miss being 'Ketchup on hot dogs'. Total 0 recipe lines, so nothing this removes was answering anything. THIS RULE: a venue or a trademark. ⚠️ NARROWED TWICE. The first form keyed on 'mix' and took Cake mix, Seasoning mix, Chili mix, Herb mix, Whipped topping mix and Pancake mix, which are PRODUCTS ON A SHELF and stay. The second keyed on bare 'brand' and took 'Brand flakes', an en.wikipedia misspelling redirect for bran flakes, which is a useful match. 'brand' now fires only as '(brand)' or before a capitalized word.",2026-08-25
wikidata,Q7650627,drop_variation,Kebab restaurant,"⚠️ AN ARTICLE TITLE ABOUT A TOPIC IS NOT A NAME FOR A FOOD. Seven shape rules, each measured separately and each shipped only at 100 percent on everything read. The population is names on a kept row supplied ONLY by an en.wikipedia redirect, 13,223 of them. ⚠️ EVERY MECHANICAL CUT BEFORE THIS ONE KEYS ON A PROPERTY THESE DO NOT HAVE. They are well formed English, not initialisms, not symbols, not dead languages, not translations. The only thing they share is that they describe a topic rather than name a food, so the rule has to key on SHAPE. Recall was 11 of the 12 hot dog debate titles removed by hand, the miss being 'Ketchup on hot dogs'. Total 0 recipe lines, so nothing this removes was answering anything. THIS RULE: a venue or a trademark. ⚠️ NARROWED TWICE. The first form keyed on 'mix' and took Cake mix, Seasoning mix, Chili mix, Herb mix, Whipped topping mix and Pancake mix, which are PRODUCTS ON A SHELF and stay. The second keyed on bare 'brand' and took 'Brand flakes', an en.wikipedia misspelling redirect for bran flakes, which is a useful match. 'brand' now fires only as '(brand)' or before a capitalized word.",2026-08-25
,pancake,drop_variation,Pancake restaurant chain,"⚠️ AN ARTICLE TITLE ABOUT A TOPIC IS NOT A NAME FOR A FOOD. Seven shape rules, each measured separately and each shipped only at 100 percent on everything read. The population is names on a kept row supplied ONLY by an en.wikipedia redirect, 13,223 of them. ⚠️ EVERY MECHANICAL CUT BEFORE THIS ONE KEYS ON A PROPERTY THESE DO NOT HAVE. They are well formed English, not initialisms, not symbols, not dead languages, not translations. The only thing they share is that they describe a topic rather than name a food, so the rule has to key on SHAPE. Recall was 11 of the 12 hot dog debate titles removed by hand, the miss being 'Ketchup on hot dogs'. Total 0 recipe lines, so nothing this removes was answering anything. THIS RULE: a venue or a trademark. ⚠️ NARROWED TWICE. The first form keyed on 'mix' and took Cake mix, Seasoning mix, Chili mix, Herb mix, Whipped topping mix and Pancake mix, which are PRODUCTS ON A SHELF and stay. The second keyed on bare 'brand' and took 'Brand flakes', an en.wikipedia misspelling redirect for bran flakes, which is a useful match. 'brand' now fires only as '(brand)' or before a capitalized word.",2026-08-25
wikidata,Q722338,drop_variation,Port wine lodges,"⚠️ AN ARTICLE TITLE ABOUT A TOPIC IS NOT A NAME FOR A FOOD. Seven shape rules, each measured separately and each shipped only at 100 percent on everything read. The population is names on a kept row supplied ONLY by an en.wikipedia redirect, 13,223 of them. ⚠️ EVERY MECHANICAL CUT BEFORE THIS ONE KEYS ON A PROPERTY THESE DO NOT HAVE. They are well formed English, not initialisms, not symbols, not dead languages, not translations. The only thing they share is that they describe a topic rather than name a food, so the rule has to key on SHAPE. Recall was 11 of the 12 hot dog debate titles removed by hand, the miss being 'Ketchup on hot dogs'. Total 0 recipe lines, so nothing this removes was answering anything. THIS RULE: a venue or a trademark. ⚠️ NARROWED TWICE. The first form keyed on 'mix' and took Cake mix, Seasoning mix, Chili mix, Herb mix, Whipped topping mix and Pancake mix, which are PRODUCTS ON A SHELF and stay. The second keyed on bare 'brand' and took 'Brand flakes', an en.wikipedia misspelling redirect for bran flakes, which is a useful match. 'brand' now fires only as '(brand)' or before a capitalized word.",2026-08-25
wikidata,Q722338,drop_variation,Port Wine lodges,"⚠️ AN ARTICLE TITLE ABOUT A TOPIC IS NOT A NAME FOR A FOOD. Seven shape rules, each measured separately and each shipped only at 100 percent on everything read. The population is names on a kept row supplied ONLY by an en.wikipedia redirect, 13,223 of them. ⚠️ EVERY MECHANICAL CUT BEFORE THIS ONE KEYS ON A PROPERTY THESE DO NOT HAVE. They are well formed English, not initialisms, not symbols, not dead languages, not translations. The only thing they share is that they describe a topic rather than name a food, so the rule has to key on SHAPE. Recall was 11 of the 12 hot dog debate titles removed by hand, the miss being 'Ketchup on hot dogs'. Total 0 recipe lines, so nothing this removes was answering anything. THIS RULE: a venue or a trademark. ⚠️ NARROWED TWICE. The first form keyed on 'mix' and took Cake mix, Seasoning mix, Chili mix, Herb mix, Whipped topping mix and Pancake mix, which are PRODUCTS ON A SHELF and stay. The second keyed on bare 'brand' and took 'Brand flakes', an en.wikipedia misspelling redirect for bran flakes, which is a useful match. 'brand' now fires only as '(brand)' or before a capitalized word.",2026-08-25
wikidata,Q281405,drop_variation,Tabasco Brand Pepper Sauce,"⚠️ AN ARTICLE TITLE ABOUT A TOPIC IS NOT A NAME FOR A FOOD. Seven shape rules, each measured separately and each shipped only at 100 percent on everything read. The population is names on a kept row supplied ONLY by an en.wikipedia redirect, 13,223 of them. ⚠️ EVERY MECHANICAL CUT BEFORE THIS ONE KEYS ON A PROPERTY THESE DO NOT HAVE. They are well formed English, not initialisms, not symbols, not dead languages, not translations. The only thing they share is that they describe a topic rather than name a food, so the rule has to key on SHAPE. Recall was 11 of the 12 hot dog debate titles removed by hand, the miss being 'Ketchup on hot dogs'. Total 0 recipe lines, so nothing this removes was answering anything. THIS RULE: a venue or a trademark. ⚠️ NARROWED TWICE. The first form keyed on 'mix' and took Cake mix, Seasoning mix, Chili mix, Herb mix, Whipped topping mix and Pancake mix, which are PRODUCTS ON A SHELF and stay. The second keyed on bare 'brand' and took 'Brand flakes', an en.wikipedia misspelling redirect for bran flakes, which is a useful match. 'brand' now fires only as '(brand)' or before a capitalized word.",2026-08-25
off_taxonomy,en:crepe,drop_variation,Pancake race,"⚠️ AN ARTICLE TITLE ABOUT A TOPIC IS NOT A NAME FOR A FOOD. Seven shape rules, each measured separately and each shipped only at 100 percent on everything read. The population is names on a kept row supplied ONLY by an en.wikipedia redirect, 13,223 of them. ⚠️ EVERY MECHANICAL CUT BEFORE THIS ONE KEYS ON A PROPERTY THESE DO NOT HAVE. They are well formed English, not initialisms, not symbols, not dead languages, not translations. The only thing they share is that they describe a topic rather than name a food, so the rule has to key on SHAPE. Recall was 11 of the 12 hot dog debate titles removed by hand, the miss being 'Ketchup on hot dogs'. Total 0 recipe lines, so nothing this removes was answering anything. THIS RULE: an event or an activity. 'Pancake race' and 'Meat eating' are things people DO. ⚠️ SECOND PASS. The first pass wrote ONE (row, exact string) removal per name and the shape is (name, EVERY row carrying it, EVERY case variant). apply_removals matches the variation string exactly and is keyed on (anchor, id), so a differently cased twin on the same row survives ('Cider Festival' beside 'Cider festival', 'Mcilhenny company' beside 'McIlhenny Company') and so does a copy on a second row ('Pancake race' on Crêpe as well as pancake). Caught by rebuilding the scan sheet, where Crêpe's English count went UP in a pass that only removed names. THIRD TIME this exact-match defect has fired, after Babyccino and babyccino.",2026-08-25
off_taxonomy,en:crepe,drop_variation,Pancake restaurant chain,"⚠️ AN ARTICLE TITLE ABOUT A TOPIC IS NOT A NAME FOR A FOOD. Seven shape rules, each measured separately and each shipped only at 100 percent on everything read. The population is names on a kept row supplied ONLY by an en.wikipedia redirect, 13,223 of them. ⚠️ EVERY MECHANICAL CUT BEFORE THIS ONE KEYS ON A PROPERTY THESE DO NOT HAVE. They are well formed English, not initialisms, not symbols, not dead languages, not translations. The only thing they share is that they describe a topic rather than name a food, so the rule has to key on SHAPE. Recall was 11 of the 12 hot dog debate titles removed by hand, the miss being 'Ketchup on hot dogs'. Total 0 recipe lines, so nothing this removes was answering anything. THIS RULE: a venue or a trademark. ⚠️ NARROWED TWICE. The first form keyed on 'mix' and took Cake mix, Seasoning mix, Chili mix, Herb mix, Whipped topping mix and Pancake mix, which are PRODUCTS ON A SHELF and stay. The second keyed on bare 'brand' and took 'Brand flakes', an en.wikipedia misspelling redirect for bran flakes, which is a useful match. 'brand' now fires only as '(brand)' or before a capitalized word. ⚠️ SECOND PASS. The first pass wrote ONE (row, exact string) removal per name and the shape is (name, EVERY row carrying it, EVERY case variant). apply_removals matches the variation string exactly and is keyed on (anchor, id), so a differently cased twin on the same row survives ('Cider Festival' beside 'Cider festival', 'Mcilhenny company' beside 'McIlhenny Company') and so does a copy on a second row ('Pancake race' on Crêpe as well as pancake). Caught by rebuilding the scan sheet, where Crêpe's English count went UP in a pass that only removed names. THIRD TIME this exact-match defect has fired, after Babyccino and babyccino.",2026-08-25
off_taxonomy,en:dried-pasta,drop_variation,History of pasta,"⚠️ AN ARTICLE TITLE ABOUT A TOPIC IS NOT A NAME FOR A FOOD. Seven shape rules, each measured separately and each shipped only at 100 percent on everything read. The population is names on a kept row supplied ONLY by an en.wikipedia redirect, 13,223 of them. ⚠️ EVERY MECHANICAL CUT BEFORE THIS ONE KEYS ON A PROPERTY THESE DO NOT HAVE. They are well formed English, not initialisms, not symbols, not dead languages, not translations. The only thing they share is that they describe a topic rather than name a food, so the rule has to key on SHAPE. Recall was 11 of the 12 hot dog debate titles removed by hand, the miss being 'Ketchup on hot dogs'. Total 0 recipe lines, so nothing this removes was answering anything. THIS RULE: a history. 'History of pasta' is an article about pasta, not a pasta. ⚠️ SECOND PASS. The first pass wrote ONE (row, exact string) removal per name and the shape is (name, EVERY row carrying it, EVERY case variant). apply_removals matches the variation string exactly and is keyed on (anchor, id), so a differently cased twin on the same row survives ('Cider Festival' beside 'Cider festival', 'Mcilhenny company' beside 'McIlhenny Company') and so does a copy on a second row ('Pancake race' on Crêpe as well as pancake). Caught by rebuilding the scan sheet, where Crêpe's English count went UP in a pass that only removed names. THIRD TIME this exact-match defect has fired, after Babyccino and babyccino.",2026-08-25
off_taxonomy,en:dried-pasta,drop_variation,The History of Pasta,"⚠️ AN ARTICLE TITLE ABOUT A TOPIC IS NOT A NAME FOR A FOOD. Seven shape rules, each measured separately and each shipped only at 100 percent on everything read. The population is names on a kept row supplied ONLY by an en.wikipedia redirect, 13,223 of them. ⚠️ EVERY MECHANICAL CUT BEFORE THIS ONE KEYS ON A PROPERTY THESE DO NOT HAVE. They are well formed English, not initialisms, not symbols, not dead languages, not translations. The only thing they share is that they describe a topic rather than name a food, so the rule has to key on SHAPE. Recall was 11 of the 12 hot dog debate titles removed by hand, the miss being 'Ketchup on hot dogs'. Total 0 recipe lines, so nothing this removes was answering anything. THIS RULE: a history. 'History of pasta' is an article about pasta, not a pasta. ⚠️ SECOND PASS. The first pass wrote ONE (row, exact string) removal per name and the shape is (name, EVERY row carrying it, EVERY case variant). apply_removals matches the variation string exactly and is keyed on (anchor, id), so a differently cased twin on the same row survives ('Cider Festival' beside 'Cider festival', 'Mcilhenny company' beside 'McIlhenny Company') and so does a copy on a second row ('Pancake race' on Crêpe as well as pancake). Caught by rebuilding the scan sheet, where Crêpe's English count went UP in a pass that only removed names. THIRD TIME this exact-match defect has fired, after Babyccino and babyccino.",2026-08-25
wikidata,Q167296,drop_variation,Cider Festival,"⚠️ AN ARTICLE TITLE ABOUT A TOPIC IS NOT A NAME FOR A FOOD. Seven shape rules, each measured separately and each shipped only at 100 percent on everything read. The population is names on a kept row supplied ONLY by an en.wikipedia redirect, 13,223 of them. ⚠️ EVERY MECHANICAL CUT BEFORE THIS ONE KEYS ON A PROPERTY THESE DO NOT HAVE. They are well formed English, not initialisms, not symbols, not dead languages, not translations. The only thing they share is that they describe a topic rather than name a food, so the rule has to key on SHAPE. Recall was 11 of the 12 hot dog debate titles removed by hand, the miss being 'Ketchup on hot dogs'. Total 0 recipe lines, so nothing this removes was answering anything. THIS RULE: an event or an activity. 'Pancake race' and 'Meat eating' are things people DO. ⚠️ SECOND PASS. The first pass wrote ONE (row, exact string) removal per name and the shape is (name, EVERY row carrying it, EVERY case variant). apply_removals matches the variation string exactly and is keyed on (anchor, id), so a differently cased twin on the same row survives ('Cider Festival' beside 'Cider festival', 'Mcilhenny company' beside 'McIlhenny Company') and so does a copy on a second row ('Pancake race' on Crêpe as well as pancake). Caught by rebuilding the scan sheet, where Crêpe's English count went UP in a pass that only removed names. THIRD TIME this exact-match defect has fired, after Babyccino and babyccino.",2026-08-25
wikidata,Q281405,drop_variation,Mcilhenny company,"⚠️ AN ARTICLE TITLE ABOUT A TOPIC IS NOT A NAME FOR A FOOD. Seven shape rules, each measured separately and each shipped only at 100 percent on everything read. The population is names on a kept row supplied ONLY by an en.wikipedia redirect, 13,223 of them. ⚠️ EVERY MECHANICAL CUT BEFORE THIS ONE KEYS ON A PROPERTY THESE DO NOT HAVE. They are well formed English, not initialisms, not symbols, not dead languages, not translations. The only thing they share is that they describe a topic rather than name a food, so the rule has to key on SHAPE. Recall was 11 of the 12 hot dog debate titles removed by hand, the miss being 'Ketchup on hot dogs'. Total 0 recipe lines, so nothing this removes was answering anything. THIS RULE: an organization. ⚠️ NARROWED FROM THE MEASURED FORM AND IT COSTS THREE CORRECT CATCHES. The wider version included 'Foods', which also took 'Raw Foods' and 'Live Foods', both real. So Birds Eye Foods, Birdseye Frozen Foods and Sriracha sauce (Huy Fong Foods) are LEFT IN rather than taken by a rule at 82 percent. ⚠️ SECOND PASS. The first pass wrote ONE (row, exact string) removal per name and the shape is (name, EVERY row carrying it, EVERY case variant). apply_removals matches the variation string exactly and is keyed on (anchor, id), so a differently cased twin on the same row survives ('Cider Festival' beside 'Cider festival', 'Mcilhenny company' beside 'McIlhenny Company') and so does a copy on a second row ('Pancake race' on Crêpe as well as pancake). Caught by rebuilding the scan sheet, where Crêpe's English count went UP in a pass that only removed names. THIRD TIME this exact-match defect has fired, after Babyccino and babyccino.",2026-08-25
# ── folds, 2026-08-31. Twelve rows that are really another row's Latin name. Each one's
#    names move onto the common-name row and the row itself goes. Detected mechanically:
#    the row's own English name IS the other row's canonical, and the two share 2+ names.
wikidata,Q23400,fold,,"Allium sativum is a name for garlic, not a second ingredient. what-the-library-is-for.md: a real ingredient's name in another language or in Latin is an alias on the common-name row, and the common name wins the canonical.",2026-08-31,Q21546392,garlic
wikidata,Q41611,fold,,"Coriandrum sativum is a name for cilantro, not a second ingredient. what-the-library-is-for.md: a real ingredient's name in another language or in Latin is an alias on the common-name row, and the common name wins the canonical.",2026-08-31,Q65523167,cilantro
wikidata,Q83193,fold,,"Lactuca sativa is a name for lettuce, not a second ingredient. what-the-library-is-for.md: a real ingredient's name in another language or in Latin is an alias on the common-name row, and the common name wins the canonical.",2026-08-31,Q104666136,lettuce
wikidata,Q719725,fold,,"Saccharomyces cerevisiae is a name for baker's yeast, not a second ingredient. what-the-library-is-for.md: a real ingredient's name in another language or in Latin is an alias on the common-name row, and the common name wins the canonical.",2026-08-31,Q911712,baker's yeast
wikidata,Q12104,fold,,"Avena sativa is a name for oats, not a second ingredient. what-the-library-is-for.md: a real ingredient's name in another language or in Latin is an alias on the common-name row, and the common name wins the canonical.",2026-08-31,Q24265484,oats
wikidata,Q81464,fold,,"Spinacia oleracea is a name for spinach, not a second ingredient. what-the-library-is-for.md: a real ingredient's name in another language or in Latin is an alias on the common-name row, and the common name wins the canonical.",2026-08-31,Q36814998,spinach
wikidata,Q618324,fold,,"Triticum durum is a name for durum wheat, not a second ingredient. what-the-library-is-for.md: a real ingredient's name in another language or in Latin is an alias on the common-name row, and the common name wins the canonical.",2026-08-31,Q102330562,durum wheat
wikidata,Q87175898,fold,,"Cacao is a name for cocoa bean, not a second ingredient. what-the-library-is-for.md: a real ingredient's name in another language or in Latin is an alias on the common-name row, and the common name wins the canonical.",2026-08-31,Q208008,cocoa bean
wikidata,Q165178,fold,,"Brassica rapa subsp. chinensis is a name for chard, not a second ingredient. what-the-library-is-for.md: a real ingredient's name in another language or in Latin is an alias on the common-name row, and the common name wins the canonical.",2026-08-31,Q36823285,chard
wikidata,Q167339,fold,,"Triticum dicoccum is a name for farro, not a second ingredient. what-the-library-is-for.md: a real ingredient's name in another language or in Latin is an alias on the common-name row, and the common name wins the canonical.",2026-08-31,Q1133342,farro
wikidata,Q2671520,fold,,"American cheese is a name for processed cheese, not a second ingredient. what-the-library-is-for.md: a real ingredient's name in another language or in Latin is an alias on the common-name row, and the common name wins the canonical.",2026-08-31,Q1570052,processed cheese
wikidata,Q1018095,fold,,"Cladosiphon okamuranus is a name for Mozuku, not a second ingredient. what-the-library-is-for.md: a real ingredient's name in another language or in Latin is an alias on the common-name row, and the common name wins the canonical.",2026-08-31,Q66768684,Mozuku
wikidata,Q99548274,drop_variation,beet,"The row was renamed 'beet' -> 'beetroot leaves' to break a canonical collision, and it kept the ROOT's names. A leaves row must not answer to the root. Q165437 (canonical 'beet') holds this name, so nothing is orphaned.",2026-09-08,,
wikidata,Q99548274,drop_variation,beetroot,"The row was renamed 'beet' -> 'beetroot leaves' to break a canonical collision, and it kept the ROOT's names. A leaves row must not answer to the root. Q165437 (canonical 'beet') holds this name, so nothing is orphaned.",2026-09-08,,
wikidata,Q99548274,drop_variation,Beets,"The row was renamed 'beet' -> 'beetroot leaves' to break a canonical collision, and it kept the ROOT's names. A leaves row must not answer to the root. Q165437 (canonical 'beet') holds this name, so nothing is orphaned.",2026-09-08,,
wikidata,Q106768139,fold,,"PHASE C collision merge. 'apple butter' was carried by more than one row. This row folds into Q259550 (apple butter), the dominant holder. Plan and review in previews/collision-plan-final.csv.",2026-09-09,Q259550,apple butter
wikidata,Q119803122,fold,,"PHASE C collision merge. 'bacon' was carried by more than one row. This row folds into Q11106 (bacon), the dominant holder. Plan and review in previews/collision-plan-final.csv.",2026-09-09,Q11106,bacon
wikidata,Q13923748,fold,,"PHASE C collision merge. 'bacon' was carried by more than one row. This row folds into Q11106 (bacon), the dominant holder. Plan and review in previews/collision-plan-final.csv.",2026-09-09,Q11106,bacon
wikidata,Q50368888,drop,,"⚠️ NOT CONSUMED, the library's inclusion test. docs/what-the-library-is-for.md asks one question of a row, does a person consume this. A FUNCTIONAL-CLASS LABEL, not a substance. ⚠️ THIS WAS A FOLD UNTIL THIS PASS. The PHASE C collision merge folded this duplicate into the dominant 'binder' row, and this cleanup then cut that row. A fold whose target is cut is REFUSED by the build and the duplicate comes back as a live row, which the verifying build caught. It takes the same ruling as the row it used to fold into.",2026-09-17,,
wikidata,Q139556028,fold,,"PHASE C collision merge. 'bitter almond oil' was carried by more than one row. This row folds into Q879005 (bitter almond oil), the dominant holder. Plan and review in previews/collision-plan-final.csv.",2026-09-09,Q879005,bitter almond oil
wikidata,Q97162372,fold,,"PHASE C collision merge. 'blanqueta' was carried by more than one row. This row folds into Q11909504 (Blanqueta), the dominant holder. Plan and review in previews/collision-plan-final.csv.",2026-09-09,Q11909504,Blanqueta
wikidata,Q137373435,fold,,"PHASE C collision merge. 'blueberry' was carried by more than one row. This row folds into Q13178 (blueberry), the dominant holder. Plan and review in previews/collision-plan-final.csv.",2026-09-09,Q13178,blueberry
wikidata,Q57544960,fold,,"PHASE C collision merge. 'broccoli' was carried by more than one row. This row folds into Q47722 (broccoli), the dominant holder. Plan and review in previews/collision-plan-final.csv.",2026-09-09,Q47722,broccoli
wikidata,Q2967779,fold,,"PHASE C collision merge. 'chestnut' was carried by more than one row. This row folds into Q773987 (chestnut), the dominant holder. Plan and review in previews/collision-plan-final.csv.",2026-09-09,Q773987,chestnut
wikidata,Q2975177,fold,,"PHASE C collision merge. 'clam' was carried by more than one row. This row folds into Q1192868 (clam), the dominant holder. Plan and review in previews/collision-plan-final.csv.",2026-09-09,Q1192868,clam
wikidata,Q60748168,fold,,"PHASE C collision merge. 'coconut cream' was carried by more than one row. This row folds into Q1139302 (coconut cream), the dominant holder. Plan and review in previews/collision-plan-final.csv.",2026-09-09,Q1139302,coconut cream
wikidata,Q11981420,fold,,"PHASE C collision merge. 'coconut oil' was carried by more than one row. This row folds into Q216235 (coconut oil), the dominant holder. Plan and review in previews/collision-plan-final.csv.",2026-09-09,Q216235,coconut oil
wikidata,Q21546387,fold,,"PHASE C collision merge. 'cranberry' was carried by more than one row. This row folds into Q13181 (cranberry), the dominant holder. Plan and review in previews/collision-plan-final.csv.",2026-09-09,Q13181,cranberry
wikidata,Q104121908,drop,,"⚠️ NOT CONSUMED, the library's inclusion test. docs/what-the-library-is-for.md asks one question of a row, does a person consume this. AN ACUTE TOXIN. A drastic purgative that was swallowed historically and is a tumor promoter. ⚠️ THIS WAS A FOLD UNTIL THIS PASS. The PHASE C collision merge folded this duplicate into the dominant 'croton oil' row, and this cleanup then cut that row. A fold whose target is cut is REFUSED by the build and the duplicate comes back as a live row, which the verifying build caught. It takes the same ruling as the row it used to fold into.",2026-09-17,,
wikidata,Q104005575,fold,,"PHASE C collision merge. 'cumquat' was carried by more than one row. This row folds into Q5122903 (cumquat), the dominant holder. Plan and review in previews/collision-plan-final.csv.",2026-09-09,Q5122903,cumquat
wikidata,Q60762070,fold,,"PHASE C collision merge. 'embutido' was carried by more than one row. This row folds into Q18560070 (embutido), the dominant holder. Plan and review in previews/collision-plan-final.csv.",2026-09-09,Q18560070,embutido
wikidata,Q1362817,fold,,"PHASE C collision merge. 'erwin baur' was carried by more than one row. This row folds into Q96627045 (Erwin Baur), the dominant holder. Plan and review in previews/collision-plan-final.csv.",2026-09-09,Q96627045,Erwin Baur
wikidata,Q110611230,fold,,"PHASE C collision merge. 'fish broth' was carried by more than one row. This row folds into Q67859398 (fish broth), the dominant holder. Plan and review in previews/collision-plan-final.csv.",2026-09-09,Q67859398,fish broth
wikidata,Q5985237,fold,,"PHASE C collision merge. 'ice cream' was carried by more than one row. This row folds into Q13233 (ice cream), the dominant holder. Plan and review in previews/collision-plan-final.csv.",2026-09-09,Q13233,ice cream
wikidata,Q30890453,fold,,"PHASE C collision merge. 'kama' was carried by more than one row. This row folds into Q134213 (kama), the dominant holder. Plan and review in previews/collision-plan-final.csv.",2026-09-09,Q134213,kama
wikidata,Q115435591,fold,,"PHASE C collision merge. 'lactose free milk' was carried by more than one row. This row folds into Q134383787 (lactose-free milk), the dominant holder. Plan and review in previews/collision-plan-final.csv.",2026-09-09,Q134383787,lactose-free milk
wikidata,Q105428070,fold,,"PHASE C collision merge. 'litchi' was carried by more than one row. This row folds into Q655597 (Litchi), the dominant holder. Plan and review in previews/collision-plan-final.csv.",2026-09-09,Q655597,Litchi
wikidata,Q138542185,fold,,"PHASE C collision merge. 'mango juice' was carried by more than one row. This row folds into Q15952031 (mango juice), the dominant holder. Plan and review in previews/collision-plan-final.csv.",2026-09-09,Q15952031,mango juice
wikidata,Q16575455,fold,,"PHASE C collision merge. 'manna' was carried by more than one row. This row folds into Q241156 (manna), the dominant holder. Plan and review in previews/collision-plan-final.csv.",2026-09-09,Q241156,manna
wikidata,Q85209885,fold,,"PHASE C collision merge. 'matcha' was carried by more than one row. This row folds into Q822331 (matcha), the dominant holder. Plan and review in previews/collision-plan-final.csv.",2026-09-09,Q822331,matcha
wikidata,Q16946653,fold,,"PHASE C collision merge. 'meat' was carried by more than one row. This row folds into Q10990 (meat), the dominant holder. Plan and review in previews/collision-plan-final.csv.",2026-09-09,Q10990,meat
wikidata,Q126949602,fold,,"PHASE C collision merge. 'napa cabbage' was carried by more than one row. This row folds into Q13360268 (Napa cabbage), the dominant holder. Plan and review in previews/collision-plan-final.csv.",2026-09-09,Q13360268,Napa cabbage
wikidata,Q1747334,fold,,"PHASE C collision merge. 'oyster' was carried by more than one row. This row folds into Q107411 (oyster), the dominant holder. Plan and review in previews/collision-plan-final.csv.",2026-09-09,Q107411,oyster
wikidata,Q7190486,fold,,"PHASE C collision merge. 'picada' was carried by more than one row. This row folds into Q3028160 (picada), the dominant holder. Plan and review in previews/collision-plan-final.csv.",2026-09-09,Q3028160,picada
wikidata,Q18169525,fold,,"PHASE C collision merge. 'polonaise' was carried by more than one row. This row folds into Q1328767 (Polonaise), the dominant holder. Plan and review in previews/collision-plan-final.csv.",2026-09-09,Q1328767,Polonaise
wikidata,Q1922338,fold,,"PHASE C collision merge. 'rapeseed oil' was carried by more than one row. This row folds into Q697248 (rapeseed oil), the dominant holder. Plan and review in previews/collision-plan-final.csv.",2026-09-09,Q697248,rapeseed oil
wikidata,Q108910183,fold,,"PHASE C collision merge. 'red onion' was carried by more than one row. This row folds into Q622350 (red onion), the dominant holder. Plan and review in previews/collision-plan-final.csv.",2026-09-09,Q622350,red onion
wikidata,Q109615251,fold,,"PHASE C collision merge. 'roast beef' was carried by more than one row. This row folds into Q860465 (roast beef), the dominant holder. Plan and review in previews/collision-plan-final.csv.",2026-09-09,Q860465,roast beef
wikidata,Q3480838,fold,,"PHASE C collision merge. 'sevillana' was carried by more than one row. This row folds into Q96627253 (Sevillana), the dominant holder. Plan and review in previews/collision-plan-final.csv.",2026-09-09,Q96627253,Sevillana
wikidata,Q20182897,fold,,"PHASE C collision merge. 'sofrito' was carried by more than one row. This row folds into Q1147677 (sofrito), the dominant holder. Plan and review in previews/collision-plan-final.csv.",2026-09-09,Q1147677,sofrito
wikidata,Q21427313,fold,,"PHASE C collision merge. 'strawberry' was carried by more than one row. This row folds into Q14458220 (strawberry), the dominant holder. Plan and review in previews/collision-plan-final.csv.",2026-09-09,Q14458220,strawberry
wikidata,Q12762973,fold,,"PHASE C collision merge. 'sweet potato' was carried by more than one row. This row folds into Q37937 (sweet potato), the dominant holder. Plan and review in previews/collision-plan-final.csv.",2026-09-09,Q37937,sweet potato
wikidata,Q60859073,fold,,"PHASE C collision merge. 'tamanu oil' was carried by more than one row. This row folds into Q7680708 (tamanu oil), the dominant holder. Plan and review in previews/collision-plan-final.csv.",2026-09-09,Q7680708,tamanu oil
wikidata,Q139820999,fold,,"PHASE C collision merge. 'tuna' was carried by more than one row. This row folds into Q17504707 (tuna), the dominant holder. Plan and review in previews/collision-plan-final.csv.",2026-09-09,Q17504707,tuna
wikidata,Q10742899,fold,,"PHASE C collision merge. 'vermicelli' was carried by more than one row. This row folds into Q20027 (vermicelli), the dominant holder. Plan and review in previews/collision-plan-final.csv.",2026-09-09,Q20027,vermicelli
wikidata,Q137712066,fold,,"PHASE C collision merge. 'watermelon' was carried by more than one row. This row folds into Q38645 (watermelon), the dominant holder. Plan and review in previews/collision-plan-final.csv.",2026-09-09,Q38645,watermelon
wikidata,Q11551127,drop,,"⚠️ NOT CONSUMED, the library's inclusion test. docs/what-the-library-is-for.md asks one question of a row, does a person consume this. Not a consumable. An article, an economic-activity class, or a collective designation for a set of vegetables rather than a vegetable. Measured before removal: this row has ZERO references anywhere in the database, no recipe line, no dish cell, no edge, no pairing, no alias, and it sits on ONE source entry, so the drop removes the row rather than renaming it.",2026-09-16,,
wikidata,Q11399749,drop,,"⚠️ NOT CONSUMED, the library's inclusion test. docs/what-the-library-is-for.md asks one question of a row, does a person consume this. Not a consumable. An article, an economic-activity class, or a collective designation for a set of vegetables rather than a vegetable. Measured before removal: this row has ZERO references anywhere in the database, no recipe line, no dish cell, no edge, no pairing, no alias, and it sits on ONE source entry, so the drop removes the row rather than renaming it.",2026-09-16,,
wikidata,Q20645113,drop,,"⚠️ NOT CONSUMED, the library's inclusion test. docs/what-the-library-is-for.md asks one question of a row, does a person consume this. Not a consumable. An article, an economic-activity class, or a collective designation for a set of vegetables rather than a vegetable. Measured before removal: this row has ZERO references anywhere in the database, no recipe line, no dish cell, no edge, no pairing, no alias, and it sits on ONE source entry, so the drop removes the row rather than renaming it.",2026-09-16,,
wikidata,Q10568245,drop,,"⚠️ NOT CONSUMED, the library's inclusion test. docs/what-the-library-is-for.md asks one question of a row, does a person consume this. Not a consumable. An article, an economic-activity class, or a collective designation for a set of vegetables rather than a vegetable. Measured before removal: this row has ZERO references anywhere in the database, no recipe line, no dish cell, no edge, no pairing, no alias, and it sits on ONE source entry, so the drop removes the row rather than renaming it.",2026-09-16,,
wikidata,Q11665881,drop,,"⚠️ NOT CONSUMED, the library's inclusion test. docs/what-the-library-is-for.md asks one question of a row, does a person consume this. Not a consumable. An article, an economic-activity class, or a collective designation for a set of vegetables rather than a vegetable. Measured before removal: this row has ZERO references anywhere in the database, no recipe line, no dish cell, no edge, no pairing, no alias, and it sits on ONE source entry, so the drop removes the row rather than renaming it.",2026-09-16,,
wikidata,Q29585008,drop,,"⚠️ NOT CONSUMED, the library's inclusion test. docs/what-the-library-is-for.md asks one question of a row, does a person consume this. Not a consumable. An article, an economic-activity class, or a collective designation for a set of vegetables rather than a vegetable. Measured before removal: this row has ZERO references anywhere in the database, no recipe line, no dish cell, no edge, no pairing, no alias, and it sits on ONE source entry, so the drop removes the row rather than renaming it.",2026-09-16,,
wikidata,Q11274449,drop,,"⚠️ NOT CONSUMED, the library's inclusion test. docs/what-the-library-is-for.md asks one question of a row, does a person consume this. Not a consumable. An article, an economic-activity class, or a collective designation for a set of vegetables rather than a vegetable. Measured before removal: this row has ZERO references anywhere in the database, no recipe line, no dish cell, no edge, no pairing, no alias, and it sits on ONE source entry, so the drop removes the row rather than renaming it.",2026-09-16,,
wikidata,Q28656580,drop,,"⚠️ NOT CONSUMED, the library's inclusion test. docs/what-the-library-is-for.md asks one question of a row, does a person consume this. Not a consumable. An article, an economic-activity class, or a collective designation for a set of vegetables rather than a vegetable. Measured before removal: this row has ZERO references anywhere in the database, no recipe line, no dish cell, no edge, no pairing, no alias, and it sits on ONE source entry, so the drop removes the row rather than renaming it.",2026-09-16,,
wikidata,Q50573447,drop,,"⚠️ NOT CONSUMED, the library's inclusion test. docs/what-the-library-is-for.md asks one question of a row, does a person consume this. Not for human consumption. An industrial, veterinary or cosmetic preparation. Measured before removal: this row has ZERO references anywhere in the database, no recipe line, no dish cell, no edge, no pairing, no alias, and it sits on ONE source entry, so the drop removes the row rather than renaming it.",2026-09-16,,
wikidata,Q2538468,drop,,"⚠️ NOT CONSUMED, the library's inclusion test. docs/what-the-library-is-for.md asks one question of a row, does a person consume this. Not for human consumption. An industrial, veterinary or cosmetic preparation. Measured before removal: this row has ZERO references anywhere in the database, no recipe line, no dish cell, no edge, no pairing, no alias, and it sits on ONE source entry, so the drop removes the row rather than renaming it.",2026-09-16,,
wikidata,Q21550917,drop,,"⚠️ NOT CONSUMED, the library's inclusion test. docs/what-the-library-is-for.md asks one question of a row, does a person consume this. Not for human consumption. An industrial, veterinary or cosmetic preparation. Measured before removal: this row has ZERO references anywhere in the database, no recipe line, no dish cell, no edge, no pairing, no alias, and it sits on ONE source entry, so the drop removes the row rather than renaming it.",2026-09-16,,
wikidata,Q50430362,drop,,"⚠️ NOT CONSUMED, the library's inclusion test. docs/what-the-library-is-for.md asks one question of a row, does a person consume this. Not for human consumption. An industrial, veterinary or cosmetic preparation. Measured before removal: this row has ZERO references anywhere in the database, no recipe line, no dish cell, no edge, no pairing, no alias, and it sits on ONE source entry, so the drop removes the row rather than renaming it.",2026-09-16,,
wikidata,Q24841554,drop,,"⚠️ NOT CONSUMED, the library's inclusion test. docs/what-the-library-is-for.md asks one question of a row, does a person consume this. Not for human consumption. An industrial, veterinary or cosmetic preparation. Measured before removal: this row has ZERO references anywhere in the database, no recipe line, no dish cell, no edge, no pairing, no alias, and it sits on ONE source entry, so the drop removes the row rather than renaming it.",2026-09-16,,
wikidata,Q4359034,drop,,"⚠️ NOT CONSUMED, the library's inclusion test. docs/what-the-library-is-for.md asks one question of a row, does a person consume this. Not for human consumption. An industrial, veterinary or cosmetic preparation. Measured before removal: this row has ZERO references anywhere in the database, no recipe line, no dish cell, no edge, no pairing, no alias, and it sits on ONE source entry, so the drop removes the row rather than renaming it.",2026-09-16,,
wikidata,Q720387,drop,,"⚠️ NOT CONSUMED, the library's inclusion test. docs/what-the-library-is-for.md asks one question of a row, does a person consume this. An ornamental koi variety. Bred to be looked at in a pond, not eaten. Measured before removal: this row has ZERO references anywhere in the database, no recipe line, no dish cell, no edge, no pairing, no alias, and it sits on ONE source entry, so the drop removes the row rather than renaming it.",2026-09-16,,
wikidata,Q1779694,drop,,"⚠️ NOT CONSUMED, the library's inclusion test. docs/what-the-library-is-for.md asks one question of a row, does a person consume this. An ornamental koi variety. Bred to be looked at in a pond, not eaten. Measured before removal: this row has ZERO references anywhere in the database, no recipe line, no dish cell, no edge, no pairing, no alias, and it sits on ONE source entry, so the drop removes the row rather than renaming it.",2026-09-16,,
wikidata,Q3442798,drop,,"⚠️ NOT CONSUMED, the library's inclusion test. docs/what-the-library-is-for.md asks one question of a row, does a person consume this. An ornamental koi variety. Bred to be looked at in a pond, not eaten. Measured before removal: this row has ZERO references anywhere in the database, no recipe line, no dish cell, no edge, no pairing, no alias, and it sits on ONE source entry, so the drop removes the row rather than renaming it.",2026-09-16,,
wikidata,Q1475331,drop,,"⚠️ NOT CONSUMED, the library's inclusion test. docs/what-the-library-is-for.md asks one question of a row, does a person consume this. An ornamental koi variety. Bred to be looked at in a pond, not eaten. Measured before removal: this row has ZERO references anywhere in the database, no recipe line, no dish cell, no edge, no pairing, no alias, and it sits on ONE source entry, so the drop removes the row rather than renaming it.",2026-09-16,,
wikidata,Q1519738,drop,,"⚠️ NOT CONSUMED, the library's inclusion test. docs/what-the-library-is-for.md asks one question of a row, does a person consume this. An ornamental koi variety. Bred to be looked at in a pond, not eaten. Measured before removal: this row has ZERO references anywhere in the database, no recipe line, no dish cell, no edge, no pairing, no alias, and it sits on ONE source entry, so the drop removes the row rather than renaming it.",2026-09-16,,
wikidata,Q1923655,drop,,"⚠️ NOT CONSUMED, the library's inclusion test. docs/what-the-library-is-for.md asks one question of a row, does a person consume this. An ornamental koi variety. Bred to be looked at in a pond, not eaten. Measured before removal: this row has ZERO references anywhere in the database, no recipe line, no dish cell, no edge, no pairing, no alias, and it sits on ONE source entry, so the drop removes the row rather than renaming it.",2026-09-16,,
wikidata,Q115618500,drop,,"⚠️ NOT CONSUMED, the library's inclusion test. docs/what-the-library-is-for.md asks one question of a row, does a person consume this. An OBJECT, not a consumable. The kit is not eaten. Measured before removal: this row has ZERO references anywhere in the database, no recipe line, no dish cell, no edge, no pairing, no alias, and it sits on ONE source entry, so the drop removes the row rather than renaming it.",2026-09-16,,
wikidata,Q73352087,drop,,"⚠️ NOT CONSUMED, the library's inclusion test. docs/what-the-library-is-for.md asks one question of a row, does a person consume this. A CLASSIFIER LABEL from a product-classification scheme, Russian GOST and OKPD codes or a Germanic category noun. It names a bucket of products, not a product. Measured before removal: this row has ZERO references anywhere in the database, no recipe line, no dish cell, no edge, no pairing, no alias, and it sits on ONE source entry, so the drop removes the row rather than renaming it.",2026-09-16,,
wikidata,Q72202648,drop,,"⚠️ NOT CONSUMED, the library's inclusion test. docs/what-the-library-is-for.md asks one question of a row, does a person consume this. A CLASSIFIER LABEL from a product-classification scheme, Russian GOST and OKPD codes or a Germanic category noun. It names a bucket of products, not a product. Measured before removal: this row has ZERO references anywhere in the database, no recipe line, no dish cell, no edge, no pairing, no alias, and it sits on ONE source entry, so the drop removes the row rather than renaming it.",2026-09-16,,
wikidata,Q111905143,drop,,"⚠️ NOT CONSUMED, the library's inclusion test. docs/what-the-library-is-for.md asks one question of a row, does a person consume this. A CLASSIFIER LABEL from a product-classification scheme, Russian GOST and OKPD codes or a Germanic category noun. It names a bucket of products, not a product. Measured before removal: this row has ZERO references anywhere in the database, no recipe line, no dish cell, no edge, no pairing, no alias, and it sits on ONE source entry, so the drop removes the row rather than renaming it.",2026-09-16,,
wikidata,Q56298697,drop,,"⚠️ NOT CONSUMED, the library's inclusion test. docs/what-the-library-is-for.md asks one question of a row, does a person consume this. A CLASSIFIER LABEL from a product-classification scheme, Russian GOST and OKPD codes or a Germanic category noun. It names a bucket of products, not a product. Measured before removal: this row has ZERO references anywhere in the database, no recipe line, no dish cell, no edge, no pairing, no alias, and it sits on ONE source entry, so the drop removes the row rather than renaming it.",2026-09-16,,
wikidata,Q26869408,drop,,"⚠️ NOT CONSUMED, the library's inclusion test. docs/what-the-library-is-for.md asks one question of a row, does a person consume this. A CLASSIFIER LABEL from a product-classification scheme, Russian GOST and OKPD codes or a Germanic category noun. It names a bucket of products, not a product. Measured before removal: this row has ZERO references anywhere in the database, no recipe line, no dish cell, no edge, no pairing, no alias, and it sits on ONE source entry, so the drop removes the row rather than renaming it.",2026-09-16,,
wikidata,Q27149904,drop,,"⚠️ NOT CONSUMED, the library's inclusion test. docs/what-the-library-is-for.md asks one question of a row, does a person consume this. A CLASSIFIER LABEL from a product-classification scheme, Russian GOST and OKPD codes or a Germanic category noun. It names a bucket of products, not a product. Measured before removal: this row has ZERO references anywhere in the database, no recipe line, no dish cell, no edge, no pairing, no alias, and it sits on ONE source entry, so the drop removes the row rather than renaming it.",2026-09-16,,
wikidata,Q27042973,drop,,"⚠️ NOT CONSUMED, the library's inclusion test. docs/what-the-library-is-for.md asks one question of a row, does a person consume this. A CLASSIFIER LABEL from a product-classification scheme, Russian GOST and OKPD codes or a Germanic category noun. It names a bucket of products, not a product. Measured before removal: this row has ZERO references anywhere in the database, no recipe line, no dish cell, no edge, no pairing, no alias, and it sits on ONE source entry, so the drop removes the row rather than renaming it.",2026-09-16,,
wikidata,Q26845451,drop,,"⚠️ NOT CONSUMED, the library's inclusion test. docs/what-the-library-is-for.md asks one question of a row, does a person consume this. A CLASSIFIER LABEL from a product-classification scheme, Russian GOST and OKPD codes or a Germanic category noun. It names a bucket of products, not a product. Measured before removal: this row has ZERO references anywhere in the database, no recipe line, no dish cell, no edge, no pairing, no alias, and it sits on ONE source entry, so the drop removes the row rather than renaming it.",2026-09-16,,
wikidata,Q27494613,drop,,"⚠️ NOT CONSUMED, the library's inclusion test. docs/what-the-library-is-for.md asks one question of a row, does a person consume this. A CLASSIFIER LABEL from a product-classification scheme, Russian GOST and OKPD codes or a Germanic category noun. It names a bucket of products, not a product. Measured before removal: this row has ZERO references anywhere in the database, no recipe line, no dish cell, no edge, no pairing, no alias, and it sits on ONE source entry, so the drop removes the row rather than renaming it.",2026-09-16,,
wikidata,Q27494555,drop,,"⚠️ NOT CONSUMED, the library's inclusion test. docs/what-the-library-is-for.md asks one question of a row, does a person consume this. A CLASSIFIER LABEL from a product-classification scheme, Russian GOST and OKPD codes or a Germanic category noun. It names a bucket of products, not a product. Measured before removal: this row has ZERO references anywhere in the database, no recipe line, no dish cell, no edge, no pairing, no alias, and it sits on ONE source entry, so the drop removes the row rather than renaming it.",2026-09-16,,
wikidata,Q27876311,drop,,"⚠️ NOT CONSUMED, the library's inclusion test. docs/what-the-library-is-for.md asks one question of a row, does a person consume this. A CLASSIFIER LABEL from a product-classification scheme, Russian GOST and OKPD codes or a Germanic category noun. It names a bucket of products, not a product. Measured before removal: this row has ZERO references anywhere in the database, no recipe line, no dish cell, no edge, no pairing, no alias, and it sits on ONE source entry, so the drop removes the row rather than renaming it.",2026-09-16,,
wikidata,Q27813875,drop,,"⚠️ NOT CONSUMED, the library's inclusion test. docs/what-the-library-is-for.md asks one question of a row, does a person consume this. A CLASSIFIER LABEL from a product-classification scheme, Russian GOST and OKPD codes or a Germanic category noun. It names a bucket of products, not a product. Measured before removal: this row has ZERO references anywhere in the database, no recipe line, no dish cell, no edge, no pairing, no alias, and it sits on ONE source entry, so the drop removes the row rather than renaming it.",2026-09-16,,
wikidata,Q26868442,drop,,"⚠️ NOT CONSUMED, the library's inclusion test. docs/what-the-library-is-for.md asks one question of a row, does a person consume this. A CLASSIFIER LABEL from a product-classification scheme, Russian GOST and OKPD codes or a Germanic category noun. It names a bucket of products, not a product. Measured before removal: this row has ZERO references anywhere in the database, no recipe line, no dish cell, no edge, no pairing, no alias, and it sits on ONE source entry, so the drop removes the row rather than renaming it.",2026-09-16,,
wikidata,Q26883091,drop,,"⚠️ NOT CONSUMED, the library's inclusion test. docs/what-the-library-is-for.md asks one question of a row, does a person consume this. A CLASSIFIER LABEL from a product-classification scheme, Russian GOST and OKPD codes or a Germanic category noun. It names a bucket of products, not a product. Measured before removal: this row has ZERO references anywhere in the database, no recipe line, no dish cell, no edge, no pairing, no alias, and it sits on ONE source entry, so the drop removes the row rather than renaming it.",2026-09-16,,
wikidata,Q27824390,drop,,"⚠️ NOT CONSUMED, the library's inclusion test. docs/what-the-library-is-for.md asks one question of a row, does a person consume this. A CLASSIFIER LABEL from a product-classification scheme, Russian GOST and OKPD codes or a Germanic category noun. It names a bucket of products, not a product. Measured before removal: this row has ZERO references anywhere in the database, no recipe line, no dish cell, no edge, no pairing, no alias, and it sits on ONE source entry, so the drop removes the row rather than renaming it.",2026-09-16,,
wikidata,Q26844495,drop,,"⚠️ NOT CONSUMED, the library's inclusion test. docs/what-the-library-is-for.md asks one question of a row, does a person consume this. A CLASSIFIER LABEL from a product-classification scheme, Russian GOST and OKPD codes or a Germanic category noun. It names a bucket of products, not a product. Measured before removal: this row has ZERO references anywhere in the database, no recipe line, no dish cell, no edge, no pairing, no alias, and it sits on ONE source entry, so the drop removes the row rather than renaming it.",2026-09-16,,
wikidata,Q27494305,drop,,"⚠️ NOT CONSUMED, the library's inclusion test. docs/what-the-library-is-for.md asks one question of a row, does a person consume this. A CLASSIFIER LABEL from a product-classification scheme, Russian GOST and OKPD codes or a Germanic category noun. It names a bucket of products, not a product. Measured before removal: this row has ZERO references anywhere in the database, no recipe line, no dish cell, no edge, no pairing, no alias, and it sits on ONE source entry, so the drop removes the row rather than renaming it.",2026-09-16,,
wikidata,Q27919045,drop,,"⚠️ NOT CONSUMED, the library's inclusion test. docs/what-the-library-is-for.md asks one question of a row, does a person consume this. A CLASSIFIER LABEL from a product-classification scheme, Russian GOST and OKPD codes or a Germanic category noun. It names a bucket of products, not a product. Measured before removal: this row has ZERO references anywhere in the database, no recipe line, no dish cell, no edge, no pairing, no alias, and it sits on ONE source entry, so the drop removes the row rather than renaming it.",2026-09-16,,
wikidata,Q26882082,drop,,"⚠️ NOT CONSUMED, the library's inclusion test. docs/what-the-library-is-for.md asks one question of a row, does a person consume this. A CLASSIFIER LABEL from a product-classification scheme, Russian GOST and OKPD codes or a Germanic category noun. It names a bucket of products, not a product. Measured before removal: this row has ZERO references anywhere in the database, no recipe line, no dish cell, no edge, no pairing, no alias, and it sits on ONE source entry, so the drop removes the row rather than renaming it.",2026-09-16,,
wikidata,Q27919126,drop,,"⚠️ NOT CONSUMED, the library's inclusion test. docs/what-the-library-is-for.md asks one question of a row, does a person consume this. A CLASSIFIER LABEL from a product-classification scheme, Russian GOST and OKPD codes or a Germanic category noun. It names a bucket of products, not a product. Measured before removal: this row has ZERO references anywhere in the database, no recipe line, no dish cell, no edge, no pairing, no alias, and it sits on ONE source entry, so the drop removes the row rather than renaming it.",2026-09-16,,
off_taxonomy,en:e15x,drop,,"⚠️ NOT CONSUMED, the library's inclusion test. docs/what-the-library-is-for.md asks one question of a row, does a person consume this. A label-parse fragment. It is not a name for anything, it is a piece of an ingredient label the intake split and admitted on its own. Measured before removal: this row has ZERO references anywhere in the database, no recipe line, no dish cell, no edge, no pairing, no alias, and it sits on ONE source entry, so the drop removes the row rather than renaming it.",2026-09-16,,
off_taxonomy,en:exxx,drop,,"⚠️ NOT CONSUMED, the library's inclusion test. docs/what-the-library-is-for.md asks one question of a row, does a person consume this. A label-parse fragment. It is not a name for anything, it is a piece of an ingredient label the intake split and admitted on its own. Measured before removal: this row has ZERO references anywhere in the database, no recipe line, no dish cell, no edge, no pairing, no alias, and it sits on ONE source entry, so the drop removes the row rather than renaming it.",2026-09-16,,
off_taxonomy,en:fd-c,drop,,"⚠️ NOT CONSUMED, the library's inclusion test. docs/what-the-library-is-for.md asks one question of a row, does a person consume this. A label-parse fragment. It is not a name for anything, it is a piece of an ingredient label the intake split and admitted on its own. Measured before removal: this row has ZERO references anywhere in the database, no recipe line, no dish cell, no edge, no pairing, no alias, and it sits on ONE source entry, so the drop removes the row rather than renaming it.",2026-09-16,,
off_taxonomy,en:colourful,drop,,"⚠️ NOT CONSUMED, the library's inclusion test. docs/what-the-library-is-for.md asks one question of a row, does a person consume this. A label-parse fragment. It is not a name for anything, it is a piece of an ingredient label the intake split and admitted on its own. Measured before removal: this row has ZERO references anywhere in the database, no recipe line, no dish cell, no edge, no pairing, no alias, and it sits on ONE source entry, so the drop removes the row rather than renaming it.",2026-09-16,,
off_taxonomy,fr:complet,drop,,"⚠️ NOT CONSUMED, the library's inclusion test. docs/what-the-library-is-for.md asks one question of a row, does a person consume this. A label-parse fragment. It is not a name for anything, it is a piece of an ingredient label the intake split and admitted on its own. Measured before removal: this row has ZERO references anywhere in the database, no recipe line, no dish cell, no edge, no pairing, no alias, and it sits on ONE source entry, so the drop removes the row rather than renaming it.",2026-09-16,,
off_taxonomy,fr:de-fer,drop,,"⚠️ NOT CONSUMED, the library's inclusion test. docs/what-the-library-is-for.md asks one question of a row, does a person consume this. A label-parse fragment. It is not a name for anything, it is a piece of an ingredient label the intake split and admitted on its own. Measured before removal: this row has ZERO references anywhere in the database, no recipe line, no dish cell, no edge, no pairing, no alias, and it sits on ONE source entry, so the drop removes the row rather than renaming it.",2026-09-16,,
off_taxonomy,fr:de-production-biologique,drop,,"⚠️ NOT CONSUMED, the library's inclusion test. docs/what-the-library-is-for.md asks one question of a row, does a person consume this. A label-parse fragment. It is not a name for anything, it is a piece of an ingredient label the intake split and admitted on its own. Measured before removal: this row has ZERO references anywhere in the database, no recipe line, no dish cell, no edge, no pairing, no alias, and it sits on ONE source entry, so the drop removes the row rather than renaming it.",2026-09-16,,
off_taxonomy,en:hydrolysed,drop,,"⚠️ NOT CONSUMED, the library's inclusion test. docs/what-the-library-is-for.md asks one question of a row, does a person consume this. A label-parse fragment. It is not a name for anything, it is a piece of an ingredient label the intake split and admitted on its own. Measured before removal: this row has ZERO references anywhere in the database, no recipe line, no dish cell, no edge, no pairing, no alias, and it sits on ONE source entry, so the drop removes the row rather than renaming it.",2026-09-16,,
off_taxonomy,pt:lactico,drop,,"⚠️ NOT CONSUMED, the library's inclusion test. docs/what-the-library-is-for.md asks one question of a row, does a person consume this. A label-parse fragment. It is not a name for anything, it is a piece of an ingredient label the intake split and admitted on its own. Measured before removal: this row has ZERO references anywhere in the database, no recipe line, no dish cell, no edge, no pairing, no alias, and it sits on ONE source entry, so the drop removes the row rather than renaming it.",2026-09-16,,
off_taxonomy,fr:monocalcique,drop,,"⚠️ NOT CONSUMED, the library's inclusion test. docs/what-the-library-is-for.md asks one question of a row, does a person consume this. A label-parse fragment. It is not a name for anything, it is a piece of an ingredient label the intake split and admitted on its own. Measured before removal: this row has ZERO references anywhere in the database, no recipe line, no dish cell, no edge, no pairing, no alias, and it sits on ONE source entry, so the drop removes the row rather than renaming it.",2026-09-16,,
off_taxonomy,fr:monopotassique,drop,,"⚠️ NOT CONSUMED, the library's inclusion test. docs/what-the-library-is-for.md asks one question of a row, does a person consume this. A label-parse fragment. It is not a name for anything, it is a piece of an ingredient label the intake split and admitted on its own. Measured before removal: this row has ZERO references anywhere in the database, no recipe line, no dish cell, no edge, no pairing, no alias, and it sits on ONE source entry, so the drop removes the row rather than renaming it.",2026-09-16,,
off_taxonomy,fr:monosodique,drop,,"⚠️ NOT CONSUMED, the library's inclusion test. docs/what-the-library-is-for.md asks one question of a row, does a person consume this. A label-parse fragment. It is not a name for anything, it is a piece of an ingredient label the intake split and admitted on its own. Measured before removal: this row has ZERO references anywhere in the database, no recipe line, no dish cell, no edge, no pairing, no alias, and it sits on ONE source entry, so the drop removes the row rather than renaming it.",2026-09-16,,
off_taxonomy,en:no1,drop,,"⚠️ NOT CONSUMED, the library's inclusion test. docs/what-the-library-is-for.md asks one question of a row, does a person consume this. A label-parse fragment. It is not a name for anything, it is a piece of an ingredient label the intake split and admitted on its own. Measured before removal: this row has ZERO references anywhere in the database, no recipe line, no dish cell, no edge, no pairing, no alias, and it sits on ONE source entry, so the drop removes the row rather than renaming it.",2026-09-16,,
off_taxonomy,en:no10,drop,,"⚠️ NOT CONSUMED, the library's inclusion test. docs/what-the-library-is-for.md asks one question of a row, does a person consume this. A label-parse fragment. It is not a name for anything, it is a piece of an ingredient label the intake split and admitted on its own. Measured before removal: this row has ZERO references anywhere in the database, no recipe line, no dish cell, no edge, no pairing, no alias, and it sits on ONE source entry, so the drop removes the row rather than renaming it.",2026-09-16,,
off_taxonomy,en:no11,drop,,"⚠️ NOT CONSUMED, the library's inclusion test. docs/what-the-library-is-for.md asks one question of a row, does a person consume this. A label-parse fragment. It is not a name for anything, it is a piece of an ingredient label the intake split and admitted on its own. Measured before removal: this row has ZERO references anywhere in the database, no recipe line, no dish cell, no edge, no pairing, no alias, and it sits on ONE source entry, so the drop removes the row rather than renaming it.",2026-09-16,,
off_taxonomy,en:no12,drop,,"⚠️ NOT CONSUMED, the library's inclusion test. docs/what-the-library-is-for.md asks one question of a row, does a person consume this. A label-parse fragment. It is not a name for anything, it is a piece of an ingredient label the intake split and admitted on its own. Measured before removal: this row has ZERO references anywhere in the database, no recipe line, no dish cell, no edge, no pairing, no alias, and it sits on ONE source entry, so the drop removes the row rather than renaming it.",2026-09-16,,
off_taxonomy,en:no2,drop,,"⚠️ NOT CONSUMED, the library's inclusion test. docs/what-the-library-is-for.md asks one question of a row, does a person consume this. A label-parse fragment. It is not a name for anything, it is a piece of an ingredient label the intake split and admitted on its own. Measured before removal: this row has ZERO references anywhere in the database, no recipe line, no dish cell, no edge, no pairing, no alias, and it sits on ONE source entry, so the drop removes the row rather than renaming it.",2026-09-16,,
off_taxonomy,en:no3,drop,,"⚠️ NOT CONSUMED, the library's inclusion test. docs/what-the-library-is-for.md asks one question of a row, does a person consume this. A label-parse fragment. It is not a name for anything, it is a piece of an ingredient label the intake split and admitted on its own. Measured before removal: this row has ZERO references anywhere in the database, no recipe line, no dish cell, no edge, no pairing, no alias, and it sits on ONE source entry, so the drop removes the row rather than renaming it.",2026-09-16,,
off_taxonomy,en:no4,drop,,"⚠️ NOT CONSUMED, the library's inclusion test. docs/what-the-library-is-for.md asks one question of a row, does a person consume this. A label-parse fragment. It is not a name for anything, it is a piece of an ingredient label the intake split and admitted on its own. Measured before removal: this row has ZERO references anywhere in the database, no recipe line, no dish cell, no edge, no pairing, no alias, and it sits on ONE source entry, so the drop removes the row rather than renaming it.",2026-09-16,,
off_taxonomy,en:no5,drop,,"⚠️ NOT CONSUMED, the library's inclusion test. docs/what-the-library-is-for.md asks one question of a row, does a person consume this. A label-parse fragment. It is not a name for anything, it is a piece of an ingredient label the intake split and admitted on its own. Measured before removal: this row has ZERO references anywhere in the database, no recipe line, no dish cell, no edge, no pairing, no alias, and it sits on ONE source entry, so the drop removes the row rather than renaming it.",2026-09-16,,
off_taxonomy,en:no6,drop,,"⚠️ NOT CONSUMED, the library's inclusion test. docs/what-the-library-is-for.md asks one question of a row, does a person consume this. A label-parse fragment. It is not a name for anything, it is a piece of an ingredient label the intake split and admitted on its own. Measured before removal: this row has ZERO references anywhere in the database, no recipe line, no dish cell, no edge, no pairing, no alias, and it sits on ONE source entry, so the drop removes the row rather than renaming it.",2026-09-16,,
off_taxonomy,en:no7,drop,,"⚠️ NOT CONSUMED, the library's inclusion test. docs/what-the-library-is-for.md asks one question of a row, does a person consume this. A label-parse fragment. It is not a name for anything, it is a piece of an ingredient label the intake split and admitted on its own. Measured before removal: this row has ZERO references anywhere in the database, no recipe line, no dish cell, no edge, no pairing, no alias, and it sits on ONE source entry, so the drop removes the row rather than renaming it.",2026-09-16,,
off_taxonomy,en:no8,drop,,"⚠️ NOT CONSUMED, the library's inclusion test. docs/what-the-library-is-for.md asks one question of a row, does a person consume this. A label-parse fragment. It is not a name for anything, it is a piece of an ingredient label the intake split and admitted on its own. Measured before removal: this row has ZERO references anywhere in the database, no recipe line, no dish cell, no edge, no pairing, no alias, and it sits on ONE source entry, so the drop removes the row rather than renaming it.",2026-09-16,,
off_taxonomy,en:no9,drop,,"⚠️ NOT CONSUMED, the library's inclusion test. docs/what-the-library-is-for.md asks one question of a row, does a person consume this. A label-parse fragment. It is not a name for anything, it is a piece of an ingredient label the intake split and admitted on its own. Measured before removal: this row has ZERO references anywhere in the database, no recipe line, no dish cell, no edge, no pairing, no alias, and it sits on ONE source entry, so the drop removes the row rather than renaming it.",2026-09-16,,
off_taxonomy,en:n,drop,,"⚠️ NOT CONSUMED, the library's inclusion test. docs/what-the-library-is-for.md asks one question of a row, does a person consume this. A label-parse fragment. It is not a name for anything, it is a piece of an ingredient label the intake split and admitted on its own. Measured before removal: this row has ZERO references anywhere in the database, no recipe line, no dish cell, no edge, no pairing, no alias, and it sits on ONE source entry, so the drop removes the row rather than renaming it.",2026-09-16,,
off_taxonomy,en:pasteurised,drop,,"⚠️ NOT CONSUMED, the library's inclusion test. docs/what-the-library-is-for.md asks one question of a row, does a person consume this. A label-parse fragment. It is not a name for anything, it is a piece of an ingredient label the intake split and admitted on its own. Measured before removal: this row has ZERO references anywhere in the database, no recipe line, no dish cell, no edge, no pairing, no alias, and it sits on ONE source entry, so the drop removes the row rather than renaming it.",2026-09-16,,
off_taxonomy,da:ristet,drop,,"⚠️ NOT CONSUMED, the library's inclusion test. docs/what-the-library-is-for.md asks one question of a row, does a person consume this. A label-parse fragment. It is not a name for anything, it is a piece of an ingredient label the intake split and admitted on its own. Measured before removal: this row has ZERO references anywhere in the database, no recipe line, no dish cell, no edge, no pairing, no alias, and it sits on ONE source entry, so the drop removes the row rather than renaming it.",2026-09-16,,
off_taxonomy,fr:semi-complet,drop,,"⚠️ NOT CONSUMED, the library's inclusion test. docs/what-the-library-is-for.md asks one question of a row, does a person consume this. A label-parse fragment. It is not a name for anything, it is a piece of an ingredient label the intake split and admitted on its own. Measured before removal: this row has ZERO references anywhere in the database, no recipe line, no dish cell, no edge, no pairing, no alias, and it sits on ONE source entry, so the drop removes the row rather than renaming it.",2026-09-16,,
off_taxonomy,fr:semi-complete,drop,,"⚠️ NOT CONSUMED, the library's inclusion test. docs/what-the-library-is-for.md asks one question of a row, does a person consume this. A label-parse fragment. It is not a name for anything, it is a piece of an ingredient label the intake split and admitted on its own. Measured before removal: this row has ZERO references anywhere in the database, no recipe line, no dish cell, no edge, no pairing, no alias, and it sits on ONE source entry, so the drop removes the row rather than renaming it.",2026-09-16,,
off_taxonomy,en:semi-wholemeal,drop,,"⚠️ NOT CONSUMED, the library's inclusion test. docs/what-the-library-is-for.md asks one question of a row, does a person consume this. A label-parse fragment. It is not a name for anything, it is a piece of an ingredient label the intake split and admitted on its own. Measured before removal: this row has ZERO references anywhere in the database, no recipe line, no dish cell, no edge, no pairing, no alias, and it sits on ONE source entry, so the drop removes the row rather than renaming it.",2026-09-16,,
off_taxonomy,en:natural-firming-agent,drop,,"⚠️ NOT CONSUMED, the library's inclusion test. docs/what-the-library-is-for.md asks one question of a row, does a person consume this. A FUNCTIONAL-CLASS LABEL, not a substance. The class goes and the consumable stays: gelatin, pectin, lecithin, baking soda and cream of tartar are all separate rows and none of them is touched by this pass. Measured before removal: this row has ZERO references anywhere in the database, no recipe line, no dish cell, no edge, no pairing, no alias, and it sits on ONE source entry, so the drop removes the row rather than renaming it.",2026-09-16,,
wikidata,Q49122917,drop,,"⚠️ NOT CONSUMED, the library's inclusion test. docs/what-the-library-is-for.md asks one question of a row, does a person consume this. A FUNCTIONAL-CLASS LABEL, not a substance. The class goes and the consumable stays: gelatin, pectin, lecithin, baking soda and cream of tartar are all separate rows and none of them is touched by this pass. Measured before removal: this row has ZERO references anywhere in the database, no recipe line, no dish cell, no edge, no pairing, no alias, and it sits on ONE source entry, so the drop removes the row rather than renaming it.",2026-09-16,,
off_taxonomy,fr:agent-d-enrobage-carbonate-de-calcium,drop,,"⚠️ NOT CONSUMED, the library's inclusion test. docs/what-the-library-is-for.md asks one question of a row, does a person consume this. A FUNCTIONAL-CLASS LABEL, not a substance. The class goes and the consumable stays: gelatin, pectin, lecithin, baking soda and cream of tartar are all separate rows and none of them is touched by this pass. Measured before removal: this row has ZERO references anywhere in the database, no recipe line, no dish cell, no edge, no pairing, no alias, and it sits on ONE source entry, so the drop removes the row rather than renaming it.",2026-09-16,,
off_taxonomy,en:anti-bulking-agent,drop,,"⚠️ NOT CONSUMED, the library's inclusion test. docs/what-the-library-is-for.md asks one question of a row, does a person consume this. A FUNCTIONAL-CLASS LABEL, not a substance. The class goes and the consumable stays: gelatin, pectin, lecithin, baking soda and cream of tartar are all separate rows and none of them is touched by this pass. Measured before removal: this row has ZERO references anywhere in the database, no recipe line, no dish cell, no edge, no pairing, no alias, and it sits on ONE source entry, so the drop removes the row rather than renaming it.",2026-09-16,,
wikidata,Q49101323,drop,,"⚠️ NOT CONSUMED, the library's inclusion test. docs/what-the-library-is-for.md asks one question of a row, does a person consume this. A FUNCTIONAL-CLASS LABEL, not a substance. The class goes and the consumable stays: gelatin, pectin, lecithin, baking soda and cream of tartar are all separate rows and none of them is touched by this pass. Measured before removal: this row has ZERO references anywhere in the database, no recipe line, no dish cell, no edge, no pairing, no alias, and it sits on ONE source entry, so the drop removes the row rather than renaming it.",2026-09-16,,
wikidata,Q49104847,drop,,"⚠️ NOT CONSUMED, the library's inclusion test. docs/what-the-library-is-for.md asks one question of a row, does a person consume this. A FUNCTIONAL-CLASS LABEL, not a substance. The class goes and the consumable stays: gelatin, pectin, lecithin, baking soda and cream of tartar are all separate rows and none of them is touched by this pass. Measured before removal: this row has ZERO references anywhere in the database, no recipe line, no dish cell, no edge, no pairing, no alias, and it sits on ONE source entry, so the drop removes the row rather than renaming it.",2026-09-16,,
wikidata,Q49124646,drop,,"⚠️ NOT CONSUMED, the library's inclusion test. docs/what-the-library-is-for.md asks one question of a row, does a person consume this. A FUNCTIONAL-CLASS LABEL, not a substance. The class goes and the consumable stays: gelatin, pectin, lecithin, baking soda and cream of tartar are all separate rows and none of them is touched by this pass. Measured before removal: this row has ZERO references anywhere in the database, no recipe line, no dish cell, no edge, no pairing, no alias, and it sits on ONE source entry, so the drop removes the row rather than renaming it.",2026-09-16,,
wikidata,Q49125155,drop,,"⚠️ NOT CONSUMED, the library's inclusion test. docs/what-the-library-is-for.md asks one question of a row, does a person consume this. A FUNCTIONAL-CLASS LABEL, not a substance. The class goes and the consumable stays: gelatin, pectin, lecithin, baking soda and cream of tartar are all separate rows and none of them is touched by this pass. Measured before removal: this row has ZERO references anywhere in the database, no recipe line, no dish cell, no edge, no pairing, no alias, and it sits on ONE source entry, so the drop removes the row rather than renaming it.",2026-09-16,,
wikidata,Q49125081,drop,,"⚠️ NOT CONSUMED, the library's inclusion test. docs/what-the-library-is-for.md asks one question of a row, does a person consume this. A FUNCTIONAL-CLASS LABEL, not a substance. The class goes and the consumable stays: gelatin, pectin, lecithin, baking soda and cream of tartar are all separate rows and none of them is touched by this pass. Measured before removal: this row has ZERO references anywhere in the database, no recipe line, no dish cell, no edge, no pairing, no alias, and it sits on ONE source entry, so the drop removes the row rather than renaming it.",2026-09-16,,
wikidata,Q49124729,drop,,"⚠️ NOT CONSUMED, the library's inclusion test. docs/what-the-library-is-for.md asks one question of a row, does a person consume this. A FUNCTIONAL-CLASS LABEL, not a substance. The class goes and the consumable stays: gelatin, pectin, lecithin, baking soda and cream of tartar are all separate rows and none of them is touched by this pass. Measured before removal: this row has ZERO references anywhere in the database, no recipe line, no dish cell, no edge, no pairing, no alias, and it sits on ONE source entry, so the drop removes the row rather than renaming it.",2026-09-16,,
wikidata,Q49104647,drop,,"⚠️ NOT CONSUMED, the library's inclusion test. docs/what-the-library-is-for.md asks one question of a row, does a person consume this. A FUNCTIONAL-CLASS LABEL, not a substance. The class goes and the consumable stays: gelatin, pectin, lecithin, baking soda and cream of tartar are all separate rows and none of them is touched by this pass. Measured before removal: this row has ZERO references anywhere in the database, no recipe line, no dish cell, no edge, no pairing, no alias, and it sits on ONE source entry, so the drop removes the row rather than renaming it.",2026-09-16,,
wikidata,Q49124834,drop,,"⚠️ NOT CONSUMED, the library's inclusion test. docs/what-the-library-is-for.md asks one question of a row, does a person consume this. A FUNCTIONAL-CLASS LABEL, not a substance. The class goes and the consumable stays: gelatin, pectin, lecithin, baking soda and cream of tartar are all separate rows and none of them is touched by this pass. Measured before removal: this row has ZERO references anywhere in the database, no recipe line, no dish cell, no edge, no pairing, no alias, and it sits on ONE source entry, so the drop removes the row rather than renaming it.",2026-09-16,,
wikidata,Q49127536,drop,,"⚠️ NOT CONSUMED, the library's inclusion test. docs/what-the-library-is-for.md asks one question of a row, does a person consume this. A FUNCTIONAL-CLASS LABEL, not a substance. The class goes and the consumable stays: gelatin, pectin, lecithin, baking soda and cream of tartar are all separate rows and none of them is touched by this pass. Measured before removal: this row has ZERO references anywhere in the database, no recipe line, no dish cell, no edge, no pairing, no alias, and it sits on ONE source entry, so the drop removes the row rather than renaming it.",2026-09-16,,
wikidata,Q49111105,drop,,"⚠️ NOT CONSUMED, the library's inclusion test. docs/what-the-library-is-for.md asks one question of a row, does a person consume this. A FUNCTIONAL-CLASS LABEL, not a substance. The class goes and the consumable stays: gelatin, pectin, lecithin, baking soda and cream of tartar are all separate rows and none of them is touched by this pass. Measured before removal: this row has ZERO references anywhere in the database, no recipe line, no dish cell, no edge, no pairing, no alias, and it sits on ONE source entry, so the drop removes the row rather than renaming it.",2026-09-16,,
wikidata,Q49123577,drop,,"⚠️ NOT CONSUMED, the library's inclusion test. docs/what-the-library-is-for.md asks one question of a row, does a person consume this. A FUNCTIONAL-CLASS LABEL, not a substance. The class goes and the consumable stays: gelatin, pectin, lecithin, baking soda and cream of tartar are all separate rows and none of them is touched by this pass. Measured before removal: this row has ZERO references anywhere in the database, no recipe line, no dish cell, no edge, no pairing, no alias, and it sits on ONE source entry, so the drop removes the row rather than renaming it.",2026-09-16,,
wikidata,Q49116588,drop,,"⚠️ NOT CONSUMED, the library's inclusion test. docs/what-the-library-is-for.md asks one question of a row, does a person consume this. A FUNCTIONAL-CLASS LABEL, not a substance. The class goes and the consumable stays: gelatin, pectin, lecithin, baking soda and cream of tartar are all separate rows and none of them is touched by this pass. Measured before removal: this row has ZERO references anywhere in the database, no recipe line, no dish cell, no edge, no pairing, no alias, and it sits on ONE source entry, so the drop removes the row rather than renaming it.",2026-09-16,,
wikidata,Q49116381,drop,,"⚠️ NOT CONSUMED, the library's inclusion test. docs/what-the-library-is-for.md asks one question of a row, does a person consume this. A FUNCTIONAL-CLASS LABEL, not a substance. The class goes and the consumable stays: gelatin, pectin, lecithin, baking soda and cream of tartar are all separate rows and none of them is touched by this pass. Measured before removal: this row has ZERO references anywhere in the database, no recipe line, no dish cell, no edge, no pairing, no alias, and it sits on ONE source entry, so the drop removes the row rather than renaming it.",2026-09-16,,
off_taxonomy,en:cooking-enhancer,drop,,"⚠️ NOT CONSUMED, the library's inclusion test. docs/what-the-library-is-for.md asks one question of a row, does a person consume this. A FUNCTIONAL-CLASS LABEL, not a substance. The class goes and the consumable stays: gelatin, pectin, lecithin, baking soda and cream of tartar are all separate rows and none of them is touched by this pass. Measured before removal: this row has ZERO references anywhere in the database, no recipe line, no dish cell, no edge, no pairing, no alias, and it sits on ONE source entry, so the drop removes the row rather than renaming it.",2026-09-16,,
off_taxonomy,en:creaming-agent,drop,,"⚠️ NOT CONSUMED, the library's inclusion test. docs/what-the-library-is-for.md asks one question of a row, does a person consume this. A FUNCTIONAL-CLASS LABEL, not a substance. The class goes and the consumable stays: gelatin, pectin, lecithin, baking soda and cream of tartar are all separate rows and none of them is touched by this pass. Measured before removal: this row has ZERO references anywhere in the database, no recipe line, no dish cell, no edge, no pairing, no alias, and it sits on ONE source entry, so the drop removes the row rather than renaming it.",2026-09-16,,
wikidata,Q49117952,drop,,"⚠️ NOT CONSUMED, the library's inclusion test. docs/what-the-library-is-for.md asks one question of a row, does a person consume this. A FUNCTIONAL-CLASS LABEL, not a substance. The class goes and the consumable stays: gelatin, pectin, lecithin, baking soda and cream of tartar are all separate rows and none of them is touched by this pass. Measured before removal: this row has ZERO references anywhere in the database, no recipe line, no dish cell, no edge, no pairing, no alias, and it sits on ONE source entry, so the drop removes the row rather than renaming it.",2026-09-16,,
wikidata,Q49111384,drop,,"⚠️ NOT CONSUMED, the library's inclusion test. docs/what-the-library-is-for.md asks one question of a row, does a person consume this. A FUNCTIONAL-CLASS LABEL, not a substance. The class goes and the consumable stays: gelatin, pectin, lecithin, baking soda and cream of tartar are all separate rows and none of them is touched by this pass. Measured before removal: this row has ZERO references anywhere in the database, no recipe line, no dish cell, no edge, no pairing, no alias, and it sits on ONE source entry, so the drop removes the row rather than renaming it.",2026-09-16,,
wikidata,Q49121885,drop,,"⚠️ NOT CONSUMED, the library's inclusion test. docs/what-the-library-is-for.md asks one question of a row, does a person consume this. A FUNCTIONAL-CLASS LABEL, not a substance. The class goes and the consumable stays: gelatin, pectin, lecithin, baking soda and cream of tartar are all separate rows and none of them is touched by this pass. Measured before removal: this row has ZERO references anywhere in the database, no recipe line, no dish cell, no edge, no pairing, no alias, and it sits on ONE source entry, so the drop removes the row rather than renaming it.",2026-09-16,,
wikidata,Q49102879,drop,,"⚠️ NOT CONSUMED, the library's inclusion test. docs/what-the-library-is-for.md asks one question of a row, does a person consume this. A FUNCTIONAL-CLASS LABEL, not a substance. The class goes and the consumable stays: gelatin, pectin, lecithin, baking soda and cream of tartar are all separate rows and none of them is touched by this pass. Measured before removal: this row has ZERO references anywhere in the database, no recipe line, no dish cell, no edge, no pairing, no alias, and it sits on ONE source entry, so the drop removes the row rather than renaming it.",2026-09-16,,
wikidata,Q49111633,drop,,"⚠️ NOT CONSUMED, the library's inclusion test. docs/what-the-library-is-for.md asks one question of a row, does a person consume this. A FUNCTIONAL-CLASS LABEL, not a substance. The class goes and the consumable stays: gelatin, pectin, lecithin, baking soda and cream of tartar are all separate rows and none of them is touched by this pass. Measured before removal: this row has ZERO references anywhere in the database, no recipe line, no dish cell, no edge, no pairing, no alias, and it sits on ONE source entry, so the drop removes the row rather than renaming it.",2026-09-16,,
wikidata,Q49121424,drop,,"⚠️ NOT CONSUMED, the library's inclusion test. docs/what-the-library-is-for.md asks one question of a row, does a person consume this. A FUNCTIONAL-CLASS LABEL, not a substance. The class goes and the consumable stays: gelatin, pectin, lecithin, baking soda and cream of tartar are all separate rows and none of them is touched by this pass. Measured before removal: this row has ZERO references anywhere in the database, no recipe line, no dish cell, no edge, no pairing, no alias, and it sits on ONE source entry, so the drop removes the row rather than renaming it.",2026-09-16,,
wikidata,Q60449682,drop,,"⚠️ NOT CONSUMED, the library's inclusion test. docs/what-the-library-is-for.md asks one question of a row, does a person consume this. A FUNCTIONAL-CLASS LABEL, not a substance. The class goes and the consumable stays: gelatin, pectin, lecithin, baking soda and cream of tartar are all separate rows and none of them is touched by this pass. Measured before removal: this row has ZERO references anywhere in the database, no recipe line, no dish cell, no edge, no pairing, no alias, and it sits on ONE source entry, so the drop removes the row rather than renaming it.",2026-09-16,,
wikidata,Q49124923,drop,,"⚠️ NOT CONSUMED, the library's inclusion test. docs/what-the-library-is-for.md asks one question of a row, does a person consume this. A FUNCTIONAL-CLASS LABEL, not a substance. The class goes and the consumable stays: gelatin, pectin, lecithin, baking soda and cream of tartar are all separate rows and none of them is touched by this pass. Measured before removal: this row has ZERO references anywhere in the database, no recipe line, no dish cell, no edge, no pairing, no alias, and it sits on ONE source entry, so the drop removes the row rather than renaming it.",2026-09-16,,
wikidata,Q122676743,drop,,"⚠️ NOT CONSUMED, the library's inclusion test. docs/what-the-library-is-for.md asks one question of a row, does a person consume this. A FUNCTIONAL-CLASS LABEL, not a substance. The class goes and the consumable stays: gelatin, pectin, lecithin, baking soda and cream of tartar are all separate rows and none of them is touched by this pass. Measured before removal: this row has ZERO references anywhere in the database, no recipe line, no dish cell, no edge, no pairing, no alias, and it sits on ONE source entry, so the drop removes the row rather than renaming it.",2026-09-16,,
wikidata,Q49124209,drop,,"⚠️ NOT CONSUMED, the library's inclusion test. docs/what-the-library-is-for.md asks one question of a row, does a person consume this. A FUNCTIONAL-CLASS LABEL, not a substance. The class goes and the consumable stays: gelatin, pectin, lecithin, baking soda and cream of tartar are all separate rows and none of them is touched by this pass. Measured before removal: this row has ZERO references anywhere in the database, no recipe line, no dish cell, no edge, no pairing, no alias, and it sits on ONE source entry, so the drop removes the row rather than renaming it.",2026-09-16,,
off_taxonomy,en:natural-emulsifier,drop,,"⚠️ NOT CONSUMED, the library's inclusion test. docs/what-the-library-is-for.md asks one question of a row, does a person consume this. A FUNCTIONAL-CLASS LABEL, not a substance. The class goes and the consumable stays: gelatin, pectin, lecithin, baking soda and cream of tartar are all separate rows and none of them is touched by this pass. Measured before removal: this row has ZERO references anywhere in the database, no recipe line, no dish cell, no edge, no pairing, no alias, and it sits on ONE source entry, so the drop removes the row rather than renaming it.",2026-09-16,,
off_taxonomy,en:natural-preservative,drop,,"⚠️ NOT CONSUMED, the library's inclusion test. docs/what-the-library-is-for.md asks one question of a row, does a person consume this. A FUNCTIONAL-CLASS LABEL, not a substance. The class goes and the consumable stays: gelatin, pectin, lecithin, baking soda and cream of tartar are all separate rows and none of them is touched by this pass. Measured before removal: this row has ZERO references anywhere in the database, no recipe line, no dish cell, no edge, no pairing, no alias, and it sits on ONE source entry, so the drop removes the row rather than renaming it.",2026-09-16,,
off_taxonomy,en:natural-thickener,drop,,"⚠️ NOT CONSUMED, the library's inclusion test. docs/what-the-library-is-for.md asks one question of a row, does a person consume this. A FUNCTIONAL-CLASS LABEL, not a substance. The class goes and the consumable stays: gelatin, pectin, lecithin, baking soda and cream of tartar are all separate rows and none of them is touched by this pass. Measured before removal: this row has ZERO references anywhere in the database, no recipe line, no dish cell, no edge, no pairing, no alias, and it sits on ONE source entry, so the drop removes the row rather than renaming it.",2026-09-16,,
wikidata,Q49111224,drop,,"⚠️ NOT CONSUMED, the library's inclusion test. docs/what-the-library-is-for.md asks one question of a row, does a person consume this. A FUNCTIONAL-CLASS LABEL, not a substance. The class goes and the consumable stays: gelatin, pectin, lecithin, baking soda and cream of tartar are all separate rows and none of them is touched by this pass. Measured before removal: this row has ZERO references anywhere in the database, no recipe line, no dish cell, no edge, no pairing, no alias, and it sits on ONE source entry, so the drop removes the row rather than renaming it.",2026-09-16,,
wikidata,Q11535759,drop,,"⚠️ NOT CONSUMED, the library's inclusion test. docs/what-the-library-is-for.md asks one question of a row, does a person consume this. A FUNCTIONAL-CLASS LABEL, not a substance. The class goes and the consumable stays: gelatin, pectin, lecithin, baking soda and cream of tartar are all separate rows and none of them is touched by this pass. Measured before removal: this row has ZERO references anywhere in the database, no recipe line, no dish cell, no edge, no pairing, no alias, and it sits on ONE source entry, so the drop removes the row rather than renaming it.",2026-09-16,,
wikidata,Q49100790,drop,,"⚠️ NOT CONSUMED, the library's inclusion test. docs/what-the-library-is-for.md asks one question of a row, does a person consume this. A FUNCTIONAL-CLASS LABEL, not a substance. The class goes and the consumable stays: gelatin, pectin, lecithin, baking soda and cream of tartar are all separate rows and none of them is touched by this pass. Measured before removal: this row has ZERO references anywhere in the database, no recipe line, no dish cell, no edge, no pairing, no alias, and it sits on ONE source entry, so the drop removes the row rather than renaming it.",2026-09-16,,
wikidata,Q49123428,drop,,"⚠️ NOT CONSUMED, the library's inclusion test. docs/what-the-library-is-for.md asks one question of a row, does a person consume this. A FUNCTIONAL-CLASS LABEL, not a substance. The class goes and the consumable stays: gelatin, pectin, lecithin, baking soda and cream of tartar are all separate rows and none of them is touched by this pass. Measured before removal: this row has ZERO references anywhere in the database, no recipe line, no dish cell, no edge, no pairing, no alias, and it sits on ONE source entry, so the drop removes the row rather than renaming it.",2026-09-16,,
wikidata,Q49126254,drop,,"⚠️ NOT CONSUMED, the library's inclusion test. docs/what-the-library-is-for.md asks one question of a row, does a person consume this. A FUNCTIONAL-CLASS LABEL, not a substance. The class goes and the consumable stays: gelatin, pectin, lecithin, baking soda and cream of tartar are all separate rows and none of them is touched by this pass. Measured before removal: this row has ZERO references anywhere in the database, no recipe line, no dish cell, no edge, no pairing, no alias, and it sits on ONE source entry, so the drop removes the row rather than renaming it.",2026-09-16,,
wikidata,Q49123688,drop,,"⚠️ NOT CONSUMED, the library's inclusion test. docs/what-the-library-is-for.md asks one question of a row, does a person consume this. A FUNCTIONAL-CLASS LABEL, not a substance. The class goes and the consumable stays: gelatin, pectin, lecithin, baking soda and cream of tartar are all separate rows and none of them is touched by this pass. Measured before removal: this row has ZERO references anywhere in the database, no recipe line, no dish cell, no edge, no pairing, no alias, and it sits on ONE source entry, so the drop removes the row rather than renaming it.",2026-09-16,,
wikidata,Q49118156,drop,,"⚠️ NOT CONSUMED, the library's inclusion test. docs/what-the-library-is-for.md asks one question of a row, does a person consume this. A FUNCTIONAL-CLASS LABEL, not a substance. The class goes and the consumable stays: gelatin, pectin, lecithin, baking soda and cream of tartar are all separate rows and none of them is touched by this pass. Measured before removal: this row has ZERO references anywhere in the database, no recipe line, no dish cell, no edge, no pairing, no alias, and it sits on ONE source entry, so the drop removes the row rather than renaming it.",2026-09-16,,
wikidata,Q98637450,drop,,"⚠️ NOT CONSUMED, the library's inclusion test. docs/what-the-library-is-for.md asks one question of a row, does a person consume this. A FUNCTIONAL-CLASS LABEL, not a substance. The class goes and the consumable stays: gelatin, pectin, lecithin, baking soda and cream of tartar are all separate rows and none of them is touched by this pass. Measured before removal: this row has ZERO references anywhere in the database, no recipe line, no dish cell, no edge, no pairing, no alias, and it sits on ONE source entry, so the drop removes the row rather than renaming it.",2026-09-16,,
wikidata,Q49127966,drop,,"⚠️ NOT CONSUMED, the library's inclusion test. docs/what-the-library-is-for.md asks one question of a row, does a person consume this. A FUNCTIONAL-CLASS LABEL, not a substance. The class goes and the consumable stays: gelatin, pectin, lecithin, baking soda and cream of tartar are all separate rows and none of them is touched by this pass. Measured before removal: this row has ZERO references anywhere in the database, no recipe line, no dish cell, no edge, no pairing, no alias, and it sits on ONE source entry, so the drop removes the row rather than renaming it.",2026-09-16,,
wikidata,Q49128047,drop,,"⚠️ NOT CONSUMED, the library's inclusion test. docs/what-the-library-is-for.md asks one question of a row, does a person consume this. A FUNCTIONAL-CLASS LABEL, not a substance. The class goes and the consumable stays: gelatin, pectin, lecithin, baking soda and cream of tartar are all separate rows and none of them is touched by this pass. Measured before removal: this row has ZERO references anywhere in the database, no recipe line, no dish cell, no edge, no pairing, no alias, and it sits on ONE source entry, so the drop removes the row rather than renaming it.",2026-09-16,,
wikidata,Q49124318,drop,,"⚠️ NOT CONSUMED, the library's inclusion test. docs/what-the-library-is-for.md asks one question of a row, does a person consume this. A FUNCTIONAL-CLASS LABEL, not a substance. The class goes and the consumable stays: gelatin, pectin, lecithin, baking soda and cream of tartar are all separate rows and none of them is touched by this pass. Measured before removal: this row has ZERO references anywhere in the database, no recipe line, no dish cell, no edge, no pairing, no alias, and it sits on ONE source entry, so the drop removes the row rather than renaming it.",2026-09-16,,
wikidata,Q49122786,drop,,"⚠️ NOT CONSUMED, the library's inclusion test. docs/what-the-library-is-for.md asks one question of a row, does a person consume this. A FUNCTIONAL-CLASS LABEL, not a substance. The class goes and the consumable stays: gelatin, pectin, lecithin, baking soda and cream of tartar are all separate rows and none of them is touched by this pass. Measured before removal: this row has ZERO references anywhere in the database, no recipe line, no dish cell, no edge, no pairing, no alias, and it sits on ONE source entry, so the drop removes the row rather than renaming it.",2026-09-16,,
off_taxonomy,en:other-nutritional-substances,drop,,"⚠️ NOT CONSUMED, the library's inclusion test. docs/what-the-library-is-for.md asks one question of a row, does a person consume this. An ABSTRACT CLASS, not a substance. Bare element names such as calcium and iodine are consumed nutrients and are deliberately NOT in this set. Measured before removal: this row has ZERO references anywhere in the database, no recipe line, no dish cell, no edge, no pairing, no alias, and it sits on ONE source entry, so the drop removes the row rather than renaming it.",2026-09-16,,
wikidata,Q112778777,drop,,"⚠️ NOT CONSUMED, the library's inclusion test. docs/what-the-library-is-for.md asks one question of a row, does a person consume this. An ABSTRACT CLASS, not a substance. Bare element names such as calcium and iodine are consumed nutrients and are deliberately NOT in this set. Measured before removal: this row has ZERO references anywhere in the database, no recipe line, no dish cell, no edge, no pairing, no alias, and it sits on ONE source entry, so the drop removes the row rather than renaming it.",2026-09-16,,
wikidata,Q33803421,drop,,"⚠️ NOT CONSUMED, the library's inclusion test. docs/what-the-library-is-for.md asks one question of a row, does a person consume this. A TECHNIQUE, not a thing. Nobody consumes a method. Measured before removal: this row has ZERO references anywhere in the database, no recipe line, no dish cell, no edge, no pairing, no alias, and it sits on ONE source entry, so the drop removes the row rather than renaming it.",2026-09-16,,
wikidata,Q26882990,drop,,"⚠️ NOT CONSUMED, the library's inclusion test. docs/what-the-library-is-for.md asks one question of a row, does a person consume this. A TECHNIQUE, not a thing. Nobody consumes a method. Measured before removal: this row has ZERO references anywhere in the database, no recipe line, no dish cell, no edge, no pairing, no alias, and it sits on ONE source entry, so the drop removes the row rather than renaming it.",2026-09-16,,
wikidata,Q10411945,drop,,"⚠️ NOT CONSUMED, the library's inclusion test. docs/what-the-library-is-for.md asks one question of a row, does a person consume this. A CLASSIFIER LABEL naming a bucket of products, not a product.",2026-09-17,,
wikidata,Q1047384,drop,,"⚠️ NOT CONSUMED, the library's inclusion test. docs/what-the-library-is-for.md asks one question of a row, does a person consume this. A company, not a consumable product.",2026-09-17,,
wikidata,Q104841162,drop,,"⚠️ NOT CONSUMED, the library's inclusion test. docs/what-the-library-is-for.md asks one question of a row, does a person consume this. A FUNCTIONAL-CLASS LABEL, not a substance.",2026-09-17,,
wikidata,Q104841993,drop,,"⚠️ NOT CONSUMED, the library's inclusion test. docs/what-the-library-is-for.md asks one question of a row, does a person consume this. Not a consumable. An article, an economic-activity class or a place.",2026-09-17,,
wikidata,Q10497263,drop,,"⚠️ NOT CONSUMED, the library's inclusion test. docs/what-the-library-is-for.md asks one question of a row, does a person consume this. Not for human consumption. An industrial, veterinary or cosmetic preparation.",2026-09-17,,
wikidata,Q10513511,drop,,"⚠️ NOT CONSUMED, the library's inclusion test. docs/what-the-library-is-for.md asks one question of a row, does a person consume this. Not a consumable. An article, an economic-activity class or a place.",2026-09-17,,
wikidata,Q10547776,drop,,"⚠️ NOT CONSUMED, the library's inclusion test. docs/what-the-library-is-for.md asks one question of a row, does a person consume this. A CLASSIFIER LABEL naming a bucket of products, not a product.",2026-09-17,,
wikidata,Q10549617,drop,,"⚠️ NOT CONSUMED, the library's inclusion test. docs/what-the-library-is-for.md asks one question of a row, does a person consume this. A CLASSIFIER LABEL naming a bucket of products, not a product.",2026-09-17,,
wikidata,Q1057052,drop,,"⚠️ NOT CONSUMED, the library's inclusion test. docs/what-the-library-is-for.md asks one question of a row, does a person consume this. A TECHNIQUE, not a thing.",2026-09-17,,
wikidata,Q108065444,drop,,"⚠️ NOT CONSUMED, the library's inclusion test. docs/what-the-library-is-for.md asks one question of a row, does a person consume this. A CLASSIFIER LABEL naming a bucket of products, not a product.",2026-09-17,,
wikidata,Q109045192,drop,,"⚠️ NOT CONSUMED, the library's inclusion test. docs/what-the-library-is-for.md asks one question of a row, does a person consume this. A label-parse fragment, not a name for anything.",2026-09-17,,
wikidata,Q109932818,drop,,"⚠️ NOT CONSUMED, the library's inclusion test. docs/what-the-library-is-for.md asks one question of a row, does a person consume this. A CLASSIFIER LABEL naming a bucket of products, not a product.",2026-09-17,,
wikidata,Q110611302,drop,,"⚠️ NOT CONSUMED, the library's inclusion test. docs/what-the-library-is-for.md asks one question of a row, does a person consume this. An ABSTRACT CLASS, not a substance.",2026-09-17,,
wikidata,Q110619720,drop,,"⚠️ NOT CONSUMED, the library's inclusion test. docs/what-the-library-is-for.md asks one question of a row, does a person consume this. A label-parse fragment, not a name for anything.",2026-09-17,,
wikidata,Q111904767,drop,,"⚠️ NOT CONSUMED, the library's inclusion test. docs/what-the-library-is-for.md asks one question of a row, does a person consume this. A CLASSIFIER LABEL naming a bucket of products, not a product.",2026-09-17,,
wikidata,Q111904781,drop,,"⚠️ NOT CONSUMED, the library's inclusion test. docs/what-the-library-is-for.md asks one question of a row, does a person consume this. A CLASSIFIER LABEL naming a bucket of products, not a product.",2026-09-17,,
wikidata,Q112130176,drop,,"⚠️ NOT CONSUMED, the library's inclusion test. docs/what-the-library-is-for.md asks one question of a row, does a person consume this. Not a consumable. An article, an economic-activity class or a place.",2026-09-17,,
wikidata,Q11267936,drop,,"⚠️ NOT CONSUMED, the library's inclusion test. docs/what-the-library-is-for.md asks one question of a row, does a person consume this. A TECHNIQUE, not a thing.",2026-09-17,,
wikidata,Q11291999,drop,,"⚠️ NOT CONSUMED, the library's inclusion test. docs/what-the-library-is-for.md asks one question of a row, does a person consume this. Not for human consumption. An industrial, veterinary or cosmetic preparation.",2026-09-17,,
wikidata,Q11302381,drop,,"⚠️ NOT CONSUMED, the library's inclusion test. docs/what-the-library-is-for.md asks one question of a row, does a person consume this. An ABSTRACT CLASS, not a substance.",2026-09-17,,
wikidata,Q113754254,drop,,"⚠️ NOT CONSUMED, the library's inclusion test. docs/what-the-library-is-for.md asks one question of a row, does a person consume this. An ABSTRACT CLASS, not a substance.",2026-09-17,,
wikidata,Q113756295,drop,,"⚠️ NOT CONSUMED, the library's inclusion test. docs/what-the-library-is-for.md asks one question of a row, does a person consume this. An ABSTRACT CLASS, not a substance.",2026-09-17,,
wikidata,Q113756305,drop,,"⚠️ NOT CONSUMED, the library's inclusion test. docs/what-the-library-is-for.md asks one question of a row, does a person consume this. An ABSTRACT CLASS, not a substance.",2026-09-17,,
wikidata,Q11375740,drop,,"⚠️ NOT CONSUMED, the library's inclusion test. docs/what-the-library-is-for.md asks one question of a row, does a person consume this. Not a consumable. An article, an economic-activity class or a place.",2026-09-17,,
wikidata,Q113773034,drop,,"⚠️ NOT CONSUMED, the library's inclusion test. docs/what-the-library-is-for.md asks one question of a row, does a person consume this. An ABSTRACT CLASS, not a substance.",2026-09-17,,
wikidata,Q115165283,drop,,"⚠️ NOT CONSUMED, the library's inclusion test. docs/what-the-library-is-for.md asks one question of a row, does a person consume this. A TECHNIQUE, not a thing.",2026-09-17,,
wikidata,Q11569315,drop,,"⚠️ NOT CONSUMED, the library's inclusion test. docs/what-the-library-is-for.md asks one question of a row, does a person consume this. An ABSTRACT CLASS, not a substance.",2026-09-17,,
wikidata,Q11587,drop,,"⚠️ NOT CONSUMED, the library's inclusion test. docs/what-the-library-is-for.md asks one question of a row, does a person consume this. Not for human consumption. An industrial, veterinary or cosmetic preparation.",2026-09-17,,
wikidata,Q117771966,drop,,"⚠️ NOT CONSUMED, the library's inclusion test. docs/what-the-library-is-for.md asks one question of a row, does a person consume this. Not for human consumption. An industrial, veterinary or cosmetic preparation.",2026-09-17,,
wikidata,Q12024380,drop,,"⚠️ NOT CONSUMED, the library's inclusion test. docs/what-the-library-is-for.md asks one question of a row, does a person consume this. An OBJECT, not a consumable.",2026-09-17,,
wikidata,Q12302713,drop,,"⚠️ NOT CONSUMED, the library's inclusion test. docs/what-the-library-is-for.md asks one question of a row, does a person consume this. Not for human consumption. An industrial, veterinary or cosmetic preparation.",2026-09-17,,
wikidata,Q123055099,drop,,"⚠️ NOT CONSUMED, the library's inclusion test. docs/what-the-library-is-for.md asks one question of a row, does a person consume this. Not a consumable. An article, an economic-activity class or a place.",2026-09-17,,
wikidata,Q123402136,drop,,"⚠️ NOT CONSUMED, the library's inclusion test. docs/what-the-library-is-for.md asks one question of a row, does a person consume this. Not for human consumption. An industrial, veterinary or cosmetic preparation.",2026-09-17,,
wikidata,Q124810005,drop,,"⚠️ NOT CONSUMED, the library's inclusion test. docs/what-the-library-is-for.md asks one question of a row, does a person consume this. A TAXONOMIC RANK. A classification is not the thing classified.",2026-09-17,,
wikidata,Q124810027,drop,,"⚠️ NOT CONSUMED, the library's inclusion test. docs/what-the-library-is-for.md asks one question of a row, does a person consume this. A TAXONOMIC RANK. A classification is not the thing classified.",2026-09-17,,
wikidata,Q124810033,drop,,"⚠️ NOT CONSUMED, the library's inclusion test. docs/what-the-library-is-for.md asks one question of a row, does a person consume this. A TAXONOMIC RANK. A classification is not the thing classified.",2026-09-17,,
wikidata,Q124810036,drop,,"⚠️ NOT CONSUMED, the library's inclusion test. docs/what-the-library-is-for.md asks one question of a row, does a person consume this. A TAXONOMIC RANK. A classification is not the thing classified.",2026-09-17,,
wikidata,Q124810085,drop,,"⚠️ NOT CONSUMED, the library's inclusion test. docs/what-the-library-is-for.md asks one question of a row, does a person consume this. A TAXONOMIC RANK. A classification is not the thing classified.",2026-09-17,,
wikidata,Q124810108,drop,,"⚠️ NOT CONSUMED, the library's inclusion test. docs/what-the-library-is-for.md asks one question of a row, does a person consume this. A TAXONOMIC RANK. A classification is not the thing classified.",2026-09-17,,
wikidata,Q124810126,drop,,"⚠️ NOT CONSUMED, the library's inclusion test. docs/what-the-library-is-for.md asks one question of a row, does a person consume this. A TAXONOMIC RANK. A classification is not the thing classified.",2026-09-17,,
wikidata,Q124810154,drop,,"⚠️ NOT CONSUMED, the library's inclusion test. docs/what-the-library-is-for.md asks one question of a row, does a person consume this. A TAXONOMIC RANK. A classification is not the thing classified.",2026-09-17,,
wikidata,Q124810331,drop,,"⚠️ NOT CONSUMED, the library's inclusion test. docs/what-the-library-is-for.md asks one question of a row, does a person consume this. A TAXONOMIC RANK. A classification is not the thing classified.",2026-09-17,,
wikidata,Q124813532,drop,,"⚠️ NOT CONSUMED, the library's inclusion test. docs/what-the-library-is-for.md asks one question of a row, does a person consume this. A TAXONOMIC RANK. A classification is not the thing classified.",2026-09-17,,
wikidata,Q124813553,drop,,"⚠️ NOT CONSUMED, the library's inclusion test. docs/what-the-library-is-for.md asks one question of a row, does a person consume this. A TAXONOMIC RANK. A classification is not the thing classified.",2026-09-17,,
wikidata,Q1249320,drop,,"⚠️ NOT CONSUMED, the library's inclusion test. docs/what-the-library-is-for.md asks one question of a row, does a person consume this. Not for human consumption. An industrial, veterinary or cosmetic preparation.",2026-09-17,,
wikidata,Q1268494,drop,,"⚠️ NOT CONSUMED, the library's inclusion test. docs/what-the-library-is-for.md asks one question of a row, does a person consume this. Not a consumable. An article, an economic-activity class or a place.",2026-09-17,,
wikidata,Q128535137,drop,,"⚠️ NOT CONSUMED, the library's inclusion test. docs/what-the-library-is-for.md asks one question of a row, does a person consume this. Not for human consumption. An industrial, veterinary or cosmetic preparation.",2026-09-17,,
wikidata,Q1285642,drop,,"⚠️ NOT CONSUMED, the library's inclusion test. docs/what-the-library-is-for.md asks one question of a row, does a person consume this. A label-parse fragment, not a name for anything.",2026-09-17,,
wikidata,Q1303753,drop,,"⚠️ NOT CONSUMED, the library's inclusion test. docs/what-the-library-is-for.md asks one question of a row, does a person consume this. Not for human consumption. An industrial, veterinary or cosmetic preparation.",2026-09-17,,
wikidata,Q131314225,drop,,"⚠️ NOT CONSUMED, the library's inclusion test. docs/what-the-library-is-for.md asks one question of a row, does a person consume this. A label-parse fragment, not a name for anything.",2026-09-17,,
wikidata,Q13221746,drop,,"⚠️ NOT CONSUMED, the library's inclusion test. docs/what-the-library-is-for.md asks one question of a row, does a person consume this. A FUNCTIONAL-CLASS LABEL, not a substance.",2026-09-17,,
wikidata,Q136461164,drop,,"⚠️ NOT CONSUMED, the library's inclusion test. docs/what-the-library-is-for.md asks one question of a row, does a person consume this. A CLASSIFIER LABEL naming a bucket of products, not a product.",2026-09-17,,
wikidata,Q136892920,drop,,"⚠️ NOT CONSUMED, the library's inclusion test. docs/what-the-library-is-for.md asks one question of a row, does a person consume this. Not a consumable. An article, an economic-activity class or a place.",2026-09-17,,
wikidata,Q137710449,drop,,"⚠️ NOT CONSUMED, the library's inclusion test. docs/what-the-library-is-for.md asks one question of a row, does a person consume this. A CLASSIFIER LABEL naming a bucket of products, not a product.",2026-09-17,,
wikidata,Q138503066,drop,,"⚠️ NOT CONSUMED, the library's inclusion test. docs/what-the-library-is-for.md asks one question of a row, does a person consume this. A label-parse fragment, not a name for anything.",2026-09-17,,
wikidata,Q139206037,drop,,"⚠️ NOT CONSUMED, the library's inclusion test. docs/what-the-library-is-for.md asks one question of a row, does a person consume this. Not a consumable. An article, an economic-activity class or a place.",2026-09-17,,
wikidata,Q1396438,drop,,"⚠️ NOT CONSUMED, the library's inclusion test. docs/what-the-library-is-for.md asks one question of a row, does a person consume this. A FUNCTIONAL-CLASS LABEL, not a substance.",2026-09-17,,
wikidata,Q1408496,drop,,"⚠️ NOT CONSUMED, the library's inclusion test. docs/what-the-library-is-for.md asks one question of a row, does a person consume this. A FUNCTIONAL-CLASS LABEL, not a substance.",2026-09-17,,
wikidata,Q14276981,drop,,"⚠️ NOT CONSUMED, the library's inclusion test. docs/what-the-library-is-for.md asks one question of a row, does a person consume this. Not a consumable. An article, an economic-activity class or a place.",2026-09-17,,
wikidata,Q1476040,drop,,"⚠️ NOT CONSUMED, the library's inclusion test. docs/what-the-library-is-for.md asks one question of a row, does a person consume this. Not a consumable. An article, an economic-activity class or a place. ⚠️ ITS CHILDREN WERE RE-POINTED FIRST, in hand_links.csv, so the drop orphans nothing.",2026-09-17,,
wikidata,Q15812117,drop,,"⚠️ NOT CONSUMED, the library's inclusion test. docs/what-the-library-is-for.md asks one question of a row, does a person consume this. A FUNCTIONAL-CLASS LABEL, not a substance.",2026-09-17,,
wikidata,Q1645720,drop,,"⚠️ NOT CONSUMED, the library's inclusion test. docs/what-the-library-is-for.md asks one question of a row, does a person consume this. A CLASSIFIER LABEL naming a bucket of products, not a product.",2026-09-17,,
wikidata,Q17115605,drop,,"⚠️ NOT CONSUMED, the library's inclusion test. docs/what-the-library-is-for.md asks one question of a row, does a person consume this. Not a consumable. An article, an economic-activity class or a place.",2026-09-17,,
wikidata,Q1725861,drop,,"⚠️ NOT CONSUMED, the library's inclusion test. docs/what-the-library-is-for.md asks one question of a row, does a person consume this. An ornamental koi variety, bred to be looked at rather than eaten.",2026-09-17,,
wikidata,Q17315183,drop,,"⚠️ NOT CONSUMED, the library's inclusion test. docs/what-the-library-is-for.md asks one question of a row, does a person consume this. Not a consumable. An article, an economic-activity class or a place.",2026-09-17,,
wikidata,Q1777389,drop,,"⚠️ NOT CONSUMED, the library's inclusion test. docs/what-the-library-is-for.md asks one question of a row, does a person consume this. A CLASSIFIER LABEL naming a bucket of products, not a product.",2026-09-17,,
wikidata,Q1799719,drop,,"⚠️ NOT CONSUMED, the library's inclusion test. docs/what-the-library-is-for.md asks one question of a row, does a person consume this. Not for human consumption. An industrial, veterinary or cosmetic preparation.",2026-09-17,,
wikidata,Q1883958,drop,,"⚠️ NOT CONSUMED, the library's inclusion test. docs/what-the-library-is-for.md asks one question of a row, does a person consume this. A CLASSIFIER LABEL naming a bucket of products, not a product.",2026-09-17,,
wikidata,Q189211,drop,,"⚠️ NOT CONSUMED, the library's inclusion test. docs/what-the-library-is-for.md asks one question of a row, does a person consume this. An OBJECT, not a consumable.",2026-09-17,,
wikidata,Q19359994,drop,,"⚠️ NOT CONSUMED, the library's inclusion test. docs/what-the-library-is-for.md asks one question of a row, does a person consume this. Not a consumable. An article, an economic-activity class or a place. ⚠️ ITS CHILDREN WERE RE-POINTED FIRST, in hand_links.csv, so the drop orphans nothing.",2026-09-17,,
wikidata,Q1936404,drop,,"⚠️ NOT CONSUMED, the library's inclusion test. docs/what-the-library-is-for.md asks one question of a row, does a person consume this. An ornamental koi variety, bred to be looked at rather than eaten.",2026-09-17,,
wikidata,Q201382,drop,,"⚠️ NOT CONSUMED, the library's inclusion test. docs/what-the-library-is-for.md asks one question of a row, does a person consume this. A SOLVENT, ruled out on the read. Taken internally in folk medicine, but its 24 corpus recipes are furniture polish, liniment and white liniment, so the corpus says household rather than kitchen.",2026-09-17,,
wikidata,Q205189,drop,,"⚠️ NOT CONSUMED, the library's inclusion test. docs/what-the-library-is-for.md asks one question of a row, does a person consume this. An ornamental koi variety, bred to be looked at rather than eaten.",2026-09-17,,
wikidata,Q2071858,drop,,"⚠️ NOT CONSUMED, the library's inclusion test. docs/what-the-library-is-for.md asks one question of a row, does a person consume this. A FUNCTIONAL-CLASS LABEL, not a substance.",2026-09-17,,
wikidata,Q208028,drop,,"⚠️ NOT CONSUMED, the library's inclusion test. docs/what-the-library-is-for.md asks one question of a row, does a person consume this. A TAXONOMIC RANK. A classification is not the thing classified.",2026-09-17,,
wikidata,Q208465,drop,,"⚠️ NOT CONSUMED, the library's inclusion test. docs/what-the-library-is-for.md asks one question of a row, does a person consume this. Not for human consumption. An industrial, veterinary or cosmetic preparation.",2026-09-17,,
wikidata,Q2094522,drop,,"⚠️ NOT CONSUMED, the library's inclusion test. docs/what-the-library-is-for.md asks one question of a row, does a person consume this. Not for human consumption. An industrial, veterinary or cosmetic preparation.",2026-09-17,,
wikidata,Q209907,drop,,"⚠️ NOT CONSUMED, the library's inclusion test. docs/what-the-library-is-for.md asks one question of a row, does a person consume this. A TAXONOMIC RANK ruled out on the read. The common-name row already carries this fish, so the genus adds a classification rather than a consumable.",2026-09-17,,
wikidata,Q2106378,drop,,"⚠️ NOT CONSUMED, the library's inclusion test. docs/what-the-library-is-for.md asks one question of a row, does a person consume this. Not a consumable. An article, an economic-activity class or a place.",2026-09-17,,
wikidata,Q21198046,drop,,"⚠️ NOT CONSUMED, the library's inclusion test. docs/what-the-library-is-for.md asks one question of a row, does a person consume this. An ABSTRACT CLASS, not a substance.",2026-09-17,,
wikidata,Q2213924,drop,,"⚠️ NOT CONSUMED, the library's inclusion test. docs/what-the-library-is-for.md asks one question of a row, does a person consume this. A CLASSIFIER LABEL naming a bucket of products, not a product.",2026-09-17,,
wikidata,Q2267337,drop,,"⚠️ NOT CONSUMED, the library's inclusion test. docs/what-the-library-is-for.md asks one question of a row, does a person consume this. An OBJECT, not a consumable.",2026-09-17,,
wikidata,Q2330683,drop,,"⚠️ NOT CONSUMED, the library's inclusion test. docs/what-the-library-is-for.md asks one question of a row, does a person consume this. Not for human consumption. An industrial, veterinary or cosmetic preparation.",2026-09-17,,
wikidata,Q2365758,drop,,"⚠️ NOT CONSUMED, the library's inclusion test. docs/what-the-library-is-for.md asks one question of a row, does a person consume this. An ornamental koi variety, bred to be looked at rather than eaten.",2026-09-17,,
wikidata,Q2457003,drop,,"⚠️ NOT CONSUMED, the library's inclusion test. docs/what-the-library-is-for.md asks one question of a row, does a person consume this. A FUNCTIONAL-CLASS LABEL, not a substance.",2026-09-17,,
wikidata,Q250459,drop,,"⚠️ NOT CONSUMED, the library's inclusion test. docs/what-the-library-is-for.md asks one question of a row, does a person consume this. An ABSTRACT CLASS, not a substance.",2026-09-17,,
wikidata,Q2583478,drop,,"⚠️ NOT CONSUMED, the library's inclusion test. docs/what-the-library-is-for.md asks one question of a row, does a person consume this. An ABSTRACT CLASS, not a substance.",2026-09-17,,
wikidata,Q2660942,drop,,"⚠️ NOT CONSUMED, the library's inclusion test. docs/what-the-library-is-for.md asks one question of a row, does a person consume this. A label-parse fragment, not a name for anything.",2026-09-17,,
wikidata,Q26868816,drop,,"⚠️ NOT CONSUMED, the library's inclusion test. docs/what-the-library-is-for.md asks one question of a row, does a person consume this. A CLASSIFIER LABEL naming a bucket of products, not a product.",2026-09-17,,
wikidata,Q26868866,drop,,"⚠️ NOT CONSUMED, the library's inclusion test. docs/what-the-library-is-for.md asks one question of a row, does a person consume this. A CLASSIFIER LABEL naming a bucket of products, not a product.",2026-09-17,,
wikidata,Q27162488,drop,,"⚠️ NOT CONSUMED, the library's inclusion test. docs/what-the-library-is-for.md asks one question of a row, does a person consume this. A CLASSIFIER LABEL naming a bucket of products, not a product.",2026-09-17,,
wikidata,Q27494280,drop,,"⚠️ NOT CONSUMED, the library's inclusion test. docs/what-the-library-is-for.md asks one question of a row, does a person consume this. A CLASSIFIER LABEL naming a bucket of products, not a product.",2026-09-17,,
wikidata,Q2776523,drop,,"⚠️ NOT CONSUMED, the library's inclusion test. docs/what-the-library-is-for.md asks one question of a row, does a person consume this. An OBJECT, not a consumable.",2026-09-17,,
wikidata,Q2783854,drop,,"⚠️ NOT CONSUMED, the library's inclusion test. docs/what-the-library-is-for.md asks one question of a row, does a person consume this. Not for human consumption. An industrial, veterinary or cosmetic preparation.",2026-09-17,,
wikidata,Q27876189,drop,,"⚠️ NOT CONSUMED, the library's inclusion test. docs/what-the-library-is-for.md asks one question of a row, does a person consume this. A CLASSIFIER LABEL naming a bucket of products, not a product.",2026-09-17,,
wikidata,Q27877006,drop,,"⚠️ NOT CONSUMED, the library's inclusion test. docs/what-the-library-is-for.md asks one question of a row, does a person consume this. A CLASSIFIER LABEL naming a bucket of products, not a product.",2026-09-17,,
wikidata,Q27919053,drop,,"⚠️ NOT CONSUMED, the library's inclusion test. docs/what-the-library-is-for.md asks one question of a row, does a person consume this. A CLASSIFIER LABEL naming a bucket of products, not a product.",2026-09-17,,
wikidata,Q27919064,drop,,"⚠️ NOT CONSUMED, the library's inclusion test. docs/what-the-library-is-for.md asks one question of a row, does a person consume this. A CLASSIFIER LABEL naming a bucket of products, not a product.",2026-09-17,,
wikidata,Q2792383,drop,,"⚠️ NOT CONSUMED, the library's inclusion test. docs/what-the-library-is-for.md asks one question of a row, does a person consume this. Not a consumable. An article, an economic-activity class or a place.",2026-09-17,,
wikidata,Q27950567,drop,,"⚠️ NOT CONSUMED, the library's inclusion test. docs/what-the-library-is-for.md asks one question of a row, does a person consume this. A CLASSIFIER LABEL naming a bucket of products, not a product.",2026-09-17,,
wikidata,Q27950582,drop,,"⚠️ NOT CONSUMED, the library's inclusion test. docs/what-the-library-is-for.md asks one question of a row, does a person consume this. A CLASSIFIER LABEL naming a bucket of products, not a product.",2026-09-17,,
wikidata,Q2795949,drop,,"⚠️ NOT CONSUMED, the library's inclusion test. docs/what-the-library-is-for.md asks one question of a row, does a person consume this. A label-parse fragment, not a name for anything.",2026-09-17,,
wikidata,Q27986770,drop,,"⚠️ NOT CONSUMED, the library's inclusion test. docs/what-the-library-is-for.md asks one question of a row, does a person consume this. Not a consumable. An article, an economic-activity class or a place.",2026-09-17,,
wikidata,Q28135696,drop,,"⚠️ NOT CONSUMED, the library's inclusion test. docs/what-the-library-is-for.md asks one question of a row, does a person consume this. Not a consumable. An article, an economic-activity class or a place.",2026-09-17,,
wikidata,Q2826769,drop,,"⚠️ NOT CONSUMED, the library's inclusion test. docs/what-the-library-is-for.md asks one question of a row, does a person consume this. A FUNCTIONAL-CLASS LABEL, not a substance.",2026-09-17,,
wikidata,Q28666270,drop,,"⚠️ NOT CONSUMED, the library's inclusion test. docs/what-the-library-is-for.md asks one question of a row, does a person consume this. A CLASSIFIER LABEL naming a bucket of products, not a product.",2026-09-17,,
wikidata,Q29584999,drop,,"⚠️ NOT CONSUMED, the library's inclusion test. docs/what-the-library-is-for.md asks one question of a row, does a person consume this. Not a consumable. An article, an economic-activity class or a place.",2026-09-17,,
wikidata,Q2992510,drop,,"⚠️ NOT CONSUMED, the library's inclusion test. docs/what-the-library-is-for.md asks one question of a row, does a person consume this. A TECHNIQUE, not a thing.",2026-09-17,,
wikidata,Q2998026,drop,,"⚠️ NOT CONSUMED, the library's inclusion test. docs/what-the-library-is-for.md asks one question of a row, does a person consume this. Not a consumable. An article, an economic-activity class or a place.",2026-09-17,,
wikidata,Q30312832,drop,,"⚠️ NOT CONSUMED, the library's inclusion test. docs/what-the-library-is-for.md asks one question of a row, does a person consume this. An ABSTRACT CLASS, not a substance.",2026-09-17,,
wikidata,Q3088349,drop,,"⚠️ NOT CONSUMED, the library's inclusion test. docs/what-the-library-is-for.md asks one question of a row, does a person consume this. Not a consumable. An article, an economic-activity class or a place.",2026-09-17,,
wikidata,Q3088351,drop,,"⚠️ NOT CONSUMED, the library's inclusion test. docs/what-the-library-is-for.md asks one question of a row, does a person consume this. Not a consumable. An article, an economic-activity class or a place.",2026-09-17,,
wikidata,Q3088357,drop,,"⚠️ NOT CONSUMED, the library's inclusion test. docs/what-the-library-is-for.md asks one question of a row, does a person consume this. Not a consumable. An article, an economic-activity class or a place.",2026-09-17,,
wikidata,Q3088359,drop,,"⚠️ NOT CONSUMED, the library's inclusion test. docs/what-the-library-is-for.md asks one question of a row, does a person consume this. Not a consumable. An article, an economic-activity class or a place.",2026-09-17,,
wikidata,Q3088365,drop,,"⚠️ NOT CONSUMED, the library's inclusion test. docs/what-the-library-is-for.md asks one question of a row, does a person consume this. Not a consumable. An article, an economic-activity class or a place.",2026-09-17,,
wikidata,Q3088373,drop,,"⚠️ NOT CONSUMED, the library's inclusion test. docs/what-the-library-is-for.md asks one question of a row, does a person consume this. Not a consumable. An article, an economic-activity class or a place.",2026-09-17,,
wikidata,Q3088374,drop,,"⚠️ NOT CONSUMED, the library's inclusion test. docs/what-the-library-is-for.md asks one question of a row, does a person consume this. Not a consumable. An article, an economic-activity class or a place.",2026-09-17,,
wikidata,Q3088375,drop,,"⚠️ NOT CONSUMED, the library's inclusion test. docs/what-the-library-is-for.md asks one question of a row, does a person consume this. Not a consumable. An article, an economic-activity class or a place.",2026-09-17,,
wikidata,Q30926611,drop,,"⚠️ NOT CONSUMED, the library's inclusion test. docs/what-the-library-is-for.md asks one question of a row, does a person consume this. An ornamental koi variety, bred to be looked at rather than eaten.",2026-09-17,,
wikidata,Q3142827,drop,,"⚠️ NOT CONSUMED, the library's inclusion test. docs/what-the-library-is-for.md asks one question of a row, does a person consume this. Not for human consumption. An industrial, veterinary or cosmetic preparation.",2026-09-17,,
wikidata,Q3192149,drop,,"⚠️ NOT CONSUMED, the library's inclusion test. docs/what-the-library-is-for.md asks one question of a row, does a person consume this. Not a consumable. An article, an economic-activity class or a place.",2026-09-17,,
wikidata,Q3237250,drop,,"⚠️ NOT CONSUMED, the library's inclusion test. docs/what-the-library-is-for.md asks one question of a row, does a person consume this. Not a consumable. An article, an economic-activity class or a place.",2026-09-17,,
wikidata,Q3270297,drop,,"⚠️ NOT CONSUMED, the library's inclusion test. docs/what-the-library-is-for.md asks one question of a row, does a person consume this. An ABSTRACT CLASS, not a substance.",2026-09-17,,
wikidata,Q3324978,drop,,"⚠️ NOT CONSUMED, the library's inclusion test. docs/what-the-library-is-for.md asks one question of a row, does a person consume this. A label-parse fragment, not a name for anything.",2026-09-17,,
wikidata,Q334582,drop,,"⚠️ NOT CONSUMED, the library's inclusion test. docs/what-the-library-is-for.md asks one question of a row, does a person consume this. A FUNCTIONAL-CLASS LABEL, not a substance.",2026-09-17,,
wikidata,Q337038,drop,,"⚠️ NOT CONSUMED, the library's inclusion test. docs/what-the-library-is-for.md asks one question of a row, does a person consume this. A FUNCTIONAL-CLASS LABEL, not a substance.",2026-09-17,,
wikidata,Q3395980,drop,,"⚠️ NOT CONSUMED, the library's inclusion test. docs/what-the-library-is-for.md asks one question of a row, does a person consume this. Not a consumable. An article, an economic-activity class or a place.",2026-09-17,,
wikidata,Q3688975,drop,,"⚠️ NOT CONSUMED, the library's inclusion test. docs/what-the-library-is-for.md asks one question of a row, does a person consume this. An ABSTRACT CLASS, not a substance.",2026-09-17,,
wikidata,Q378846,drop,,"⚠️ NOT CONSUMED, the library's inclusion test. docs/what-the-library-is-for.md asks one question of a row, does a person consume this. An ornamental koi variety, bred to be looked at rather than eaten.",2026-09-17,,
wikidata,Q3854334,drop,,"⚠️ NOT CONSUMED, the library's inclusion test. docs/what-the-library-is-for.md asks one question of a row, does a person consume this. An ABSTRACT CLASS, not a substance.",2026-09-17,,
wikidata,Q386005,drop,,"⚠️ NOT CONSUMED, the library's inclusion test. docs/what-the-library-is-for.md asks one question of a row, does a person consume this. An ABSTRACT CLASS, not a substance.",2026-09-17,,
wikidata,Q415775,drop,,"⚠️ NOT CONSUMED, the library's inclusion test. docs/what-the-library-is-for.md asks one question of a row, does a person consume this. Not for human consumption. An industrial, veterinary or cosmetic preparation.",2026-09-17,,
wikidata,Q4205889,drop,,"⚠️ NOT CONSUMED, the library's inclusion test. docs/what-the-library-is-for.md asks one question of a row, does a person consume this. Not for human consumption. An industrial, veterinary or cosmetic preparation.",2026-09-17,,
wikidata,Q456053,drop,,"⚠️ NOT CONSUMED, the library's inclusion test. docs/what-the-library-is-for.md asks one question of a row, does a person consume this. AN ACUTE TOXIN, ruled out on the read. A drastic purgative that was swallowed historically and is a tumor promoter. Consumed in the past tense does not pass the test.",2026-09-17,,
wikidata,Q4674097,drop,,"⚠️ NOT CONSUMED, the library's inclusion test. docs/what-the-library-is-for.md asks one question of a row, does a person consume this. A FUNCTIONAL-CLASS LABEL, not a substance.",2026-09-17,,
wikidata,Q46978738,drop,,"⚠️ NOT CONSUMED, the library's inclusion test. docs/what-the-library-is-for.md asks one question of a row, does a person consume this. Not a consumable. An article, an economic-activity class or a place.",2026-09-17,,
wikidata,Q469842,drop,,"⚠️ NOT CONSUMED, the library's inclusion test. docs/what-the-library-is-for.md asks one question of a row, does a person consume this. A FUNCTIONAL-CLASS LABEL, not a substance.",2026-09-17,,
wikidata,Q474191,drop,,"⚠️ NOT CONSUMED, the library's inclusion test. docs/what-the-library-is-for.md asks one question of a row, does a person consume this. An ABSTRACT CLASS, not a substance.",2026-09-17,,
wikidata,Q4806786,drop,,"⚠️ NOT CONSUMED, the library's inclusion test. docs/what-the-library-is-for.md asks one question of a row, does a person consume this. A TAXONOMIC RANK ruled out on the read. The common-name row already carries this fish, so the genus adds a classification rather than a consumable.",2026-09-17,,
wikidata,Q49103992,drop,,"⚠️ NOT CONSUMED, the library's inclusion test. docs/what-the-library-is-for.md asks one question of a row, does a person consume this. A FUNCTIONAL-CLASS LABEL, not a substance.",2026-09-17,,
wikidata,Q49105304,drop,,"⚠️ NOT CONSUMED, the library's inclusion test. docs/what-the-library-is-for.md asks one question of a row, does a person consume this. A FUNCTIONAL-CLASS LABEL, not a substance.",2026-09-17,,
wikidata,Q49107043,drop,,"⚠️ NOT CONSUMED, the library's inclusion test. docs/what-the-library-is-for.md asks one question of a row, does a person consume this. A FUNCTIONAL-CLASS LABEL, not a substance.",2026-09-17,,
wikidata,Q49107215,drop,,"⚠️ NOT CONSUMED, the library's inclusion test. docs/what-the-library-is-for.md asks one question of a row, does a person consume this. A FUNCTIONAL-CLASS LABEL, not a substance.",2026-09-17,,
wikidata,Q49123788,drop,,"⚠️ NOT CONSUMED, the library's inclusion test. docs/what-the-library-is-for.md asks one question of a row, does a person consume this. A FUNCTIONAL-CLASS LABEL, not a substance.",2026-09-17,,
wikidata,Q50368881,drop,,"⚠️ NOT CONSUMED, the library's inclusion test. docs/what-the-library-is-for.md asks one question of a row, does a person consume this. A FUNCTIONAL-CLASS LABEL, not a substance.",2026-09-17,,
wikidata,Q50429925,drop,,"⚠️ NOT CONSUMED, the library's inclusion test. docs/what-the-library-is-for.md asks one question of a row, does a person consume this. Not for human consumption. An industrial, veterinary or cosmetic preparation.",2026-09-17,,
wikidata,Q5044925,drop,,"⚠️ NOT CONSUMED, the library's inclusion test. docs/what-the-library-is-for.md asks one question of a row, does a person consume this. Not a consumable. An article, an economic-activity class or a place.",2026-09-17,,
wikidata,Q5089401,drop,,"⚠️ NOT CONSUMED, the library's inclusion test. docs/what-the-library-is-for.md asks one question of a row, does a person consume this. Not a consumable. An article, an economic-activity class or a place.",2026-09-17,,
wikidata,Q5135747,drop,,"⚠️ NOT CONSUMED, the library's inclusion test. docs/what-the-library-is-for.md asks one question of a row, does a person consume this. A FUNCTIONAL-CLASS LABEL, not a substance.",2026-09-17,,
wikidata,Q5374862,drop,,"⚠️ NOT CONSUMED, the library's inclusion test. docs/what-the-library-is-for.md asks one question of a row, does a person consume this. Ruled out on the read. Sold both as a swallowed supplement and as a topical, and the topical reading is the one this row carries.",2026-09-17,,
wikidata,Q5441190,drop,,"⚠️ NOT CONSUMED, the library's inclusion test. docs/what-the-library-is-for.md asks one question of a row, does a person consume this. Not for human consumption. An industrial, veterinary or cosmetic preparation.",2026-09-17,,
wikidata,Q5448884,drop,,"⚠️ NOT CONSUMED, the library's inclusion test. docs/what-the-library-is-for.md asks one question of a row, does a person consume this. A FUNCTIONAL-CLASS LABEL, not a substance.",2026-09-17,,
wikidata,Q5462021,drop,,"⚠️ NOT CONSUMED, the library's inclusion test. docs/what-the-library-is-for.md asks one question of a row, does a person consume this. Not for human consumption. An industrial, veterinary or cosmetic preparation.",2026-09-17,,
wikidata,Q548682,drop,,"⚠️ NOT CONSUMED, the library's inclusion test. docs/what-the-library-is-for.md asks one question of a row, does a person consume this. A TAXONOMIC RANK ruled out on the read. The common-name row already carries this fish, so the genus adds a classification rather than a consumable.",2026-09-17,,
wikidata,Q5532936,drop,,"⚠️ NOT CONSUMED, the library's inclusion test. docs/what-the-library-is-for.md asks one question of a row, does a person consume this. Not a consumable. An article, an economic-activity class or a place.",2026-09-17,,
wikidata,Q5532938,drop,,"⚠️ NOT CONSUMED, the library's inclusion test. docs/what-the-library-is-for.md asks one question of a row, does a person consume this. Not a consumable. An article, an economic-activity class or a place.",2026-09-17,,
wikidata,Q5532939,drop,,"⚠️ NOT CONSUMED, the library's inclusion test. docs/what-the-library-is-for.md asks one question of a row, does a person consume this. Not a consumable. An article, an economic-activity class or a place.",2026-09-17,,
wikidata,Q5548067,drop,,"⚠️ NOT CONSUMED, the library's inclusion test. docs/what-the-library-is-for.md asks one question of a row, does a person consume this. Not a consumable. An article, an economic-activity class or a place.",2026-09-17,,
wikidata,Q55629500,drop,,"⚠️ NOT CONSUMED, the library's inclusion test. docs/what-the-library-is-for.md asks one question of a row, does a person consume this. Not for human consumption. An industrial, veterinary or cosmetic preparation.",2026-09-17,,
wikidata,Q55814425,drop,,"⚠️ NOT CONSUMED, the library's inclusion test. docs/what-the-library-is-for.md asks one question of a row, does a person consume this. Not for human consumption. An industrial, veterinary or cosmetic preparation.",2026-09-17,,
wikidata,Q55814447,drop,,"⚠️ NOT CONSUMED, the library's inclusion test. docs/what-the-library-is-for.md asks one question of a row, does a person consume this. Not for human consumption. An industrial, veterinary or cosmetic preparation.",2026-09-17,,
wikidata,Q55814468,drop,,"⚠️ NOT CONSUMED, the library's inclusion test. docs/what-the-library-is-for.md asks one question of a row, does a person consume this. Not for human consumption. An industrial, veterinary or cosmetic preparation.",2026-09-17,,
wikidata,Q55815030,drop,,"⚠️ NOT CONSUMED, the library's inclusion test. docs/what-the-library-is-for.md asks one question of a row, does a person consume this. Not for human consumption. An industrial, veterinary or cosmetic preparation.",2026-09-17,,
wikidata,Q55815445,drop,,"⚠️ NOT CONSUMED, the library's inclusion test. docs/what-the-library-is-for.md asks one question of a row, does a person consume this. Not for human consumption. An industrial, veterinary or cosmetic preparation.",2026-09-17,,
wikidata,Q55815475,drop,,"⚠️ NOT CONSUMED, the library's inclusion test. docs/what-the-library-is-for.md asks one question of a row, does a person consume this. Not for human consumption. An industrial, veterinary or cosmetic preparation.",2026-09-17,,
wikidata,Q55830120,drop,,"⚠️ NOT CONSUMED, the library's inclusion test. docs/what-the-library-is-for.md asks one question of a row, does a person consume this. Not for human consumption. An industrial, veterinary or cosmetic preparation.",2026-09-17,,
wikidata,Q55830233,drop,,"⚠️ NOT CONSUMED, the library's inclusion test. docs/what-the-library-is-for.md asks one question of a row, does a person consume this. Not for human consumption. An industrial, veterinary or cosmetic preparation.",2026-09-17,,
wikidata,Q56351030,drop,,"⚠️ NOT CONSUMED, the library's inclusion test. docs/what-the-library-is-for.md asks one question of a row, does a person consume this. An ABSTRACT CLASS, not a substance.",2026-09-17,,
wikidata,Q59541,drop,,"⚠️ NOT CONSUMED, the library's inclusion test. docs/what-the-library-is-for.md asks one question of a row, does a person consume this. An ABSTRACT CLASS, not a substance.",2026-09-17,,
wikidata,Q59556547,drop,,"⚠️ NOT CONSUMED, the library's inclusion test. docs/what-the-library-is-for.md asks one question of a row, does a person consume this. A FILTRATION AID, ruled out on the read. It touches the food and is then removed, so nobody consumes it.",2026-09-17,,
wikidata,Q600262,drop,,"⚠️ NOT CONSUMED, the library's inclusion test. docs/what-the-library-is-for.md asks one question of a row, does a person consume this. A TAXONOMIC RANK ruled out on the read. The common-name row already carries this fish, so the genus adds a classification rather than a consumable.",2026-09-17,,
wikidata,Q60449171,drop,,"⚠️ NOT CONSUMED, the library's inclusion test. docs/what-the-library-is-for.md asks one question of a row, does a person consume this. A FUNCTIONAL-CLASS LABEL, not a substance.",2026-09-17,,
wikidata,Q60449655,drop,,"⚠️ NOT CONSUMED, the library's inclusion test. docs/what-the-library-is-for.md asks one question of a row, does a person consume this. A FUNCTIONAL-CLASS LABEL, not a substance.",2026-09-17,,
wikidata,Q60857671,drop,,"⚠️ NOT CONSUMED, the library's inclusion test. docs/what-the-library-is-for.md asks one question of a row, does a person consume this. AN ACUTE TOXIN, ruled out on the read, and not split from the Croton tiglium row beside it.",2026-09-17,,
wikidata,Q61075818,drop,,"⚠️ NOT CONSUMED, the library's inclusion test. docs/what-the-library-is-for.md asks one question of a row, does a person consume this. Not for human consumption. An industrial, veterinary or cosmetic preparation.",2026-09-17,,
wikidata,Q611909,drop,,"⚠️ NOT CONSUMED, the library's inclusion test. docs/what-the-library-is-for.md asks one question of a row, does a person consume this. An ABSTRACT CLASS, not a substance.",2026-09-17,,
wikidata,Q6191001,drop,,"⚠️ NOT CONSUMED, the library's inclusion test. docs/what-the-library-is-for.md asks one question of a row, does a person consume this. Not a consumable. An article, an economic-activity class or a place.",2026-09-17,,
wikidata,Q6495741,drop,,"⚠️ NOT CONSUMED, the library's inclusion test. docs/what-the-library-is-for.md asks one question of a row, does a person consume this. A TAXONOMIC RANK. A classification is not the thing classified.",2026-09-17,,
wikidata,Q6509670,drop,,"⚠️ NOT CONSUMED, the library's inclusion test. docs/what-the-library-is-for.md asks one question of a row, does a person consume this. A FUNCTIONAL-CLASS LABEL, not a substance.",2026-09-17,,
wikidata,Q65236012,drop,,"⚠️ NOT CONSUMED, the library's inclusion test. docs/what-the-library-is-for.md asks one question of a row, does a person consume this. Not for human consumption. An industrial, veterinary or cosmetic preparation.",2026-09-17,,
wikidata,Q65291052,drop,,"⚠️ NOT CONSUMED, the library's inclusion test. docs/what-the-library-is-for.md asks one question of a row, does a person consume this. Not a consumable. An article, an economic-activity class or a place.",2026-09-17,,
wikidata,Q6575074,drop,,"⚠️ NOT CONSUMED, the library's inclusion test. docs/what-the-library-is-for.md asks one question of a row, does a person consume this. Not a consumable. An article, an economic-activity class or a place.",2026-09-17,,
wikidata,Q66671872,drop,,"⚠️ NOT CONSUMED, the library's inclusion test. docs/what-the-library-is-for.md asks one question of a row, does a person consume this. Not a consumable. An article, an economic-activity class or a place.",2026-09-17,,
wikidata,Q67773978,drop,,"⚠️ NOT CONSUMED, the library's inclusion test. docs/what-the-library-is-for.md asks one question of a row, does a person consume this. Not for human consumption. An industrial, veterinary or cosmetic preparation.",2026-09-17,,
wikidata,Q6948885,drop,,"⚠️ NOT CONSUMED, the library's inclusion test. docs/what-the-library-is-for.md asks one question of a row, does a person consume this. An ABSTRACT CLASS, not a substance.",2026-09-17,,
wikidata,Q71135786,drop,,"⚠️ NOT CONSUMED, the library's inclusion test. docs/what-the-library-is-for.md asks one question of a row, does a person consume this. Not for human consumption. An industrial, veterinary or cosmetic preparation.",2026-09-17,,
wikidata,Q726460,drop,,"⚠️ NOT CONSUMED, the library's inclusion test. docs/what-the-library-is-for.md asks one question of a row, does a person consume this. A FUNCTIONAL-CLASS LABEL, not a substance.",2026-09-17,,
wikidata,Q7321533,drop,,"⚠️ NOT CONSUMED, the library's inclusion test. docs/what-the-library-is-for.md asks one question of a row, does a person consume this. An ABSTRACT CLASS, not a substance.",2026-09-17,,
wikidata,Q7340417,drop,,"⚠️ NOT CONSUMED, the library's inclusion test. docs/what-the-library-is-for.md asks one question of a row, does a person consume this. An ABSTRACT CLASS, not a substance.",2026-09-17,,
wikidata,Q746549,drop,,"⚠️ NOT CONSUMED, the library's inclusion test. docs/what-the-library-is-for.md asks one question of a row, does a person consume this. An ABSTRACT CLASS, not a substance.",2026-09-17,,
wikidata,Q7724204,drop,,"⚠️ NOT CONSUMED, the library's inclusion test. docs/what-the-library-is-for.md asks one question of a row, does a person consume this. Not a consumable. An article, an economic-activity class or a place.",2026-09-17,,
wikidata,Q779589,drop,,"⚠️ NOT CONSUMED, the library's inclusion test. docs/what-the-library-is-for.md asks one question of a row, does a person consume this. An ABSTRACT CLASS, not a substance.",2026-09-17,,
wikidata,Q815036,drop,,"⚠️ NOT CONSUMED, the library's inclusion test. docs/what-the-library-is-for.md asks one question of a row, does a person consume this. An ornamental koi variety, bred to be looked at rather than eaten.",2026-09-17,,
wikidata,Q83363028,drop,,"⚠️ NOT CONSUMED, the library's inclusion test. docs/what-the-library-is-for.md asks one question of a row, does a person consume this. A TAXONOMIC RANK. A classification is not the thing classified.",2026-09-17,,
wikidata,Q861974,drop,,"⚠️ NOT CONSUMED, the library's inclusion test. docs/what-the-library-is-for.md asks one question of a row, does a person consume this. An ABSTRACT CLASS, not a substance.",2026-09-17,,
wikidata,Q897783,drop,,"⚠️ NOT CONSUMED, the library's inclusion test. docs/what-the-library-is-for.md asks one question of a row, does a person consume this. Not for human consumption. An industrial, veterinary or cosmetic preparation.",2026-09-17,,
wikidata,Q898745,drop,,"⚠️ NOT CONSUMED, the library's inclusion test. docs/what-the-library-is-for.md asks one question of a row, does a person consume this. A FUNCTIONAL-CLASS LABEL, not a substance.",2026-09-17,,
wikidata,Q898753,drop,,"⚠️ NOT CONSUMED, the library's inclusion test. docs/what-the-library-is-for.md asks one question of a row, does a person consume this. A FUNCTIONAL-CLASS LABEL, not a substance.",2026-09-17,,
wikidata,Q904035,drop,,"⚠️ NOT CONSUMED, the library's inclusion test. docs/what-the-library-is-for.md asks one question of a row, does a person consume this. A FUNCTIONAL-CLASS LABEL, not a substance.",2026-09-17,,
wikidata,Q908833,drop,,"⚠️ NOT CONSUMED, the library's inclusion test. docs/what-the-library-is-for.md asks one question of a row, does a person consume this. A FUNCTIONAL-CLASS LABEL, not a substance.",2026-09-17,,
wikidata,Q911854,drop,,"⚠️ NOT CONSUMED, the library's inclusion test. docs/what-the-library-is-for.md asks one question of a row, does a person consume this. A FUNCTIONAL-CLASS LABEL, not a substance.",2026-09-17,,
wikidata,Q912226,drop,,"⚠️ NOT CONSUMED, the library's inclusion test. docs/what-the-library-is-for.md asks one question of a row, does a person consume this. Not for human consumption. An industrial, veterinary or cosmetic preparation.",2026-09-17,,
wikidata,Q912472,drop,,"⚠️ NOT CONSUMED, the library's inclusion test. docs/what-the-library-is-for.md asks one question of a row, does a person consume this. A FUNCTIONAL-CLASS LABEL, not a substance.",2026-09-17,,
wikidata,Q924403,drop,,"⚠️ NOT CONSUMED, the library's inclusion test. docs/what-the-library-is-for.md asks one question of a row, does a person consume this. An ornamental koi variety, bred to be looked at rather than eaten.",2026-09-17,,
wikidata,Q94527984,drop,,"⚠️ NOT CONSUMED, the library's inclusion test. docs/what-the-library-is-for.md asks one question of a row, does a person consume this. Not a consumable. An article, an economic-activity class or a place.",2026-09-17,,
wikidata,Q96631144,drop,,"⚠️ NOT CONSUMED, the library's inclusion test. docs/what-the-library-is-for.md asks one question of a row, does a person consume this. Not a consumable. An article, an economic-activity class or a place.",2026-09-17,,
wikidata,Q96638936,drop,,"⚠️ NOT CONSUMED, the library's inclusion test. docs/what-the-library-is-for.md asks one question of a row, does a person consume this. Not a consumable. An article, an economic-activity class or a place.",2026-09-17,,
wikidata,Q97184406,drop,,"⚠️ NOT CONSUMED, the library's inclusion test. docs/what-the-library-is-for.md asks one question of a row, does a person consume this. Not a consumable. An article, an economic-activity class or a place.",2026-09-17,,
wikidata,Q97376215,drop,,"⚠️ NOT CONSUMED, the library's inclusion test. docs/what-the-library-is-for.md asks one question of a row, does a person consume this. Not a consumable. An article, an economic-activity class or a place.",2026-09-17,,
off_taxonomy,de:backoblate,drop,,"⚠️ NOT CONSUMED, the library's inclusion test. docs/what-the-library-is-for.md asks one question of a row, does a person consume this. An OBJECT, not a consumable.",2026-09-17,,
off_taxonomy,de:fischmuskeleiweiß,drop,,"⚠️ NOT CONSUMED, the library's inclusion test. docs/what-the-library-is-for.md asks one question of a row, does a person consume this. A CLASSIFIER LABEL naming a bucket of products, not a product.",2026-09-17,,
off_taxonomy,de:joghurterzeugnis,drop,,"⚠️ NOT CONSUMED, the library's inclusion test. docs/what-the-library-is-for.md asks one question of a row, does a person consume this. A CLASSIFIER LABEL naming a bucket of products, not a product.",2026-09-17,,
off_taxonomy,en:dishcloth,drop,,"⚠️ NOT CONSUMED, the library's inclusion test. docs/what-the-library-is-for.md asks one question of a row, does a person consume this. An OBJECT, not a consumable.",2026-09-17,,
off_taxonomy,en:enhancer,drop,,"⚠️ NOT CONSUMED, the library's inclusion test. docs/what-the-library-is-for.md asks one question of a row, does a person consume this. A FUNCTIONAL-CLASS LABEL, not a substance.",2026-09-17,,
off_taxonomy,en:foaming-agent,drop,,"⚠️ NOT CONSUMED, the library's inclusion test. docs/what-the-library-is-for.md asks one question of a row, does a person consume this. A FUNCTIONAL-CLASS LABEL, not a substance.",2026-09-17,,
off_taxonomy,en:grey,drop,,"⚠️ NOT CONSUMED, the library's inclusion test. docs/what-the-library-is-for.md asks one question of a row, does a person consume this. A label-parse fragment, not a name for anything.",2026-09-17,,
off_taxonomy,en:imazalil,drop,,"⚠️ NOT CONSUMED, the library's inclusion test. docs/what-the-library-is-for.md asks one question of a row, does a person consume this. Not for human consumption. An industrial, veterinary or cosmetic preparation.",2026-09-17,,
off_taxonomy,en:inedible-crust,drop,,"⚠️ NOT CONSUMED, the library's inclusion test. docs/what-the-library-is-for.md asks one question of a row, does a person consume this. An ABSTRACT CLASS, not a substance.",2026-09-17,,
off_taxonomy,en:minerals,drop,,"⚠️ NOT CONSUMED, the library's inclusion test. docs/what-the-library-is-for.md asks one question of a row, does a person consume this. An ABSTRACT CLASS, not a substance.",2026-09-17,,
off_taxonomy,en:nemipterus-spp,drop,,"⚠️ NOT CONSUMED, the library's inclusion test. docs/what-the-library-is-for.md asks one question of a row, does a person consume this. A TAXONOMIC RANK. A classification is not the thing classified.",2026-09-17,,
off_taxonomy,en:nucleic-acids,drop,,"⚠️ NOT CONSUMED, the library's inclusion test. docs/what-the-library-is-for.md asks one question of a row, does a person consume this. An ABSTRACT CLASS, not a substance.",2026-09-17,,
off_taxonomy,en:nucleotides,drop,,"⚠️ NOT CONSUMED, the library's inclusion test. docs/what-the-library-is-for.md asks one question of a row, does a person consume this. An ABSTRACT CLASS, not a substance.",2026-09-17,,
off_taxonomy,en:organic-acids,drop,,"⚠️ NOT CONSUMED, the library's inclusion test. docs/what-the-library-is-for.md asks one question of a row, does a person consume this. An ABSTRACT CLASS, not a substance.",2026-09-17,,
off_taxonomy,en:penaeidae,drop,,"⚠️ NOT CONSUMED, the library's inclusion test. docs/what-the-library-is-for.md asks one question of a row, does a person consume this. A TAXONOMIC RANK. A classification is not the thing classified.",2026-09-17,,
off_taxonomy,en:propellent-gas,drop,,"⚠️ NOT CONSUMED, the library's inclusion test. docs/what-the-library-is-for.md asks one question of a row, does a person consume this. A FUNCTIONAL-CLASS LABEL, not a substance.",2026-09-17,,
off_taxonomy,en:release-agent,drop,,"⚠️ NOT CONSUMED, the library's inclusion test. docs/what-the-library-is-for.md asks one question of a row, does a person consume this. A FUNCTIONAL-CLASS LABEL, not a substance.",2026-09-17,,
off_taxonomy,en:rye-scalding,drop,,"⚠️ NOT CONSUMED, the library's inclusion test. docs/what-the-library-is-for.md asks one question of a row, does a person consume this. A TECHNIQUE, not a thing.",2026-09-17,,
off_taxonomy,en:scalding,drop,,"⚠️ NOT CONSUMED, the library's inclusion test. docs/what-the-library-is-for.md asks one question of a row, does a person consume this. A TECHNIQUE, not a thing.",2026-09-17,,
off_taxonomy,en:starch-wafer,drop,,"⚠️ NOT CONSUMED, the library's inclusion test. docs/what-the-library-is-for.md asks one question of a row, does a person consume this. An OBJECT, not a consumable.",2026-09-17,,
off_taxonomy,en:sugared,drop,,"⚠️ NOT CONSUMED, the library's inclusion test. docs/what-the-library-is-for.md asks one question of a row, does a person consume this. A label-parse fragment, not a name for anything.",2026-09-17,,
off_taxonomy,en:water-like-ice-wrap,drop,,"⚠️ NOT CONSUMED, the library's inclusion test. docs/what-the-library-is-for.md asks one question of a row, does a person consume this. An OBJECT, not a consumable.",2026-09-17,,
off_taxonomy,en:zinc-oxide,drop,,"⚠️ NOT CONSUMED, the library's inclusion test. docs/what-the-library-is-for.md asks one question of a row, does a person consume this. Ruled out on the read. A zinc fortificant and a sunscreen, and the row does not distinguish them.",2026-09-17,,
off_taxonomy,fi:kinkkuvalmiste,drop,,"⚠️ NOT CONSUMED, the library's inclusion test. docs/what-the-library-is-for.md asks one question of a row, does a person consume this. A CLASSIFIER LABEL naming a bucket of products, not a product.",2026-09-17,,
off_taxonomy,fi:kokolihavalmiste,drop,,"⚠️ NOT CONSUMED, the library's inclusion test. docs/what-the-library-is-for.md asks one question of a row, does a person consume this. A CLASSIFIER LABEL naming a bucket of products, not a product.",2026-09-17,,
off_taxonomy,fr:complete,drop,,"⚠️ NOT CONSUMED, the library's inclusion test. docs/what-the-library-is-for.md asks one question of a row, does a person consume this. A label-parse fragment, not a name for anything.",2026-09-17,,
off_taxonomy,fr:d-elevage-en-plein-air,drop,,"⚠️ NOT CONSUMED, the library's inclusion test. docs/what-the-library-is-for.md asks one question of a row, does a person consume this. A label-parse fragment, not a name for anything.",2026-09-17,,
off_taxonomy,fr:interieur-cone,drop,,"⚠️ NOT CONSUMED, the library's inclusion test. docs/what-the-library-is-for.md asks one question of a row, does a person consume this. A label-parse fragment, not a name for anything.",2026-09-17,,
off_taxonomy,fr:issu-de-poules-elevees-au-sol,drop,,"⚠️ NOT CONSUMED, the library's inclusion test. docs/what-the-library-is-for.md asks one question of a row, does a person consume this. A label-parse fragment, not a name for anything.",2026-09-17,,
off_taxonomy,fr:pur-boeuf,drop,,"⚠️ NOT CONSUMED, the library's inclusion test. docs/what-the-library-is-for.md asks one question of a row, does a person consume this. A label-parse fragment, not a name for anything.",2026-09-17,,
off_taxonomy,la:solenocera-spp,drop,,"⚠️ NOT CONSUMED, the library's inclusion test. docs/what-the-library-is-for.md asks one question of a row, does a person consume this. A TAXONOMIC RANK. A classification is not the thing classified.",2026-09-17,,
off_taxonomy,la:stolephorus-spp,drop,,"⚠️ NOT CONSUMED, the library's inclusion test. docs/what-the-library-is-for.md asks one question of a row, does a person consume this. A TAXONOMIC RANK. A classification is not the thing classified.",2026-09-17,,
wikidata,Q7490294,fold,,"⚠️ NOT CONSUMED, the library's inclusion test. docs/what-the-library-is-for.md asks one question of a row, does a person consume this. A FRAGMENT matching truncated label text. ""sharp"" fronts ""sharp cheddar"" in the corpus, where its 136 recipes are macaroni cheese and it pairs with milk and onion. Folded rather than dropped so the names land on the row that should answer for them.",2026-09-17,Q217525,Cheddar cheese
off_taxonomy,en:semi-sweet,fold,,"⚠️ NOT CONSUMED, the library's inclusion test. docs/what-the-library-is-for.md asks one question of a row, does a person consume this. A FRAGMENT matching truncated label text. ""semi-sweet"" is only ever the front of ""semi-sweet chocolate"", and its 256 recipes are fudge, toffee and cookie.",2026-09-17,en:semi-sweet-chocolate,semi-sweet chocolate
wikidata,Q626292,fold,,"⚠️ NOT CONSUMED, the library's inclusion test. docs/what-the-library-is-for.md asks one question of a row, does a person consume this. A FUNCTIONAL-CLASS LABEL that the corpus uses as an ingredient name. 1,509 recipes say sweetener and mean a real substance, so the names fold onto the plain row rather than being lost.",2026-09-17,Q3400794,sweetener
wikidata,Q50430463,fold,,"⚠️ NOT CONSUMED, the library's inclusion test. docs/what-the-library-is-for.md asks one question of a row, does a person consume this. A sweetener class variant, folded onto the plain row.",2026-09-17,Q3400794,sweetener
wikidata,Q49127230,fold,,"⚠️ NOT CONSUMED, the library's inclusion test. docs/what-the-library-is-for.md asks one question of a row, does a person consume this. A sweetener class variant, folded onto the plain row.",2026-09-17,Q3400794,sweetener
wikidata,Q49126655,fold,,"⚠️ NOT CONSUMED, the library's inclusion test. docs/what-the-library-is-for.md asks one question of a row, does a person consume this. A sweetener class variant, folded onto the plain row.",2026-09-17,Q3400794,sweetener
wikidata,Q21235301,fold,,"⚠️ NOT CONSUMED, the library's inclusion test. docs/what-the-library-is-for.md asks one question of a row, does a person consume this. A sweetener class variant, folded onto the plain row.",2026-09-17,Q3400794,sweetener
wikidata,Q25403900,drop,,"⚠️ NOT CONSUMED, the library's inclusion test. docs/what-the-library-is-for.md asks one question of a row, does a person consume this. THE CATCH-ALL CLASS, the same shape as 'cooking ingredient' and 'dish', both cut earlier in this pass and this one missed. Nobody consumes a food ingredient. They consume flour or garlic. Measured before removal: zero recipe lines, zero dish cells, zero pairings, zero substitution candidates, zero aliases and zero loaded edges in either direction. It is the largest unloaded parent in the catalog, 318 stage-2 and 248 stage-3 candidate children, among them flour at 472,216 recipes, garlic at 419,468 and milk at 379,007. Every one of those would be a first parent, so the row would become the only answer to what kind of thing flour is. A parent that everything has is not a parent.",2026-09-17,,
wikidata,Q26842995,drop,,"⚠️ NOT CONSUMED, the library's inclusion test. docs/what-the-library-is-for.md asks one question of a row, does a person consume this. A CLASSIFIER LABEL from a product-classification scheme, Russian OKP code 92 2200. It names a bucket of products, not a product, and it is the same class as the 20 classifier rows already cut in this pass. That sweep missed it. Measured before removal: zero recipe lines, zero dish cells, zero pairings, zero substitution candidates, zero aliases, and 4 stage-2 candidate children. It carries 2 loaded edges as a child, kind_of milk and in_category milk, and both go with the row.",2026-09-17,,
wikidata,Q26868224,drop,,"⚠️ NOT CONSUMED, the library's inclusion test. docs/what-the-library-is-for.md asks one question of a row, does a person consume this. A CLASSIFIER LABEL from a product-classification scheme, the OKP child of Q26842995 which is cut in the same pass. It names a bucket of products, not a product. Measured before removal: zero recipe lines, zero dish cells, zero pairings, zero substitution candidates, zero aliases and zero loaded edges. 4 stage-2 candidate children. It shares a Basque name bucket with Q3506176 fermented milk product, a real row that survives and keeps the name.",2026-09-17,,
wikidata,Q26869352,drop,,"⚠️ NOT CONSUMED, the library's inclusion test. docs/what-the-library-is-for.md asks one question of a row, does a person consume this. A CLASSIFIER LABEL from a product-classification scheme, Russian GOST and OKPD codes. It names a bucket of products, not a product, and it is the same class as the 20 classifier rows cut earlier in this pass. That sweep missed it. READ-CONFIRMED, not taken from the keyword rule, which returned 26 rows and would have cut gingerbread at 85 recipes and frozen vegetable at 881. Source description: dairy product in All-Russian Classifier of Products. Measured before removal: zero corpus occurrences, zero recipe lines, zero dish cells, zero pairings, zero aliases. It carries 1 loaded edge as a child, in_category dairy-product, which goes with the row.",2026-09-17,,
wikidata,Q26882158,drop,,"⚠️ NOT CONSUMED, the library's inclusion test. docs/what-the-library-is-for.md asks one question of a row, does a person consume this. A CLASSIFIER LABEL from a product-classification scheme, Russian GOST and OKPD codes. It names a bucket of products, not a product, and it is the same class as the 20 classifier rows cut earlier in this pass. That sweep missed it. READ-CONFIRMED, not taken from the keyword rule, which returned 26 rows and would have cut gingerbread at 85 recipes and frozen vegetable at 881. Source description: dairy product in All-Russian Classifier of Products by Types of Economic Activity. Its stated parent Q26869408 was already cut in that sweep of 20, so half the family went and half stayed. ⚠️ THE ONE ROW OF THE FOUR THAT IS NOT ZERO-REFERENCE. It matched 9 times across 8 recipes and carries 34 pairing rows over 43 co-occurrences. Those were read before removal and they are a text mis-parse, an ingredient line reading cream, butter matched to the classifier label. The pairings are scattered noise with no coherent partner, egg at 3 and sour cream, onion, sugar, salt, chicken breast at 2. Removing the row releases 8 recipes from a wrong attribution rather than losing signal.",2026-09-17,,
wikidata,Q26844116,drop,,"⚠️ NOT CONSUMED, the library's inclusion test. docs/what-the-library-is-for.md asks one question of a row, does a person consume this. A CLASSIFIER LABEL from a product-classification scheme, Russian GOST and OKPD codes. It names a bucket of products, not a product, and it is the same class as the 20 classifier rows cut earlier in this pass. That sweep missed it. READ-CONFIRMED, not taken from the keyword rule, which returned 26 rows and would have cut gingerbread at 85 recipes and frozen vegetable at 881. Source description: product classification. Measured before removal: zero corpus occurrences, zero recipe lines, zero dish cells, zero pairings, zero aliases, zero loaded edges in either direction.",2026-09-17,,
wikidata,Q26883713,drop,,"⚠️ NOT CONSUMED, the library's inclusion test. docs/what-the-library-is-for.md asks one question of a row, does a person consume this. A CLASSIFIER LABEL from a product-classification scheme, Russian GOST and OKPD codes. It names a bucket of products, not a product, and it is the same class as the 20 classifier rows cut earlier in this pass. That sweep missed it. READ-CONFIRMED, not taken from the keyword rule, which returned 26 rows and would have cut gingerbread at 85 recipes and frozen vegetable at 881. Source description: Grouping of product types in OKPD (15.51.54) and OKPD2 (10.51.54). Measured before removal: zero corpus occurrences, zero recipe lines, zero dish cells, zero pairings, zero aliases, zero loaded edges in either direction.",2026-09-17,,
wikidata,Q103771696,drop,,"⚠️ NOT CONSUMED, the library's inclusion test. docs/what-the-library-is-for.md asks one question of a row, does a person consume this. Read in the Stage 2 Pass 3 triage of the zero-recipe rows. An enzyme or processing aid, a functional-class label, an industrial or laboratory material, a non-culinary oil, a retail bucket label, a non-food organism, a bare taxonomic rank, an article title or a brand. Named in previews/pass3-scoping.md. Stage 2 Pass 3.",2026-09-17,,
wikidata,Q10430528,drop,,"⚠️ NOT CONSUMED, the library's inclusion test. docs/what-the-library-is-for.md asks one question of a row, does a person consume this. Read in the Stage 2 Pass 3 triage of the zero-recipe rows. An enzyme or processing aid, a functional-class label, an industrial or laboratory material, a non-culinary oil, a retail bucket label, a non-food organism, a bare taxonomic rank, an article title or a brand. Named in previews/pass3-scoping.md. Stage 2 Pass 3.",2026-09-17,,
wikidata,Q10539708,drop,,"⚠️ NOT CONSUMED, the library's inclusion test. docs/what-the-library-is-for.md asks one question of a row, does a person consume this. Read in the Stage 2 Pass 3 triage of the zero-recipe rows. An enzyme or processing aid, a functional-class label, an industrial or laboratory material, a non-culinary oil, a retail bucket label, a non-food organism, a bare taxonomic rank, an article title or a brand. Named in previews/pass3-scoping.md. Stage 2 Pass 3.",2026-09-17,,
wikidata,Q106555712,drop,,"⚠️ NOT CONSUMED, the library's inclusion test. docs/what-the-library-is-for.md asks one question of a row, does a person consume this. Read in the Stage 2 Pass 3 triage of the zero-recipe rows. An enzyme or processing aid, a functional-class label, an industrial or laboratory material, a non-culinary oil, a retail bucket label, a non-food organism, a bare taxonomic rank, an article title or a brand. Named in previews/pass3-scoping.md. Stage 2 Pass 3.",2026-09-17,,
wikidata,Q106951023,drop,,"⚠️ NOT CONSUMED, the library's inclusion test. docs/what-the-library-is-for.md asks one question of a row, does a person consume this. Read in the Stage 2 Pass 3 triage of the zero-recipe rows. An enzyme or processing aid, a functional-class label, an industrial or laboratory material, a non-culinary oil, a retail bucket label, a non-food organism, a bare taxonomic rank, an article title or a brand. Named in previews/pass3-scoping.md. Stage 2 Pass 3.",2026-09-17,,
wikidata,Q107246606,drop,,"⚠️ NOT CONSUMED, the library's inclusion test. docs/what-the-library-is-for.md asks one question of a row, does a person consume this. A PER-SPECIES ARTIFACT. Wikidata carries one 'blood of X' row per animal and most have no cooking tradition behind them. A hoopoe is a protected wild bird. ⚠️ THE CULINARY BLOOD ROWS ARE KEPT, pig blood, lamb blood, rabbit blood, roe-deer blood, partridge blood, lamprey blood, game blood, blood curd and blodpudding, each with a real blood-dish tradition. Stage 2 Pass 3.",2026-09-17,,
wikidata,Q107246631,drop,,"⚠️ NOT CONSUMED, the library's inclusion test. docs/what-the-library-is-for.md asks one question of a row, does a person consume this. A PER-SPECIES ARTIFACT. Wikidata carries one 'blood of X' row per animal and most have no cooking tradition behind them. A hoopoe is a protected wild bird. ⚠️ THE CULINARY BLOOD ROWS ARE KEPT, pig blood, lamb blood, rabbit blood, roe-deer blood, partridge blood, lamprey blood, game blood, blood curd and blodpudding, each with a real blood-dish tradition. Stage 2 Pass 3.",2026-09-17,,
wikidata,Q107246653,drop,,"⚠️ NOT CONSUMED, the library's inclusion test. docs/what-the-library-is-for.md asks one question of a row, does a person consume this. A PER-SPECIES ARTIFACT. Wikidata carries one 'blood of X' row per animal and most have no cooking tradition behind them. A hoopoe is a protected wild bird. ⚠️ THE CULINARY BLOOD ROWS ARE KEPT, pig blood, lamb blood, rabbit blood, roe-deer blood, partridge blood, lamprey blood, game blood, blood curd and blodpudding, each with a real blood-dish tradition. Stage 2 Pass 3.",2026-09-17,,
wikidata,Q107246812,drop,,"⚠️ NOT CONSUMED, the library's inclusion test. docs/what-the-library-is-for.md asks one question of a row, does a person consume this. A PER-SPECIES ARTIFACT. Wikidata carries one 'blood of X' row per animal and most have no cooking tradition behind them. A hoopoe is a protected wild bird. ⚠️ THE CULINARY BLOOD ROWS ARE KEPT, pig blood, lamb blood, rabbit blood, roe-deer blood, partridge blood, lamprey blood, game blood, blood curd and blodpudding, each with a real blood-dish tradition. Stage 2 Pass 3.",2026-09-17,,
wikidata,Q107262072,drop,,"⚠️ NOT CONSUMED, the library's inclusion test. docs/what-the-library-is-for.md asks one question of a row, does a person consume this. Read in the Stage 2 Pass 3 triage of the zero-recipe rows. An enzyme or processing aid, a functional-class label, an industrial or laboratory material, a non-culinary oil, a retail bucket label, a non-food organism, a bare taxonomic rank, an article title or a brand. Named in previews/pass3-scoping.md. Stage 2 Pass 3.",2026-09-17,,
wikidata,Q10859018,drop,,"⚠️ NOT CONSUMED, the library's inclusion test. docs/what-the-library-is-for.md asks one question of a row, does a person consume this. Read in the Stage 2 Pass 3 triage of the zero-recipe rows. An enzyme or processing aid, a functional-class label, an industrial or laboratory material, a non-culinary oil, a retail bucket label, a non-food organism, a bare taxonomic rank, an article title or a brand. Named in previews/pass3-scoping.md. Stage 2 Pass 3.",2026-09-17,,
wikidata,Q10859028,drop,,"⚠️ NOT CONSUMED, the library's inclusion test. docs/what-the-library-is-for.md asks one question of a row, does a person consume this. Read in the Stage 2 Pass 3 triage of the zero-recipe rows. An enzyme or processing aid, a functional-class label, an industrial or laboratory material, a non-culinary oil, a retail bucket label, a non-food organism, a bare taxonomic rank, an article title or a brand. Named in previews/pass3-scoping.md. Stage 2 Pass 3.",2026-09-17,,
wikidata,Q110611170,drop,,"⚠️ NOT CONSUMED, the library's inclusion test. docs/what-the-library-is-for.md asks one question of a row, does a person consume this. A PER-SPECIES ARTIFACT. Wikidata carries one 'blood of X' row per animal and most have no cooking tradition behind them. A hoopoe is a protected wild bird. ⚠️ THE CULINARY BLOOD ROWS ARE KEPT, pig blood, lamb blood, rabbit blood, roe-deer blood, partridge blood, lamprey blood, game blood, blood curd and blodpudding, each with a real blood-dish tradition. Stage 2 Pass 3.",2026-09-17,,
wikidata,Q110627713,drop,,"⚠️ NOT CONSUMED, the library's inclusion test. docs/what-the-library-is-for.md asks one question of a row, does a person consume this. A PER-SPECIES ARTIFACT. Wikidata carries one 'blood of X' row per animal and most have no cooking tradition behind them. A hoopoe is a protected wild bird. ⚠️ THE CULINARY BLOOD ROWS ARE KEPT, pig blood, lamb blood, rabbit blood, roe-deer blood, partridge blood, lamprey blood, game blood, blood curd and blodpudding, each with a real blood-dish tradition. Stage 2 Pass 3.",2026-09-17,,
wikidata,Q115618429,drop,,"⚠️ NOT CONSUMED, the library's inclusion test. docs/what-the-library-is-for.md asks one question of a row, does a person consume this. Read in the Stage 2 Pass 3 triage of the zero-recipe rows. An enzyme or processing aid, a functional-class label, an industrial or laboratory material, a non-culinary oil, a retail bucket label, a non-food organism, a bare taxonomic rank, an article title or a brand. Named in previews/pass3-scoping.md. Stage 2 Pass 3.",2026-09-17,,
wikidata,Q115618505,drop,,"⚠️ NOT CONSUMED, the library's inclusion test. docs/what-the-library-is-for.md asks one question of a row, does a person consume this. A RETAIL PRODUCT CATEGORY, the same block already cut in this pass. It names a shelf, not a dough. Stage 2 Pass 3.",2026-09-17,,
wikidata,Q115618507,drop,,"⚠️ NOT CONSUMED, the library's inclusion test. docs/what-the-library-is-for.md asks one question of a row, does a person consume this. A RETAIL PRODUCT CATEGORY, the same block already cut in this pass. It names a shelf, not a dough. Stage 2 Pass 3.",2026-09-17,,
wikidata,Q115618523,drop,,"⚠️ NOT CONSUMED, the library's inclusion test. docs/what-the-library-is-for.md asks one question of a row, does a person consume this. Read in the Stage 2 Pass 3 triage of the zero-recipe rows. An enzyme or processing aid, a functional-class label, an industrial or laboratory material, a non-culinary oil, a retail bucket label, a non-food organism, a bare taxonomic rank, an article title or a brand. Named in previews/pass3-scoping.md. Stage 2 Pass 3.",2026-09-17,,
wikidata,Q115618750,drop,,"⚠️ NOT CONSUMED, the library's inclusion test. docs/what-the-library-is-for.md asks one question of a row, does a person consume this. Read in the Stage 2 Pass 3 triage of the zero-recipe rows. An enzyme or processing aid, a functional-class label, an industrial or laboratory material, a non-culinary oil, a retail bucket label, a non-food organism, a bare taxonomic rank, an article title or a brand. Named in previews/pass3-scoping.md. Stage 2 Pass 3.",2026-09-17,,
wikidata,Q115618818,drop,,"⚠️ NOT CONSUMED, the library's inclusion test. docs/what-the-library-is-for.md asks one question of a row, does a person consume this. Read in the Stage 2 Pass 3 triage of the zero-recipe rows. An enzyme or processing aid, a functional-class label, an industrial or laboratory material, a non-culinary oil, a retail bucket label, a non-food organism, a bare taxonomic rank, an article title or a brand. Named in previews/pass3-scoping.md. Stage 2 Pass 3.",2026-09-17,,
wikidata,Q115618827,drop,,"⚠️ NOT CONSUMED, the library's inclusion test. docs/what-the-library-is-for.md asks one question of a row, does a person consume this. Read in the Stage 2 Pass 3 triage of the zero-recipe rows. An enzyme or processing aid, a functional-class label, an industrial or laboratory material, a non-culinary oil, a retail bucket label, a non-food organism, a bare taxonomic rank, an article title or a brand. Named in previews/pass3-scoping.md. Stage 2 Pass 3.",2026-09-17,,
wikidata,Q115619069,drop,,"⚠️ NOT CONSUMED, the library's inclusion test. docs/what-the-library-is-for.md asks one question of a row, does a person consume this. Read in the Stage 2 Pass 3 triage of the zero-recipe rows. An enzyme or processing aid, a functional-class label, an industrial or laboratory material, a non-culinary oil, a retail bucket label, a non-food organism, a bare taxonomic rank, an article title or a brand. Named in previews/pass3-scoping.md. Stage 2 Pass 3.",2026-09-17,,
wikidata,Q115619076,drop,,"⚠️ NOT CONSUMED, the library's inclusion test. docs/what-the-library-is-for.md asks one question of a row, does a person consume this. Read in the Stage 2 Pass 3 triage of the zero-recipe rows. An enzyme or processing aid, a functional-class label, an industrial or laboratory material, a non-culinary oil, a retail bucket label, a non-food organism, a bare taxonomic rank, an article title or a brand. Named in previews/pass3-scoping.md. Stage 2 Pass 3.",2026-09-17,,
wikidata,Q115619082,drop,,"⚠️ NOT CONSUMED, the library's inclusion test. docs/what-the-library-is-for.md asks one question of a row, does a person consume this. Read in the Stage 2 Pass 3 triage of the zero-recipe rows. An enzyme or processing aid, a functional-class label, an industrial or laboratory material, a non-culinary oil, a retail bucket label, a non-food organism, a bare taxonomic rank, an article title or a brand. Named in previews/pass3-scoping.md. Stage 2 Pass 3.",2026-09-17,,
wikidata,Q1177598,drop,,"⚠️ NOT CONSUMED, the library's inclusion test. docs/what-the-library-is-for.md asks one question of a row, does a person consume this. Read in the Stage 2 Pass 3 triage of the zero-recipe rows. An enzyme or processing aid, a functional-class label, an industrial or laboratory material, a non-culinary oil, a retail bucket label, a non-food organism, a bare taxonomic rank, an article title or a brand. Named in previews/pass3-scoping.md. Stage 2 Pass 3.",2026-09-17,,
wikidata,Q118143103,drop,,"⚠️ NOT CONSUMED, the library's inclusion test. docs/what-the-library-is-for.md asks one question of a row, does a person consume this. ⚠️ A JUDGEMENT, NOT A RULE. Human milk passes the inclusion test as written, since a person does consume it. It is not a cooking ingredient and this is a recipe library, so it is out by Andy's call rather than by the rule. Recorded that way so the rule is not quietly rewritten. Stage 2 Pass 3.",2026-09-17,,
wikidata,Q118906653,drop,,"⚠️ NOT CONSUMED, the library's inclusion test. docs/what-the-library-is-for.md asks one question of a row, does a person consume this. Read in the Stage 2 Pass 3 triage of the zero-recipe rows. An enzyme or processing aid, a functional-class label, an industrial or laboratory material, a non-culinary oil, a retail bucket label, a non-food organism, a bare taxonomic rank, an article title or a brand. Named in previews/pass3-scoping.md. Stage 2 Pass 3.",2026-09-17,,
wikidata,Q1191138,drop,,"⚠️ NOT CONSUMED, the library's inclusion test. docs/what-the-library-is-for.md asks one question of a row, does a person consume this. Read in the Stage 2 Pass 3 triage of the zero-recipe rows. An enzyme or processing aid, a functional-class label, an industrial or laboratory material, a non-culinary oil, a retail bucket label, a non-food organism, a bare taxonomic rank, an article title or a brand. Named in previews/pass3-scoping.md. Stage 2 Pass 3.",2026-09-17,,
wikidata,Q12054311,drop,,"⚠️ NOT CONSUMED, the library's inclusion test. docs/what-the-library-is-for.md asks one question of a row, does a person consume this. Read in the Stage 2 Pass 3 triage of the zero-recipe rows. An enzyme or processing aid, a functional-class label, an industrial or laboratory material, a non-culinary oil, a retail bucket label, a non-food organism, a bare taxonomic rank, an article title or a brand. Named in previews/pass3-scoping.md. Stage 2 Pass 3.",2026-09-17,,
wikidata,Q124726328,drop,,"⚠️ NOT CONSUMED, the library's inclusion test. docs/what-the-library-is-for.md asks one question of a row, does a person consume this. ⚠️ A JUDGEMENT, NOT A RULE. Bushmeat is eaten in several regions, so the inclusion test as written admits it. Pangolin is the most trafficked mammal in the world and its trade is illegal under CITES. Out by Andy's call. Stage 2 Pass 3.",2026-09-17,,
wikidata,Q124738376,drop,,"⚠️ NOT CONSUMED, the library's inclusion test. docs/what-the-library-is-for.md asks one question of a row, does a person consume this. ⚠️ A JUDGEMENT, NOT A RULE. Bushmeat is eaten in several regions, so the inclusion test as written admits it. Pangolin is the most trafficked mammal in the world and its trade is illegal under CITES. Out by Andy's call. Stage 2 Pass 3.",2026-09-17,,
wikidata,Q125799818,drop,,"⚠️ NOT CONSUMED, the library's inclusion test. docs/what-the-library-is-for.md asks one question of a row, does a person consume this. Read in the Stage 2 Pass 3 triage of the zero-recipe rows. An enzyme or processing aid, a functional-class label, an industrial or laboratory material, a non-culinary oil, a retail bucket label, a non-food organism, a bare taxonomic rank, an article title or a brand. Named in previews/pass3-scoping.md. Stage 2 Pass 3.",2026-09-17,,
wikidata,Q13178610,drop,,"⚠️ NOT CONSUMED, the library's inclusion test. docs/what-the-library-is-for.md asks one question of a row, does a person consume this. A NAMING ARTIFACT. Its source description reads 'name: type of starch'. Stage 2 Pass 3.",2026-09-17,,
wikidata,Q133275294,drop,,"⚠️ NOT CONSUMED, the library's inclusion test. docs/what-the-library-is-for.md asks one question of a row, does a person consume this. ⚠️ A JUDGEMENT, NOT A RULE. Human milk passes the inclusion test as written, since a person does consume it. It is not a cooking ingredient and this is a recipe library, so it is out by Andy's call rather than by the rule. Recorded that way so the rule is not quietly rewritten. Stage 2 Pass 3.",2026-09-17,,
wikidata,Q133948,drop,,"⚠️ NOT CONSUMED, the library's inclusion test. docs/what-the-library-is-for.md asks one question of a row, does a person consume this. Read in the Stage 2 Pass 3 triage of the zero-recipe rows. An enzyme or processing aid, a functional-class label, an industrial or laboratory material, a non-culinary oil, a retail bucket label, a non-food organism, a bare taxonomic rank, an article title or a brand. Named in previews/pass3-scoping.md. Stage 2 Pass 3.",2026-09-17,,
wikidata,Q1367660,drop,,"⚠️ NOT CONSUMED, the library's inclusion test. docs/what-the-library-is-for.md asks one question of a row, does a person consume this. Read in the Stage 2 Pass 3 triage of the zero-recipe rows. An enzyme or processing aid, a functional-class label, an industrial or laboratory material, a non-culinary oil, a retail bucket label, a non-food organism, a bare taxonomic rank, an article title or a brand. Named in previews/pass3-scoping.md. Stage 2 Pass 3.",2026-09-17,,
wikidata,Q138710721,drop,,"⚠️ NOT CONSUMED, the library's inclusion test. docs/what-the-library-is-for.md asks one question of a row, does a person consume this. Read in the Stage 2 Pass 3 triage of the zero-recipe rows. An enzyme or processing aid, a functional-class label, an industrial or laboratory material, a non-culinary oil, a retail bucket label, a non-food organism, a bare taxonomic rank, an article title or a brand. Named in previews/pass3-scoping.md. Stage 2 Pass 3.",2026-09-17,,
wikidata,Q138710723,drop,,"⚠️ NOT CONSUMED, the library's inclusion test. docs/what-the-library-is-for.md asks one question of a row, does a person consume this. Read in the Stage 2 Pass 3 triage of the zero-recipe rows. An enzyme or processing aid, a functional-class label, an industrial or laboratory material, a non-culinary oil, a retail bucket label, a non-food organism, a bare taxonomic rank, an article title or a brand. Named in previews/pass3-scoping.md. Stage 2 Pass 3.",2026-09-17,,
wikidata,Q138710725,drop,,"⚠️ NOT CONSUMED, the library's inclusion test. docs/what-the-library-is-for.md asks one question of a row, does a person consume this. Read in the Stage 2 Pass 3 triage of the zero-recipe rows. An enzyme or processing aid, a functional-class label, an industrial or laboratory material, a non-culinary oil, a retail bucket label, a non-food organism, a bare taxonomic rank, an article title or a brand. Named in previews/pass3-scoping.md. Stage 2 Pass 3.",2026-09-17,,
wikidata,Q138710726,drop,,"⚠️ NOT CONSUMED, the library's inclusion test. docs/what-the-library-is-for.md asks one question of a row, does a person consume this. Read in the Stage 2 Pass 3 triage of the zero-recipe rows. An enzyme or processing aid, a functional-class label, an industrial or laboratory material, a non-culinary oil, a retail bucket label, a non-food organism, a bare taxonomic rank, an article title or a brand. Named in previews/pass3-scoping.md. Stage 2 Pass 3.",2026-09-17,,
wikidata,Q140367582,drop,,"⚠️ NOT CONSUMED, the library's inclusion test. docs/what-the-library-is-for.md asks one question of a row, does a person consume this. ⚠️ A JUDGEMENT, NOT A RULE. Human milk passes the inclusion test as written, since a person does consume it. It is not a cooking ingredient and this is a recipe library, so it is out by Andy's call rather than by the rule. Recorded that way so the rule is not quietly rewritten. Stage 2 Pass 3.",2026-09-17,,
wikidata,Q1414074,drop,,"⚠️ NOT CONSUMED, the library's inclusion test. docs/what-the-library-is-for.md asks one question of a row, does a person consume this. Read in the Stage 2 Pass 3 triage of the zero-recipe rows. An enzyme or processing aid, a functional-class label, an industrial or laboratory material, a non-culinary oil, a retail bucket label, a non-food organism, a bare taxonomic rank, an article title or a brand. Named in previews/pass3-scoping.md. Stage 2 Pass 3.",2026-09-17,,
wikidata,Q1442667,drop,,"⚠️ NOT CONSUMED, the library's inclusion test. docs/what-the-library-is-for.md asks one question of a row, does a person consume this. Read in the Stage 2 Pass 3 triage of the zero-recipe rows. An enzyme or processing aid, a functional-class label, an industrial or laboratory material, a non-culinary oil, a retail bucket label, a non-food organism, a bare taxonomic rank, an article title or a brand. Named in previews/pass3-scoping.md. Stage 2 Pass 3.",2026-09-17,,
wikidata,Q147316,drop,,"⚠️ NOT CONSUMED, the library's inclusion test. docs/what-the-library-is-for.md asks one question of a row, does a person consume this. Read in the Stage 2 Pass 3 triage of the zero-recipe rows. An enzyme or processing aid, a functional-class label, an industrial or laboratory material, a non-culinary oil, a retail bucket label, a non-food organism, a bare taxonomic rank, an article title or a brand. Named in previews/pass3-scoping.md. Stage 2 Pass 3.",2026-09-17,,
wikidata,Q166447,drop,,"⚠️ NOT CONSUMED, the library's inclusion test. docs/what-the-library-is-for.md asks one question of a row, does a person consume this. Read in the Stage 2 Pass 3 triage of the zero-recipe rows. An enzyme or processing aid, a functional-class label, an industrial or laboratory material, a non-culinary oil, a retail bucket label, a non-food organism, a bare taxonomic rank, an article title or a brand. Named in previews/pass3-scoping.md. Stage 2 Pass 3.",2026-09-17,,
wikidata,Q1670403,drop,,"⚠️ NOT CONSUMED, the library's inclusion test. docs/what-the-library-is-for.md asks one question of a row, does a person consume this. Read in the Stage 2 Pass 3 triage of the zero-recipe rows. An enzyme or processing aid, a functional-class label, an industrial or laboratory material, a non-culinary oil, a retail bucket label, a non-food organism, a bare taxonomic rank, an article title or a brand. Named in previews/pass3-scoping.md. Stage 2 Pass 3.",2026-09-17,,
wikidata,Q17067753,drop,,"⚠️ NOT CONSUMED, the library's inclusion test. docs/what-the-library-is-for.md asks one question of a row, does a person consume this. ⚠️ A JUDGEMENT, NOT A RULE. Bushmeat is eaten in several regions, so the inclusion test as written admits it. Pangolin is the most trafficked mammal in the world and its trade is illegal under CITES. Out by Andy's call. Stage 2 Pass 3.",2026-09-17,,
wikidata,Q1762933,drop,,"⚠️ NOT CONSUMED, the library's inclusion test. docs/what-the-library-is-for.md asks one question of a row, does a person consume this. THE CATCH-ALL dropped as a parent in Pass 2, here as a child. Every one of its 16 children had a better parent on offer and it carried bulgur, which is cracked wheat. Stage 2 Pass 3.",2026-09-17,,
wikidata,Q18012466,drop,,"⚠️ NOT CONSUMED, the library's inclusion test. docs/what-the-library-is-for.md asks one question of a row, does a person consume this. Read in the Stage 2 Pass 3 triage of the zero-recipe rows. An enzyme or processing aid, a functional-class label, an industrial or laboratory material, a non-culinary oil, a retail bucket label, a non-food organism, a bare taxonomic rank, an article title or a brand. Named in previews/pass3-scoping.md. Stage 2 Pass 3.",2026-09-17,,
wikidata,Q2069402,drop,,"⚠️ NOT CONSUMED, the library's inclusion test. docs/what-the-library-is-for.md asks one question of a row, does a person consume this. Read in the Stage 2 Pass 3 triage of the zero-recipe rows. An enzyme or processing aid, a functional-class label, an industrial or laboratory material, a non-culinary oil, a retail bucket label, a non-food organism, a bare taxonomic rank, an article title or a brand. Named in previews/pass3-scoping.md. Stage 2 Pass 3.",2026-09-17,,
wikidata,Q2191894,drop,,"⚠️ NOT CONSUMED, the library's inclusion test. docs/what-the-library-is-for.md asks one question of a row, does a person consume this. Read in the Stage 2 Pass 3 triage of the zero-recipe rows. An enzyme or processing aid, a functional-class label, an industrial or laboratory material, a non-culinary oil, a retail bucket label, a non-food organism, a bare taxonomic rank, an article title or a brand. Named in previews/pass3-scoping.md. Stage 2 Pass 3.",2026-09-17,,
wikidata,Q22691,drop,,"⚠️ NOT CONSUMED, the library's inclusion test. docs/what-the-library-is-for.md asks one question of a row, does a person consume this. Read in the Stage 2 Pass 3 triage of the zero-recipe rows. An enzyme or processing aid, a functional-class label, an industrial or laboratory material, a non-culinary oil, a retail bucket label, a non-food organism, a bare taxonomic rank, an article title or a brand. Named in previews/pass3-scoping.md. Stage 2 Pass 3.",2026-09-17,,
wikidata,Q2441967,drop,,"⚠️ NOT CONSUMED, the library's inclusion test. docs/what-the-library-is-for.md asks one question of a row, does a person consume this. ⚠️ A JUDGEMENT, NOT A RULE. Human milk passes the inclusion test as written, since a person does consume it. It is not a cooking ingredient and this is a recipe library, so it is out by Andy's call rather than by the rule. Recorded that way so the rule is not quietly rewritten. Stage 2 Pass 3.",2026-09-17,,
wikidata,Q2540636,drop,,"⚠️ NOT CONSUMED, the library's inclusion test. docs/what-the-library-is-for.md asks one question of a row, does a person consume this. Read in the Stage 2 Pass 3 triage of the zero-recipe rows. An enzyme or processing aid, a functional-class label, an industrial or laboratory material, a non-culinary oil, a retail bucket label, a non-food organism, a bare taxonomic rank, an article title or a brand. Named in previews/pass3-scoping.md. Stage 2 Pass 3.",2026-09-17,,
wikidata,Q2597010,drop,,"⚠️ NOT CONSUMED, the library's inclusion test. docs/what-the-library-is-for.md asks one question of a row, does a person consume this. Read in the Stage 2 Pass 3 triage of the zero-recipe rows. An enzyme or processing aid, a functional-class label, an industrial or laboratory material, a non-culinary oil, a retail bucket label, a non-food organism, a bare taxonomic rank, an article title or a brand. Named in previews/pass3-scoping.md. Stage 2 Pass 3.",2026-09-17,,
wikidata,Q27149745,drop,,"⚠️ NOT CONSUMED, the library's inclusion test. docs/what-the-library-is-for.md asks one question of a row, does a person consume this. Read in the Stage 2 Pass 3 triage of the zero-recipe rows. An enzyme or processing aid, a functional-class label, an industrial or laboratory material, a non-culinary oil, a retail bucket label, a non-food organism, a bare taxonomic rank, an article title or a brand. Named in previews/pass3-scoping.md. Stage 2 Pass 3.",2026-09-17,,
wikidata,Q27257302,drop,,"⚠️ NOT CONSUMED, the library's inclusion test. docs/what-the-library-is-for.md asks one question of a row, does a person consume this. Read in the Stage 2 Pass 3 triage of the zero-recipe rows. An enzyme or processing aid, a functional-class label, an industrial or laboratory material, a non-culinary oil, a retail bucket label, a non-food organism, a bare taxonomic rank, an article title or a brand. Named in previews/pass3-scoping.md. Stage 2 Pass 3.",2026-09-17,,
wikidata,Q27272051,drop,,"⚠️ NOT CONSUMED, the library's inclusion test. docs/what-the-library-is-for.md asks one question of a row, does a person consume this. Read in the Stage 2 Pass 3 triage of the zero-recipe rows. An enzyme or processing aid, a functional-class label, an industrial or laboratory material, a non-culinary oil, a retail bucket label, a non-food organism, a bare taxonomic rank, an article title or a brand. Named in previews/pass3-scoping.md. Stage 2 Pass 3.",2026-09-17,,
wikidata,Q2743523,drop,,"⚠️ NOT CONSUMED, the library's inclusion test. docs/what-the-library-is-for.md asks one question of a row, does a person consume this. ⚠️ A JUDGEMENT, NOT A RULE. Human milk passes the inclusion test as written, since a person does consume it. It is not a cooking ingredient and this is a recipe library, so it is out by Andy's call rather than by the rule. Recorded that way so the rule is not quietly rewritten. Stage 2 Pass 3.",2026-09-17,,
wikidata,Q2839456,drop,,"⚠️ NOT CONSUMED, the library's inclusion test. docs/what-the-library-is-for.md asks one question of a row, does a person consume this. Read in the Stage 2 Pass 3 triage of the zero-recipe rows. An enzyme or processing aid, a functional-class label, an industrial or laboratory material, a non-culinary oil, a retail bucket label, a non-food organism, a bare taxonomic rank, an article title or a brand. Named in previews/pass3-scoping.md. Stage 2 Pass 3.",2026-09-17,,
wikidata,Q286379,drop,,"⚠️ NOT CONSUMED, the library's inclusion test. docs/what-the-library-is-for.md asks one question of a row, does a person consume this. Read in the Stage 2 Pass 3 triage of the zero-recipe rows. An enzyme or processing aid, a functional-class label, an industrial or laboratory material, a non-culinary oil, a retail bucket label, a non-food organism, a bare taxonomic rank, an article title or a brand. Named in previews/pass3-scoping.md. Stage 2 Pass 3.",2026-09-17,,
wikidata,Q3043479,drop,,"⚠️ NOT CONSUMED, the library's inclusion test. docs/what-the-library-is-for.md asks one question of a row, does a person consume this. ⚠️ A JUDGEMENT, NOT A RULE. Human milk passes the inclusion test as written, since a person does consume it. It is not a cooking ingredient and this is a recipe library, so it is out by Andy's call rather than by the rule. Recorded that way so the rule is not quietly rewritten. Stage 2 Pass 3.",2026-09-17,,
wikidata,Q30682876,drop,,"⚠️ NOT CONSUMED, the library's inclusion test. docs/what-the-library-is-for.md asks one question of a row, does a person consume this. ⚠️ A JUDGEMENT, NOT A RULE. Bushmeat is eaten in several regions, so the inclusion test as written admits it. Pangolin is the most trafficked mammal in the world and its trade is illegal under CITES. Out by Andy's call. Stage 2 Pass 3.",2026-09-17,,
wikidata,Q410324,drop,,"⚠️ NOT CONSUMED, the library's inclusion test. docs/what-the-library-is-for.md asks one question of a row, does a person consume this. Read in the Stage 2 Pass 3 triage of the zero-recipe rows. An enzyme or processing aid, a functional-class label, an industrial or laboratory material, a non-culinary oil, a retail bucket label, a non-food organism, a bare taxonomic rank, an article title or a brand. Named in previews/pass3-scoping.md. Stage 2 Pass 3.",2026-09-17,,
wikidata,Q410776,drop,,"⚠️ NOT CONSUMED, the library's inclusion test. docs/what-the-library-is-for.md asks one question of a row, does a person consume this. Read in the Stage 2 Pass 3 triage of the zero-recipe rows. An enzyme or processing aid, a functional-class label, an industrial or laboratory material, a non-culinary oil, a retail bucket label, a non-food organism, a bare taxonomic rank, an article title or a brand. Named in previews/pass3-scoping.md. Stage 2 Pass 3.",2026-09-17,,
wikidata,Q4120933,drop,,"⚠️ NOT CONSUMED, the library's inclusion test. docs/what-the-library-is-for.md asks one question of a row, does a person consume this. Read in the Stage 2 Pass 3 triage of the zero-recipe rows. An enzyme or processing aid, a functional-class label, an industrial or laboratory material, a non-culinary oil, a retail bucket label, a non-food organism, a bare taxonomic rank, an article title or a brand. Named in previews/pass3-scoping.md. Stage 2 Pass 3.",2026-09-17,,
wikidata,Q415766,drop,,"⚠️ NOT CONSUMED, the library's inclusion test. docs/what-the-library-is-for.md asks one question of a row, does a person consume this. Read in the Stage 2 Pass 3 triage of the zero-recipe rows. An enzyme or processing aid, a functional-class label, an industrial or laboratory material, a non-culinary oil, a retail bucket label, a non-food organism, a bare taxonomic rank, an article title or a brand. Named in previews/pass3-scoping.md. Stage 2 Pass 3.",2026-09-17,,
wikidata,Q419321,drop,,"⚠️ NOT CONSUMED, the library's inclusion test. docs/what-the-library-is-for.md asks one question of a row, does a person consume this. Read in the Stage 2 Pass 3 triage of the zero-recipe rows. An enzyme or processing aid, a functional-class label, an industrial or laboratory material, a non-culinary oil, a retail bucket label, a non-food organism, a bare taxonomic rank, an article title or a brand. Named in previews/pass3-scoping.md. Stage 2 Pass 3.",2026-09-17,,
wikidata,Q419693,drop,,"⚠️ NOT CONSUMED, the library's inclusion test. docs/what-the-library-is-for.md asks one question of a row, does a person consume this. Read in the Stage 2 Pass 3 triage of the zero-recipe rows. An enzyme or processing aid, a functional-class label, an industrial or laboratory material, a non-culinary oil, a retail bucket label, a non-food organism, a bare taxonomic rank, an article title or a brand. Named in previews/pass3-scoping.md. Stage 2 Pass 3.",2026-09-17,,
wikidata,Q4251973,drop,,"⚠️ NOT CONSUMED, the library's inclusion test. docs/what-the-library-is-for.md asks one question of a row, does a person consume this. Read in the Stage 2 Pass 3 triage of the zero-recipe rows. An enzyme or processing aid, a functional-class label, an industrial or laboratory material, a non-culinary oil, a retail bucket label, a non-food organism, a bare taxonomic rank, an article title or a brand. Named in previews/pass3-scoping.md. Stage 2 Pass 3.",2026-09-17,,
wikidata,Q460439,drop,,"⚠️ NOT CONSUMED, the library's inclusion test. docs/what-the-library-is-for.md asks one question of a row, does a person consume this. Read in the Stage 2 Pass 3 triage of the zero-recipe rows. An enzyme or processing aid, a functional-class label, an industrial or laboratory material, a non-culinary oil, a retail bucket label, a non-food organism, a bare taxonomic rank, an article title or a brand. Named in previews/pass3-scoping.md. Stage 2 Pass 3.",2026-09-17,,
wikidata,Q47153802,drop,,"⚠️ NOT CONSUMED, the library's inclusion test. docs/what-the-library-is-for.md asks one question of a row, does a person consume this. ⚠️ A JUDGEMENT, NOT A RULE. Human milk passes the inclusion test as written, since a person does consume it. It is not a cooking ingredient and this is a recipe library, so it is out by Andy's call rather than by the rule. Recorded that way so the rule is not quietly rewritten. Stage 2 Pass 3.",2026-09-17,,
wikidata,Q47164004,drop,,"⚠️ NOT CONSUMED, the library's inclusion test. docs/what-the-library-is-for.md asks one question of a row, does a person consume this. Read in the Stage 2 Pass 3 triage of the zero-recipe rows. An enzyme or processing aid, a functional-class label, an industrial or laboratory material, a non-culinary oil, a retail bucket label, a non-food organism, a bare taxonomic rank, an article title or a brand. Named in previews/pass3-scoping.md. Stage 2 Pass 3.",2026-09-17,,
wikidata,Q49115937,drop,,"⚠️ NOT CONSUMED, the library's inclusion test. docs/what-the-library-is-for.md asks one question of a row, does a person consume this. Read in the Stage 2 Pass 3 triage of the zero-recipe rows. An enzyme or processing aid, a functional-class label, an industrial or laboratory material, a non-culinary oil, a retail bucket label, a non-food organism, a bare taxonomic rank, an article title or a brand. Named in previews/pass3-scoping.md. Stage 2 Pass 3.",2026-09-17,,
wikidata,Q49116024,drop,,"⚠️ NOT CONSUMED, the library's inclusion test. docs/what-the-library-is-for.md asks one question of a row, does a person consume this. Read in the Stage 2 Pass 3 triage of the zero-recipe rows. An enzyme or processing aid, a functional-class label, an industrial or laboratory material, a non-culinary oil, a retail bucket label, a non-food organism, a bare taxonomic rank, an article title or a brand. Named in previews/pass3-scoping.md. Stage 2 Pass 3.",2026-09-17,,
wikidata,Q49118792,drop,,"⚠️ NOT CONSUMED, the library's inclusion test. docs/what-the-library-is-for.md asks one question of a row, does a person consume this. Read in the Stage 2 Pass 3 triage of the zero-recipe rows. An enzyme or processing aid, a functional-class label, an industrial or laboratory material, a non-culinary oil, a retail bucket label, a non-food organism, a bare taxonomic rank, an article title or a brand. Named in previews/pass3-scoping.md. Stage 2 Pass 3.",2026-09-17,,
wikidata,Q49118869,drop,,"⚠️ NOT CONSUMED, the library's inclusion test. docs/what-the-library-is-for.md asks one question of a row, does a person consume this. Read in the Stage 2 Pass 3 triage of the zero-recipe rows. An enzyme or processing aid, a functional-class label, an industrial or laboratory material, a non-culinary oil, a retail bucket label, a non-food organism, a bare taxonomic rank, an article title or a brand. Named in previews/pass3-scoping.md. Stage 2 Pass 3.",2026-09-17,,
wikidata,Q49118972,drop,,"⚠️ NOT CONSUMED, the library's inclusion test. docs/what-the-library-is-for.md asks one question of a row, does a person consume this. Read in the Stage 2 Pass 3 triage of the zero-recipe rows. An enzyme or processing aid, a functional-class label, an industrial or laboratory material, a non-culinary oil, a retail bucket label, a non-food organism, a bare taxonomic rank, an article title or a brand. Named in previews/pass3-scoping.md. Stage 2 Pass 3.",2026-09-17,,
wikidata,Q49126019,drop,,"⚠️ NOT CONSUMED, the library's inclusion test. docs/what-the-library-is-for.md asks one question of a row, does a person consume this. Read in the Stage 2 Pass 3 triage of the zero-recipe rows. An enzyme or processing aid, a functional-class label, an industrial or laboratory material, a non-culinary oil, a retail bucket label, a non-food organism, a bare taxonomic rank, an article title or a brand. Named in previews/pass3-scoping.md. Stage 2 Pass 3.",2026-09-17,,
wikidata,Q49126136,drop,,"⚠️ NOT CONSUMED, the library's inclusion test. docs/what-the-library-is-for.md asks one question of a row, does a person consume this. Read in the Stage 2 Pass 3 triage of the zero-recipe rows. An enzyme or processing aid, a functional-class label, an industrial or laboratory material, a non-culinary oil, a retail bucket label, a non-food organism, a bare taxonomic rank, an article title or a brand. Named in previews/pass3-scoping.md. Stage 2 Pass 3.",2026-09-17,,
wikidata,Q49126219,drop,,"⚠️ NOT CONSUMED, the library's inclusion test. docs/what-the-library-is-for.md asks one question of a row, does a person consume this. Read in the Stage 2 Pass 3 triage of the zero-recipe rows. An enzyme or processing aid, a functional-class label, an industrial or laboratory material, a non-culinary oil, a retail bucket label, a non-food organism, a bare taxonomic rank, an article title or a brand. Named in previews/pass3-scoping.md. Stage 2 Pass 3.",2026-09-17,,
wikidata,Q505199,drop,,"⚠️ NOT CONSUMED, the library's inclusion test. docs/what-the-library-is-for.md asks one question of a row, does a person consume this. Read in the Stage 2 Pass 3 triage of the zero-recipe rows. An enzyme or processing aid, a functional-class label, an industrial or laboratory material, a non-culinary oil, a retail bucket label, a non-food organism, a bare taxonomic rank, an article title or a brand. Named in previews/pass3-scoping.md. Stage 2 Pass 3.",2026-09-17,,
wikidata,Q5142277,drop,,"⚠️ NOT CONSUMED, the library's inclusion test. docs/what-the-library-is-for.md asks one question of a row, does a person consume this. A TERM, not a thing. Its source description reads 'term describing citrus with increased frost tolerance'. Stage 2 Pass 3.",2026-09-17,,
wikidata,Q60569871,drop,,"⚠️ NOT CONSUMED, the library's inclusion test. docs/what-the-library-is-for.md asks one question of a row, does a person consume this. Read in the Stage 2 Pass 3 triage of the zero-recipe rows. An enzyme or processing aid, a functional-class label, an industrial or laboratory material, a non-culinary oil, a retail bucket label, a non-food organism, a bare taxonomic rank, an article title or a brand. Named in previews/pass3-scoping.md. Stage 2 Pass 3.",2026-09-17,,
wikidata,Q7104098,drop,,"⚠️ NOT CONSUMED, the library's inclusion test. docs/what-the-library-is-for.md asks one question of a row, does a person consume this. Read in the Stage 2 Pass 3 triage of the zero-recipe rows. An enzyme or processing aid, a functional-class label, an industrial or laboratory material, a non-culinary oil, a retail bucket label, a non-food organism, a bare taxonomic rank, an article title or a brand. Named in previews/pass3-scoping.md. Stage 2 Pass 3.",2026-09-17,,
wikidata,Q72507047,drop,,"⚠️ NOT CONSUMED, the library's inclusion test. docs/what-the-library-is-for.md asks one question of a row, does a person consume this. Read in the Stage 2 Pass 3 triage of the zero-recipe rows. An enzyme or processing aid, a functional-class label, an industrial or laboratory material, a non-culinary oil, a retail bucket label, a non-food organism, a bare taxonomic rank, an article title or a brand. Named in previews/pass3-scoping.md. Stage 2 Pass 3.",2026-09-17,,
wikidata,Q7595716,drop,,"⚠️ NOT CONSUMED, the library's inclusion test. docs/what-the-library-is-for.md asks one question of a row, does a person consume this. Read in the Stage 2 Pass 3 triage of the zero-recipe rows. An enzyme or processing aid, a functional-class label, an industrial or laboratory material, a non-culinary oil, a retail bucket label, a non-food organism, a bare taxonomic rank, an article title or a brand. Named in previews/pass3-scoping.md. Stage 2 Pass 3.",2026-09-17,,
wikidata,Q798358,drop,,"⚠️ NOT CONSUMED, the library's inclusion test. docs/what-the-library-is-for.md asks one question of a row, does a person consume this. Read in the Stage 2 Pass 3 triage of the zero-recipe rows. An enzyme or processing aid, a functional-class label, an industrial or laboratory material, a non-culinary oil, a retail bucket label, a non-food organism, a bare taxonomic rank, an article title or a brand. Named in previews/pass3-scoping.md. Stage 2 Pass 3.",2026-09-17,,
wikidata,Q857162,drop,,"⚠️ NOT CONSUMED, the library's inclusion test. docs/what-the-library-is-for.md asks one question of a row, does a person consume this. Read in the Stage 2 Pass 3 triage of the zero-recipe rows. An enzyme or processing aid, a functional-class label, an industrial or laboratory material, a non-culinary oil, a retail bucket label, a non-food organism, a bare taxonomic rank, an article title or a brand. Named in previews/pass3-scoping.md. Stage 2 Pass 3.",2026-09-17,,
wikidata,Q85978196,drop,,"⚠️ NOT CONSUMED, the library's inclusion test. docs/what-the-library-is-for.md asks one question of a row, does a person consume this. ⚠️ A JUDGEMENT, NOT A RULE. Bushmeat is eaten in several regions, so the inclusion test as written admits it. Pangolin is the most trafficked mammal in the world and its trade is illegal under CITES. Out by Andy's call. Stage 2 Pass 3.",2026-09-17,,
wikidata,Q906404,drop,,"⚠️ NOT CONSUMED, the library's inclusion test. docs/what-the-library-is-for.md asks one question of a row, does a person consume this. Read in the Stage 2 Pass 3 triage of the zero-recipe rows. An enzyme or processing aid, a functional-class label, an industrial or laboratory material, a non-culinary oil, a retail bucket label, a non-food organism, a bare taxonomic rank, an article title or a brand. Named in previews/pass3-scoping.md. Stage 2 Pass 3.",2026-09-17,,
wikidata,Q9338177,drop,,"⚠️ NOT CONSUMED, the library's inclusion test. docs/what-the-library-is-for.md asks one question of a row, does a person consume this. Read in the Stage 2 Pass 3 triage of the zero-recipe rows. An enzyme or processing aid, a functional-class label, an industrial or laboratory material, a non-culinary oil, a retail bucket label, a non-food organism, a bare taxonomic rank, an article title or a brand. Named in previews/pass3-scoping.md. Stage 2 Pass 3.",2026-09-17,,
wikidata,Q94962746,drop,,"⚠️ NOT CONSUMED, the library's inclusion test. docs/what-the-library-is-for.md asks one question of a row, does a person consume this. Read in the Stage 2 Pass 3 triage of the zero-recipe rows. An enzyme or processing aid, a functional-class label, an industrial or laboratory material, a non-culinary oil, a retail bucket label, a non-food organism, a bare taxonomic rank, an article title or a brand. Named in previews/pass3-scoping.md. Stage 2 Pass 3.",2026-09-17,,
wikidata,Q94962774,drop,,"⚠️ NOT CONSUMED, the library's inclusion test. docs/what-the-library-is-for.md asks one question of a row, does a person consume this. Read in the Stage 2 Pass 3 triage of the zero-recipe rows. An enzyme or processing aid, a functional-class label, an industrial or laboratory material, a non-culinary oil, a retail bucket label, a non-food organism, a bare taxonomic rank, an article title or a brand. Named in previews/pass3-scoping.md. Stage 2 Pass 3.",2026-09-17,,
wikidata,Q94962789,drop,,"⚠️ NOT CONSUMED, the library's inclusion test. docs/what-the-library-is-for.md asks one question of a row, does a person consume this. Read in the Stage 2 Pass 3 triage of the zero-recipe rows. An enzyme or processing aid, a functional-class label, an industrial or laboratory material, a non-culinary oil, a retail bucket label, a non-food organism, a bare taxonomic rank, an article title or a brand. Named in previews/pass3-scoping.md. Stage 2 Pass 3.",2026-09-17,,
wikidata,Q96898884,drop,,"⚠️ NOT CONSUMED, the library's inclusion test. docs/what-the-library-is-for.md asks one question of a row, does a person consume this. Read in the Stage 2 Pass 3 triage of the zero-recipe rows. An enzyme or processing aid, a functional-class label, an industrial or laboratory material, a non-culinary oil, a retail bucket label, a non-food organism, a bare taxonomic rank, an article title or a brand. Named in previews/pass3-scoping.md. Stage 2 Pass 3.",2026-09-17,,
wikidata,Q96898943,drop,,"⚠️ NOT CONSUMED, the library's inclusion test. docs/what-the-library-is-for.md asks one question of a row, does a person consume this. Read in the Stage 2 Pass 3 triage of the zero-recipe rows. An enzyme or processing aid, a functional-class label, an industrial or laboratory material, a non-culinary oil, a retail bucket label, a non-food organism, a bare taxonomic rank, an article title or a brand. Named in previews/pass3-scoping.md. Stage 2 Pass 3.",2026-09-17,,
wikidata,Q96898947,drop,,"⚠️ NOT CONSUMED, the library's inclusion test. docs/what-the-library-is-for.md asks one question of a row, does a person consume this. Read in the Stage 2 Pass 3 triage of the zero-recipe rows. An enzyme or processing aid, a functional-class label, an industrial or laboratory material, a non-culinary oil, a retail bucket label, a non-food organism, a bare taxonomic rank, an article title or a brand. Named in previews/pass3-scoping.md. Stage 2 Pass 3.",2026-09-17,,
wikidata,Q98164561,drop,,"⚠️ NOT CONSUMED, the library's inclusion test. docs/what-the-library-is-for.md asks one question of a row, does a person consume this. Read in the Stage 2 Pass 3 triage of the zero-recipe rows. An enzyme or processing aid, a functional-class label, an industrial or laboratory material, a non-culinary oil, a retail bucket label, a non-food organism, a bare taxonomic rank, an article title or a brand. Named in previews/pass3-scoping.md. Stage 2 Pass 3.",2026-09-17,,
wikidata,Q98215018,drop,,"⚠️ NOT CONSUMED, the library's inclusion test. docs/what-the-library-is-for.md asks one question of a row, does a person consume this. Read in the Stage 2 Pass 3 triage of the zero-recipe rows. An enzyme or processing aid, a functional-class label, an industrial or laboratory material, a non-culinary oil, a retail bucket label, a non-food organism, a bare taxonomic rank, an article title or a brand. Named in previews/pass3-scoping.md. Stage 2 Pass 3.",2026-09-17,,
wikidata,Q98280580,drop,,"⚠️ NOT CONSUMED, the library's inclusion test. docs/what-the-library-is-for.md asks one question of a row, does a person consume this. Read in the Stage 2 Pass 3 triage of the zero-recipe rows. An enzyme or processing aid, a functional-class label, an industrial or laboratory material, a non-culinary oil, a retail bucket label, a non-food organism, a bare taxonomic rank, an article title or a brand. Named in previews/pass3-scoping.md. Stage 2 Pass 3.",2026-09-17,,
wikidata,Q994945,drop,,"⚠️ NOT CONSUMED, the library's inclusion test. docs/what-the-library-is-for.md asks one question of a row, does a person consume this. Read in the Stage 2 Pass 3 triage of the zero-recipe rows. An enzyme or processing aid, a functional-class label, an industrial or laboratory material, a non-culinary oil, a retail bucket label, a non-food organism, a bare taxonomic rank, an article title or a brand. Named in previews/pass3-scoping.md. Stage 2 Pass 3.",2026-09-17,,
